tract2010,AFD - Wildfire Concern / Presentation,ARR Brush and Bulk,ARR Dead Animal Collection,ARR Dumpster,ARR Missed Recycling,ARR Missed Yard Trimmings /Organics,ARR Missed Yard Trimmings/Compost,ARR Street Sweeping,ATD - Booting Complaint,AW - Water Theft Report,AW - Water Waste Report,Alley & Unpaved Street Maintenance,Animal - Proper Care,Animal Bite,Animal Control - Assistance Request,Animal In Vehicle,Animal Roadside Sales,Animal Trapped in Storm Drain,Aquatics Hotline Inquiry,Austin Code - Construction Ordinance SR,Austin Code - Construction Rest Break Complaint,Austin Code - Request Code Officer,Austin Code - Short Term Rental (STR) Appointment,Austin Code - Short Term Rental Complaint SR,Austin Code - Signs/Billboards,Austin Code - Woodridge Apt,Barricade Request,Basic Needs - Appointment,Basic Needs - Information Referral,Bat Complaint,Bicycle Issues,Bridge Repair,Channels/Creeks/Drainage Easement,Code Compliance,Code Compliance - Short Term Rental (STR) Appointment,Code Compliance - Signs/Billboards,Concerns in the ROW,Construction Items in ROW,Construction Items- ROW,Construction Ordinance SR,Construction items in ROW,Construction/Permitting- ROW,Coyote Complaints,Creek & Pond Vegetation Control,Curb/Gutter Repair,Dangerous Animal - Except Dogs,Dangerous/Vicious Dog Investigation,Dead Bird,Debris in Street,Ditch/Driveway Pipe Services,Dockless Mobility,Drainage - Miscellaneous,EV PIE Station Issues,EV PIP Residential Rebate,Emergency Road Closure Report,Fence Repair - MOPAC,Fence/Wall Repair,Filming Permit - ROW,Flood Report,Flooding  Current (Non-Emergency),Flooding - Past,Flooding - Storms After Business Hours,Flooding - Storms During Business Hours,Found Animal - Pick Up,Found Animal Report - Keep,Graffiti Abatement,Guardrail - New,Guardrail New/Repair,Guardrail Repair,Heat Advisory,Injured / Sick Animal,Lane/Road Closure Notification,LeadSmart Program,Loose Animal (not dog),Loose Animal Not Dog,Loose Dog,Lost Item in Storm Drainage System,Loud Commercial Music,Loud Music,Mowing City Parks,Mowing Medians,Neighborhood Home Programs,Newspaper Rack- ROW,Obstruction - Urban Forestry,Obstruction in ROW,Ordinance Single-Use Carryout Bags,Ordinance Universal Recycling,Park Maintenance - Building A/C & Heating Issues,Park Maintenance - Building Electrical Issues,Park Maintenance - Building Issues,Park Maintenance - Building Plumbing Issues,Park Maintenance - Cemeteries,Park Maintenance - Grounds,Park Maintenance - Grounds Electrical Issues,Park Maintenance - Grounds Plumbing Issues,Park Maintenance - Pool Issues,Parking Machine Issue,Parking Permit- ROW,Parking Ticket Complaint,Parking Violation Enforcement,Pavement Failure,Pothole Repair,Public Health - Environmental Services - City,Public Health - Environmental Services - County,Public Health - Graffiti Abatement,Residential Parking Permit Enforcement,Road Markings/Striping - Maintenance,Road Markings/Striping - New,Road Sanding Request,Roadway Spillage,School Issues - Crossing Guards,School Zone - New/Review/Changes,School Zone Flasher - Timing/Maintenance,Shared Micromobility,Short Term Rental Complaint SR,Sidewalk Repair,Sidewalk/Curb Ramp/Route - NEW,Sign - New,Sign - Parking Sign Maintenance,Sign - School Zone Sign Maintenance,Sign - Street Name,Sign - Traffic Sign Emergency,Sign - Traffic Sign Maintenance,Speed Limit - Changes/Signs,Standing Water,Storm Drain Pipe Services,Street Light Issue- Address,Street Light Issue- Multiple poles/multiple streets,Street Lights New,Street Resurfacing,Street Resurfacing Inquiry,Traffic Calming,Traffic Engineering - General,Traffic Engineering - Jurisdiction Issue,Traffic Signal - Dig Tess Request,Traffic Signal - Maintenance,Traffic Signal - New/Change,Tree Issue ROW,Tree Issue ROW/Emergency (PARD),Tree Issue ROW/Emergency (PW),Tree Issue ROW/Maintenance (PARD),Tree Issue ROW/Maintenance (PW),Utility Coordination - ROW,Valet Permit - ROW,Vendor Permit - ROW,View Obstruction at Intersection,Water Theft Report,Water Waste Report,Wildlife Exposure,zCoyote Complaints,zz - Coyote Compliants
48209010901,0,2,0,0,38,0,7,0,0,0,0,0,0,0,0,0,0,0,0,0,0,9,0,0,0,0,0,0,0,0,0,0,0,0,0,0,1,0,0,0,1,0,0,0,0,0,0,0,0,0,0,0,0,0,0,0,0,0,0,1,0,0,0,0,0,0,0,0,0,0,1,1,0,0,0,0,0,0,0,0,0,0,0,0,0,0,0,0,0,0,0,0,0,0,0,0,0,0,0,0,0,1,0,0,0,0,0,0,0,0,0,0,0,0,0,0,1,3,0,0,2,1,0,0,0,0,28,0,0,0,0,0,0,0,0,0,0,0,0,0,0,0,0,0,0,0,0,0,1,0,0
48453000101,0,103,226,0,362,149,164,34,0,1,6,37,17,26,118,4,0,1,44,0,5,515,7,84,73,0,2,0,0,1,17,5,31,120,2,9,88,23,19,0,27,1,10,10,31,0,7,0,109,6,16,4,3,0,0,0,1,0,3,22,17,3,0,7,31,54,0,1,1,0,113,65,0,4,14,91,4,14,17,5,45,3,0,0,95,2,0,4,0,4,2,66,61,22,14,0,0,0,0,3,112,239,16,0,84,6,58,33,0,1,1,8,11,10,3,51,20,66,24,3,45,49,85,4,15,2,164,0,7,12,11,13,24,0,201,581,21,89,29,71,27,33,0,0,0,56,6,90,27,0,0
48453000102,0,66,216,0,342,96,63,35,0,0,5,5,4,13,64,2,0,1,2,0,1,358,2,63,12,0,1,0,0,4,3,1,11,28,1,4,30,4,4,0,17,1,18,4,13,1,2,0,68,4,5,6,0,0,1,1,0,0,0,13,4,0,0,1,14,10,0,7,3,0,69,19,0,2,11,31,4,6,4,3,7,0,0,1,51,0,1,0,0,0,0,0,20,0,0,0,0,0,0,1,38,145,2,0,10,0,13,11,2,3,0,0,1,1,5,6,7,46,4,0,11,33,89,2,6,4,148,0,1,3,1,12,8,0,70,275,6,70,28,112,24,30,0,0,0,20,1,104,27,0,0
48453000203,1,4,18,0,2,4,16,2,0,0,5,3,2,5,48,26,0,2,1,0,6,79,0,1,16,0,1,0,0,4,1,0,1,4,0,2,11,2,2,0,6,0,0,1,0,0,4,0,35,0,12,0,1,0,1,0,0,0,0,4,0,0,0,3,4,40,0,0,0,0,54,20,0,0,6,22,6,18,8,1,33,0,0,0,8,2,0,0,0,0,0,0,16,0,1,2,1,1,0,6,11,80,8,0,37,0,14,4,0,0,0,0,1,4,0,11,6,30,2,0,4,16,17,0,0,0,40,0,1,0,2,3,2,0,21,111,18,13,5,10,1,2,0,0,0,5,2,62,33,0,0
48453000204,0,75,156,0,288,112,158,22,0,0,5,124,26,60,212,20,0,3,51,0,0,727,4,43,56,0,3,0,0,2,24,0,11,112,4,8,62,13,6,0,41,3,5,6,13,0,7,0,142,0,100,3,2,0,2,0,0,0,0,19,2,1,0,237,27,261,0,2,5,0,177,132,0,2,11,99,14,41,35,28,23,0,0,0,119,0,1,0,5,22,18,0,219,80,55,231,2,3,0,12,80,341,32,0,379,8,38,12,0,0,0,0,0,20,6,72,14,79,36,0,22,89,100,1,6,5,191,0,5,7,9,22,28,0,119,608,44,119,36,71,44,64,0,0,1,35,4,151,32,0,0
48453000205,1,59,144,0,218,54,154,28,1,0,4,4,23,25,126,17,0,1,11,0,0,747,11,38,45,0,1,0,0,1,17,1,57,123,2,5,33,16,13,0,19,3,0,8,5,0,9,0,89,3,75,3,1,0,0,0,0,0,0,22,5,2,0,15,34,164,1,0,0,0,104,57,0,0,6,93,3,70,55,0,12,0,0,0,68,0,4,0,0,0,0,0,4,0,0,0,0,1,0,6,40,259,28,0,138,7,25,19,0,0,1,13,2,14,6,35,8,76,20,1,21,54,52,6,6,1,86,0,4,3,7,22,26,0,106,541,44,40,13,35,18,26,0,1,0,40,4,108,19,0,0
48453000206,1,54,154,0,220,51,110,22,8,0,6,1,13,17,83,6,0,1,17,0,0,330,2,17,37,0,0,1,0,1,18,7,22,54,1,4,28,4,11,1,22,0,19,1,9,0,9,0,56,1,46,0,0,1,1,0,1,0,0,16,3,0,0,8,24,121,0,1,3,0,96,27,0,1,7,55,4,29,27,1,9,1,0,0,65,0,1,0,0,0,0,0,27,0,0,0,1,1,0,2,35,161,18,0,180,1,15,6,0,1,0,1,2,7,0,28,4,41,9,0,6,29,51,1,4,1,131,0,4,4,2,14,15,0,99,265,29,77,32,27,25,28,0,0,0,30,2,88,37,0,0
48453000302,1,117,259,1,521,108,130,28,0,0,15,183,39,26,129,18,1,4,26,0,1,921,17,75,40,0,2,0,0,1,134,0,39,131,5,7,45,7,8,0,23,1,5,11,20,1,9,0,119,0,63,4,0,0,2,0,0,0,10,30,13,5,0,6,33,386,1,2,0,0,240,51,1,4,14,126,5,48,60,8,5,4,1,0,150,3,2,5,3,5,4,0,85,31,17,23,4,0,0,3,66,224,38,0,282,0,47,10,0,0,0,1,2,22,1,90,19,58,17,0,34,90,83,3,19,4,214,0,13,5,11,21,22,0,166,585,40,202,29,100,30,77,0,0,0,67,1,130,24,0,0
48453000304,0,70,161,0,297,76,150,34,0,0,4,85,34,23,130,4,0,1,10,1,0,794,7,26,31,0,1,1,0,5,78,0,3,95,6,7,24,6,4,0,14,0,0,1,12,0,2,0,65,0,8,1,0,1,0,0,0,0,0,16,5,1,0,11,45,100,0,3,3,0,114,19,0,1,6,130,0,26,29,0,6,0,0,0,63,0,0,0,0,0,0,0,7,0,1,0,0,0,0,0,33,186,17,0,143,0,34,18,0,1,8,8,28,1,0,35,22,82,13,4,34,71,74,2,10,1,147,0,13,6,5,5,34,0,116,516,35,70,10,76,9,29,0,0,0,61,1,37,8,0,0
48453000305,0,99,192,1,369,87,90,28,0,1,4,53,42,25,137,5,0,3,8,0,1,787,6,45,25,0,1,0,0,0,169,2,24,78,1,3,47,11,6,0,11,1,1,17,10,1,8,0,82,1,39,2,1,0,0,0,0,0,0,29,6,1,0,14,52,134,0,2,0,0,139,28,0,0,8,136,2,37,59,0,18,0,0,0,55,0,3,0,0,0,0,0,8,1,0,1,2,0,0,4,66,244,10,0,282,0,33,17,0,2,0,0,2,18,1,31,16,49,15,2,8,39,88,9,13,2,117,0,15,12,6,17,18,0,122,269,14,72,17,78,23,31,0,0,0,44,0,89,11,0,0
48453000306,1,62,236,0,282,65,275,22,0,0,45,30,33,92,190,47,2,14,10,2,0,627,0,82,19,0,3,0,0,3,77,1,12,54,4,9,55,4,3,1,31,7,48,6,8,0,21,0,84,0,96,6,4,0,0,0,0,0,0,24,3,4,0,18,32,102,0,3,1,0,248,45,0,2,11,366,137,36,19,1,6,1,0,0,189,0,0,0,1,1,6,0,104,4,35,3,114,3,0,22,36,160,32,0,83,1,55,77,0,1,1,1,0,18,0,99,9,267,49,0,52,56,158,8,6,3,751,1,7,12,2,37,66,1,43,569,79,203,3,18,6,21,0,1,2,18,7,698,106,0,0
48453000307,0,56,136,0,126,31,100,16,0,0,2,19,14,14,97,3,1,0,23,0,0,316,3,39,16,0,0,1,0,3,7,1,39,86,2,6,27,1,4,0,3,2,33,10,12,0,8,0,40,0,19,1,0,0,0,0,0,0,2,9,4,2,0,7,23,67,0,1,1,0,121,8,0,1,33,79,1,25,31,5,2,0,0,0,29,0,0,0,1,4,19,0,64,24,18,12,1,0,0,5,11,48,16,0,99,0,17,17,0,1,2,0,8,1,0,14,3,18,4,1,14,17,53,1,3,2,107,0,7,5,1,4,9,0,70,263,23,87,6,43,19,23,0,0,0,14,1,35,43,0,0
48453000401,0,75,204,0,240,46,79,15,0,0,2,14,13,24,121,10,0,2,10,0,0,484,9,49,15,0,0,0,0,2,25,0,19,86,4,3,39,8,8,0,14,1,30,1,14,0,1,0,63,1,48,1,0,1,0,0,0,1,1,5,4,2,0,8,28,222,0,1,0,0,163,44,0,0,6,87,11,50,72,2,19,4,0,0,49,0,0,0,0,0,0,0,44,0,0,0,73,1,5,25,22,152,16,0,108,3,45,25,0,0,0,4,9,17,0,29,10,67,24,7,47,52,61,5,1,1,171,0,10,5,8,11,22,0,116,345,29,71,12,61,8,40,0,0,0,38,3,60,38,0,0
48453000402,0,79,196,1,252,61,64,54,0,0,2,33,41,23,112,5,0,1,4,0,1,520,3,84,15,0,4,1,0,1,42,1,41,79,3,15,34,3,9,0,17,0,19,2,6,0,12,0,79,1,28,2,1,0,0,0,0,0,3,10,9,0,0,19,36,148,0,0,1,1,130,131,0,0,13,136,5,47,31,0,30,2,0,0,52,0,1,2,1,0,1,0,10,2,4,0,2,0,2,11,35,151,20,0,77,1,21,13,0,1,0,3,12,7,4,34,11,69,18,2,4,28,67,3,6,0,146,0,6,10,1,15,12,0,94,66,22,80,10,54,14,20,0,0,0,11,1,52,26,0,0
48453000500,1,87,197,0,331,127,102,32,0,0,5,108,20,24,93,6,0,1,4,0,1,1129,9,44,7,0,5,0,0,2,64,2,17,124,1,3,44,8,11,0,29,1,2,8,18,0,2,0,94,0,93,3,0,0,1,0,1,0,7,23,6,4,0,14,36,197,0,1,0,0,116,40,0,2,5,100,7,79,69,10,0,0,0,0,125,0,4,2,2,12,8,0,145,17,22,265,51,2,5,38,52,162,19,0,300,19,31,12,0,1,3,4,7,41,2,108,7,85,65,6,17,45,61,1,6,5,168,0,12,4,7,5,17,0,85,353,16,109,17,84,27,72,0,0,0,31,1,60,20,0,0
48453000601,0,0,47,1,53,1,0,7,4,0,5,6,10,6,35,7,0,6,2,0,0,342,0,5,7,0,2,0,0,8,25,0,2,17,0,0,28,2,6,0,11,7,0,1,2,0,0,0,24,0,90,0,0,0,4,0,0,0,0,5,1,0,0,5,6,63,0,0,0,0,161,80,0,1,8,22,23,57,45,12,2,1,0,0,11,0,0,0,0,0,1,0,36,7,3,0,206,2,6,21,32,161,7,0,54,0,23,14,1,1,0,0,0,21,0,29,3,41,34,0,14,28,31,1,1,0,49,1,2,6,4,3,9,0,52,312,29,8,5,12,4,5,0,1,3,3,1,18,38,0,0
48453000603,1,15,82,0,87,15,13,23,19,0,5,51,34,26,93,3,0,0,52,0,1,1157,1,31,14,0,1,0,0,7,23,0,4,57,1,2,43,8,8,0,11,4,1,0,5,0,7,0,73,1,93,0,0,0,3,0,0,0,1,10,5,1,0,5,24,300,0,0,1,0,107,124,0,2,7,44,23,176,383,5,5,4,0,0,56,0,4,6,1,5,2,0,82,1,3,0,188,2,11,32,37,273,25,0,160,2,15,12,1,0,0,0,0,107,1,99,10,79,69,0,30,113,75,1,3,6,213,0,5,10,0,9,11,0,59,30,4,67,13,31,7,29,0,0,0,12,0,58,43,0,0
48453000604,0,14,73,1,185,60,46,29,4,0,5,58,20,20,57,6,0,6,6,1,4,1101,3,21,15,0,0,0,0,4,70,1,4,103,0,4,81,16,10,0,40,4,1,1,16,1,4,0,85,0,123,0,1,0,0,0,0,1,0,10,1,1,0,8,16,325,0,3,0,0,83,242,0,0,2,56,45,125,218,1,2,2,0,0,55,0,3,0,0,0,4,0,31,1,7,0,171,1,15,30,22,182,24,0,173,3,22,6,1,1,0,1,0,122,1,64,12,75,75,2,20,61,51,1,2,1,156,0,2,6,1,3,17,0,69,284,14,50,9,37,10,37,0,0,2,10,1,71,36,0,0
48453000700,0,15,112,0,63,21,24,29,2,0,3,47,11,10,55,20,0,3,2,1,7,446,7,343,19,0,2,0,1,19,48,4,3,42,2,2,136,35,21,1,43,3,2,1,17,0,0,0,144,1,117,2,2,0,1,0,1,0,0,17,4,4,0,9,9,146,0,4,0,0,140,443,0,0,5,49,24,19,26,4,27,0,0,0,74,1,2,37,4,17,13,0,73,66,13,2,469,0,32,60,69,314,22,0,150,2,97,43,1,5,0,1,0,82,9,137,12,147,96,2,39,67,135,3,4,2,164,0,8,6,3,12,86,0,137,1225,119,108,12,51,16,44,1,1,1,15,2,77,117,0,0
48453000801,0,57,163,0,147,46,37,17,0,1,0,2,56,16,118,4,0,3,6,0,0,528,6,35,3,0,0,0,0,7,14,0,5,71,0,2,22,6,4,0,5,2,7,7,2,0,8,0,38,1,7,2,0,0,0,0,0,0,0,12,3,0,0,10,21,37,0,3,0,0,102,25,0,1,2,247,10,18,38,7,1,11,0,0,45,1,0,0,0,0,0,0,17,0,1,0,0,0,0,0,23,32,15,0,8,0,17,4,0,0,5,4,39,1,0,18,3,42,4,6,7,15,39,1,8,1,126,0,8,2,3,16,10,0,69,81,9,35,7,31,6,27,0,0,0,16,1,22,18,0,0
48453000802,0,55,220,0,216,58,53,25,0,0,5,4,79,29,158,7,0,3,18,1,0,801,5,96,7,0,1,1,0,1,13,1,13,101,5,2,28,9,5,0,9,1,23,6,1,2,18,0,57,1,20,4,1,0,0,0,0,0,0,20,3,0,0,25,28,120,0,0,0,0,132,21,0,2,11,297,5,43,29,25,5,3,0,0,45,0,1,24,9,7,17,0,212,27,32,37,1,0,0,4,22,48,24,0,61,0,11,4,0,1,1,3,15,7,1,34,11,34,12,2,9,18,46,0,4,1,119,0,9,2,1,13,11,0,122,56,6,34,4,17,13,14,0,0,0,5,2,41,27,0,0
48453000803,2,85,285,0,301,131,121,37,0,0,4,163,121,18,134,2,0,0,6,1,2,1153,8,216,17,0,0,0,0,2,38,0,12,147,9,6,38,26,8,0,22,1,20,11,6,0,7,0,97,1,26,3,0,0,0,0,0,0,1,10,4,0,0,31,35,196,0,1,0,0,115,115,0,0,7,199,9,273,34,11,1,4,0,0,67,0,0,0,3,0,3,40,69,26,16,91,8,5,0,6,23,96,30,0,48,1,16,7,0,1,0,2,28,10,19,21,9,69,23,1,20,34,43,2,12,1,197,0,9,3,4,14,15,0,129,334,12,62,4,44,6,23,1,0,1,27,4,70,6,0,0
48453000804,0,82,167,0,249,49,90,17,0,1,6,81,72,19,85,4,0,4,7,1,3,857,23,173,5,0,1,1,0,5,16,0,14,141,5,7,33,12,4,0,23,1,7,13,7,0,6,0,62,2,37,1,0,0,0,0,0,0,0,14,1,0,0,12,34,117,1,0,0,0,118,46,0,1,2,187,16,69,26,2,28,5,0,0,74,0,0,20,7,7,7,0,89,10,3,59,2,0,1,4,25,47,5,0,53,0,14,19,0,0,7,4,14,32,5,45,14,61,9,5,11,45,54,3,3,0,153,0,16,4,2,10,20,0,105,187,18,58,1,19,6,26,0,0,0,18,9,49,32,0,0
48453000901,1,64,134,1,278,52,64,22,0,0,4,118,39,2,64,5,0,1,5,1,1,577,6,261,13,0,0,1,0,4,5,0,1,73,5,7,26,5,7,0,11,3,1,0,4,0,5,0,58,0,47,2,0,0,0,0,0,0,0,8,2,0,0,14,21,210,0,2,0,0,92,75,1,2,6,184,14,45,39,0,1,2,0,0,23,0,1,0,0,0,0,1,4,0,3,0,14,1,2,11,20,61,9,0,52,7,13,9,0,1,0,0,0,8,1,29,3,61,37,0,18,43,47,2,6,1,159,0,6,2,1,8,13,0,108,61,16,33,4,18,3,20,1,0,2,13,2,78,23,0,0
48453000902,1,166,599,0,778,205,183,105,15,0,9,115,205,74,408,36,1,17,11,2,2,1945,27,155,60,0,0,0,0,12,111,0,38,250,13,10,237,48,16,0,68,7,3,14,5,0,28,0,206,3,148,4,1,0,5,0,0,1,0,33,8,0,0,43,73,853,0,2,2,0,409,726,1,2,23,787,55,744,131,10,15,8,0,0,135,3,2,29,4,9,15,0,166,48,28,16,201,2,14,107,122,377,67,0,231,3,47,31,1,2,9,7,39,106,15,115,23,262,114,9,51,188,150,3,17,4,516,0,31,10,12,24,69,0,318,445,59,139,14,83,28,89,0,2,2,57,4,106,102,0,0
48453001000,1,119,458,1,530,216,149,43,0,0,6,192,89,25,238,10,0,3,37,4,2,1474,41,464,34,0,0,0,0,14,52,2,2,173,22,10,81,23,24,0,33,4,4,1,9,1,21,0,135,0,130,1,0,0,1,0,0,0,0,16,2,0,0,24,62,167,0,0,1,0,298,394,0,2,21,523,8,123,123,14,10,3,0,0,88,0,0,32,7,50,33,0,319,45,95,190,7,0,1,11,45,71,32,0,102,4,14,21,2,4,1,3,22,126,33,42,18,85,23,10,57,106,57,1,10,2,275,0,21,1,5,18,26,0,182,311,44,135,10,70,17,57,0,0,0,29,4,47,78,0,0
48453001100,6,11,333,5,166,44,38,84,31,0,21,126,64,62,321,98,3,9,11,3,26,3629,22,163,61,0,12,1,0,182,215,10,121,167,10,17,489,259,83,2,251,41,2,18,33,2,15,0,291,1,1945,3,4,2,15,0,0,5,1,62,10,1,0,18,91,322,0,1,1,0,499,1876,0,2,35,259,454,3644,398,26,23,1,10,1,200,1,3,35,1,14,14,0,545,25,69,2,2858,26,249,711,121,902,215,0,312,5,244,128,6,15,0,4,5,1168,5,751,62,403,738,0,70,221,467,4,17,8,940,0,35,9,9,17,165,0,486,2002,218,321,17,81,42,155,0,11,42,20,2,313,897,0,0
48453001200,2,74,268,0,327,154,175,54,0,0,19,87,26,102,237,63,1,3,15,1,8,830,28,364,117,0,8,0,0,11,42,9,43,85,9,14,125,34,25,1,73,6,23,7,22,2,11,0,187,1,441,0,7,0,1,0,1,1,0,49,20,0,0,77,46,360,0,8,11,0,259,260,0,0,15,189,28,156,52,62,8,1,0,0,123,0,0,0,2,17,111,0,690,66,259,113,198,1,20,73,115,352,43,0,408,7,62,44,1,5,2,1,18,262,1,156,30,214,95,0,44,97,193,1,20,3,313,0,12,17,16,11,70,0,194,802,96,107,19,49,20,51,0,2,1,45,3,217,142,0,0
48453001303,0,58,196,0,251,103,177,51,2,0,16,17,17,31,131,45,2,0,26,2,3,558,19,145,47,0,3,0,0,9,62,4,8,103,5,5,89,8,22,1,31,5,34,6,13,1,14,0,134,4,265,1,1,1,2,0,0,1,0,20,9,1,0,15,33,185,0,0,0,0,177,76,0,1,18,92,22,176,64,8,8,1,0,1,115,0,0,3,2,9,6,0,187,20,48,0,152,1,16,26,55,149,37,0,211,0,47,33,2,2,0,5,0,272,4,50,15,108,35,2,42,41,65,4,11,1,145,0,7,4,4,29,41,0,85,709,86,113,23,78,22,57,0,1,2,25,1,174,78,0,0
48453001304,0,100,263,0,443,122,222,37,23,0,8,6,40,28,173,17,0,3,15,0,3,861,26,150,57,0,1,0,0,1,54,0,33,125,15,6,83,21,16,1,35,2,6,13,19,0,13,0,92,1,93,6,0,1,0,0,0,0,1,29,17,2,0,26,45,129,1,1,4,0,162,149,0,0,14,155,6,83,72,2,2,0,0,0,87,0,2,0,0,1,3,1,60,9,27,0,6,0,0,9,32,115,23,0,52,0,32,13,0,1,7,7,7,30,7,51,14,122,30,2,26,75,61,1,3,5,140,0,9,6,5,16,27,0,144,540,61,88,18,70,11,39,0,0,0,77,0,151,42,0,0
48453001305,2,161,405,2,470,242,188,82,5,0,26,124,59,64,299,39,1,6,25,4,7,1527,51,291,29,0,3,1,0,59,100,1,80,198,27,13,147,38,22,1,61,7,33,15,14,0,17,1,177,2,477,6,2,2,6,0,0,2,1,39,8,0,0,39,67,325,1,2,4,0,321,190,0,2,47,320,17,298,138,11,3,3,3,0,145,3,1,5,3,26,59,0,447,63,189,633,35,1,8,54,52,203,58,0,290,21,45,22,1,1,3,6,13,333,5,114,31,172,54,3,40,50,126,8,15,2,271,0,19,4,4,28,37,0,193,728,55,157,42,97,26,87,0,1,4,60,7,262,307,0,1
48453001307,0,53,213,0,306,76,82,23,1,0,4,9,35,23,130,6,1,2,5,0,2,541,9,114,13,0,1,2,1,1,4,0,16,52,8,4,20,6,3,0,17,2,7,30,4,0,19,0,51,2,14,3,0,0,1,0,0,0,0,19,12,0,0,20,58,109,0,0,0,0,106,25,0,0,11,212,4,15,36,11,2,1,0,0,72,0,0,5,0,4,1,0,56,6,11,0,0,1,0,4,43,98,15,0,57,2,20,10,0,0,1,5,19,6,0,38,11,63,8,0,27,18,56,0,5,0,196,0,19,4,3,13,22,0,77,65,8,53,14,29,6,30,0,0,1,11,0,78,13,0,0
48453001308,0,74,142,0,184,48,47,21,7,0,3,13,44,32,155,25,2,3,13,0,0,762,13,72,56,0,1,0,0,0,4,1,37,90,3,6,35,7,14,0,19,2,3,11,7,0,17,0,94,0,36,3,2,0,1,0,0,0,0,10,6,0,0,16,28,128,1,1,2,0,142,50,0,0,14,129,23,47,39,2,0,1,0,0,87,4,0,1,0,6,8,0,69,10,6,5,0,0,0,3,23,52,28,1,105,1,20,12,0,0,1,1,16,13,2,21,10,48,5,5,30,18,59,0,6,2,89,0,3,4,7,19,18,0,95,337,22,58,11,32,11,18,0,0,0,26,3,36,23,0,1
48453001401,0,46,113,0,118,35,76,26,0,0,8,16,30,23,106,20,3,8,17,3,5,486,17,179,14,0,0,0,0,9,32,3,21,73,8,5,70,14,7,1,23,4,10,5,7,1,5,0,55,1,138,1,0,0,4,0,0,1,1,6,7,2,0,5,21,77,0,0,1,0,118,92,0,1,6,93,7,85,41,3,2,1,0,0,49,2,3,0,3,2,8,0,243,21,23,17,13,0,5,21,15,108,15,0,136,0,22,7,1,1,0,3,11,50,7,58,10,64,25,5,25,20,39,1,7,1,118,0,7,2,3,17,29,0,99,340,6,76,9,43,29,44,0,0,2,9,2,122,64,0,0
48453001402,1,61,156,0,171,58,128,28,0,0,7,24,11,22,81,5,1,0,43,2,2,398,30,230,18,0,1,0,0,5,16,10,22,83,16,2,31,7,4,0,19,2,15,3,3,0,8,0,68,0,67,3,0,0,0,0,0,0,0,15,2,0,0,6,36,73,0,2,1,0,118,29,1,1,12,113,5,27,21,7,4,0,0,1,37,0,0,0,1,3,10,0,187,11,38,128,3,1,0,3,24,64,9,0,77,0,14,9,1,8,3,3,17,24,5,29,9,37,14,1,14,36,37,1,3,0,109,0,4,2,2,12,10,0,62,116,14,70,19,37,15,37,0,0,0,27,0,78,33,0,0
48453001403,1,13,64,0,66,32,13,5,0,0,2,3,14,11,71,5,2,2,3,0,1,375,9,87,13,0,1,0,1,6,5,0,4,58,2,1,7,7,0,0,10,2,103,2,3,0,5,0,43,1,17,1,0,0,0,0,0,0,2,10,2,0,0,3,14,97,0,0,1,0,53,7,0,1,0,49,0,31,14,0,1,3,0,1,24,1,1,0,0,0,1,0,33,1,4,0,1,0,0,1,13,43,9,0,40,0,8,11,0,1,0,0,1,3,2,10,10,18,4,0,9,13,42,2,3,0,55,0,4,1,2,9,5,0,44,213,9,16,0,7,2,9,0,0,0,8,0,21,37,0,0
48453001501,1,97,196,0,431,171,188,28,0,0,6,5,15,36,146,16,0,0,61,1,0,786,8,16,116,0,0,0,0,4,34,10,111,82,3,10,33,12,22,1,13,2,29,65,20,0,14,0,87,6,17,6,0,1,0,0,0,0,3,31,18,1,0,16,35,237,1,0,0,0,156,12,0,5,14,107,7,39,10,37,38,2,0,0,106,0,1,1,2,11,15,0,204,110,41,34,1,0,1,2,49,158,27,0,348,1,27,9,0,1,5,11,52,5,0,115,5,53,15,3,9,76,78,3,16,0,263,0,5,9,3,17,27,0,126,111,8,95,16,88,14,48,0,0,0,27,1,180,34,0,0
48453001503,0,109,263,0,293,99,113,45,0,1,1,52,80,34,224,21,0,1,11,1,7,1263,10,42,42,0,3,1,0,3,35,5,50,195,0,17,48,26,16,0,13,0,1,32,22,3,11,0,109,1,34,0,1,0,0,0,0,0,4,20,10,6,0,19,67,166,0,1,0,0,240,52,0,1,11,242,13,44,71,1,16,2,0,0,80,1,1,1,0,0,0,0,57,6,5,0,0,1,0,5,48,248,49,0,113,0,38,15,0,1,6,4,29,4,3,55,22,71,6,4,21,72,74,2,9,0,205,0,13,7,9,18,23,0,172,1233,48,72,17,51,17,20,0,0,1,36,6,126,32,0,0
48453001504,1,67,189,1,408,137,100,19,0,0,5,13,44,32,178,12,0,11,28,3,3,657,5,31,26,0,1,0,0,10,60,0,12,154,4,10,42,19,9,0,32,5,0,32,13,0,9,0,84,5,50,3,0,0,0,0,2,0,1,19,11,1,0,13,53,143,0,1,0,0,164,35,0,1,10,151,13,72,47,2,100,2,0,0,77,0,0,0,0,0,0,0,8,0,1,0,0,0,0,2,34,139,28,0,153,0,28,13,0,0,0,2,12,2,1,25,8,64,3,2,20,63,87,1,5,1,171,0,14,3,5,20,23,0,138,471,30,70,14,26,15,22,0,0,0,40,0,118,28,0,0
48453001505,0,49,194,0,297,163,139,31,1,0,10,6,36,15,116,7,0,0,39,2,0,948,7,38,109,0,1,0,0,1,26,4,37,109,6,19,56,8,25,0,15,0,1,19,18,2,7,0,65,8,20,4,1,0,0,0,0,0,1,31,8,2,1,24,30,101,0,0,0,0,152,73,0,1,8,128,2,269,326,21,38,4,0,0,79,1,5,0,1,5,21,0,186,51,28,35,0,1,0,0,47,188,18,0,196,0,28,22,0,3,3,15,6,3,0,104,10,72,15,7,12,57,97,0,13,1,146,0,10,3,6,17,24,0,129,218,31,98,13,42,20,42,0,0,0,55,7,75,15,0,0
48453001602,0,53,131,0,143,77,54,33,0,0,4,33,10,16,80,18,0,2,82,0,0,399,12,86,48,0,0,0,0,4,30,5,21,53,5,5,40,6,14,0,20,2,31,2,4,0,5,0,104,3,52,1,1,0,1,0,0,0,0,13,5,0,0,7,15,29,0,5,5,0,109,38,0,5,12,63,1,30,15,16,9,1,0,1,72,0,2,5,1,6,86,1,119,10,97,16,64,1,2,3,36,129,15,0,57,1,27,22,0,1,0,1,13,13,3,15,5,74,26,0,26,46,75,3,3,2,80,0,5,7,3,15,32,0,73,428,31,100,18,67,20,53,0,0,0,54,0,92,38,0,1
48453001603,1,146,156,0,547,178,98,42,0,0,10,5,10,27,117,4,0,1,20,0,3,533,13,178,38,0,2,0,0,2,5,0,17,80,10,12,63,15,25,1,28,3,9,3,36,1,9,0,102,0,31,8,0,0,0,3,1,0,0,22,23,1,2,8,26,28,0,0,0,0,162,22,0,1,17,59,0,5,12,13,30,1,0,0,75,0,0,0,0,0,0,0,85,0,17,0,1,2,0,4,147,311,17,0,24,1,32,16,0,3,1,3,5,7,8,23,13,69,11,2,41,82,84,7,26,1,126,0,6,25,23,17,20,0,182,123,25,143,24,113,30,42,0,0,0,54,1,149,45,0,0
48453001604,0,75,160,0,516,223,131,33,0,0,1,7,11,20,123,2,0,4,42,5,0,339,11,60,24,0,1,0,0,3,7,0,12,44,6,2,51,12,4,1,23,0,30,3,21,2,5,0,85,3,16,7,5,0,0,0,0,0,2,55,23,0,0,1,8,10,0,0,0,0,129,36,0,1,29,55,5,37,13,2,5,0,0,1,49,0,0,15,1,7,2,0,96,0,12,11,40,0,0,1,72,106,6,0,9,2,8,5,0,2,0,2,8,1,3,11,6,65,9,2,25,72,54,1,13,4,159,0,5,8,8,11,21,0,104,66,24,120,15,124,21,35,0,0,0,35,3,431,50,0,0
48453001605,0,92,128,0,264,148,145,22,0,0,11,5,10,31,111,6,0,3,101,2,8,505,12,229,64,0,2,0,0,5,6,1,18,73,10,15,66,13,17,0,39,3,23,3,30,2,7,0,126,3,47,6,0,0,0,0,0,0,3,21,3,0,0,2,22,82,0,1,1,0,114,33,0,3,11,109,7,8,28,26,46,2,0,0,85,0,1,0,0,9,22,0,221,10,57,298,2,2,0,3,85,171,8,0,74,0,23,21,0,0,0,2,0,8,3,19,12,67,25,2,47,64,89,6,17,1,139,0,8,11,9,31,49,0,152,265,22,98,13,69,20,31,0,0,0,44,4,179,28,0,0
48453001606,0,0,8,0,5,0,0,1,0,0,0,0,0,0,2,2,0,0,0,0,0,6,0,0,0,0,0,0,0,0,0,0,0,0,0,1,4,4,0,0,2,0,0,0,0,0,0,0,3,0,2,0,0,0,0,0,0,0,0,1,0,0,0,0,1,1,0,0,0,0,4,1,0,0,0,5,0,1,0,0,1,0,0,0,4,0,0,0,0,0,0,0,0,0,0,0,0,0,0,0,2,10,0,0,4,0,1,1,0,0,1,0,1,0,0,0,0,2,0,0,1,2,5,0,1,1,2,0,0,0,1,0,1,0,22,2,3,2,0,1,1,0,0,0,0,0,0,17,2,0,0
48453001705,3,106,470,0,275,117,187,15,0,0,8,3,16,25,90,0,2,1,11,0,0,215,2,39,49,0,8,0,0,2,1,1,15,37,3,10,17,4,12,0,9,0,35,2,9,0,9,0,35,1,0,0,0,0,0,0,0,0,2,10,4,0,0,5,20,7,0,0,1,0,70,16,0,1,12,67,2,0,4,2,3,1,0,0,26,0,0,0,0,0,2,0,136,0,8,0,0,1,0,1,24,77,16,0,14,0,17,7,0,1,0,0,0,0,5,7,5,32,4,0,28,10,51,0,8,5,147,0,3,3,5,14,12,0,57,466,4,35,10,27,7,18,0,0,1,10,2,108,70,0,0
48453001706,1,86,346,0,220,58,107,25,0,0,3,3,16,16,116,3,0,3,7,1,0,265,2,1,22,0,11,0,0,3,13,0,14,31,0,14,14,1,6,0,7,1,23,5,11,0,8,0,47,4,2,3,0,0,0,0,0,0,0,22,4,0,0,7,18,16,0,1,2,0,75,11,0,1,7,61,0,2,17,2,11,0,0,0,31,0,1,0,0,0,0,0,20,0,0,0,0,0,0,1,27,39,4,0,39,0,13,8,0,2,0,1,0,0,0,17,8,46,8,0,25,19,43,2,7,0,162,0,0,4,2,12,14,0,37,1155,11,50,3,23,7,12,0,0,0,17,1,102,25,0,0
48453001707,0,63,299,0,313,46,121,22,0,0,12,2,19,30,99,4,0,5,14,0,0,358,2,7,191,0,0,0,0,3,13,0,12,30,0,13,17,7,3,0,9,1,26,5,12,0,12,0,76,0,1,4,1,0,0,0,0,0,1,19,7,0,0,6,25,32,0,0,1,0,113,7,0,3,5,53,6,0,8,0,7,0,0,0,45,0,1,0,0,0,0,0,2,0,0,0,0,0,0,2,32,53,13,0,58,2,23,8,1,0,3,14,9,0,0,37,79,48,9,4,18,30,43,2,4,2,178,0,4,5,3,17,6,0,55,245,10,56,7,31,10,23,0,0,0,14,1,97,25,0,0
48453001712,1,86,201,0,285,97,88,32,0,0,7,6,47,60,202,50,0,0,6,0,0,1071,5,47,19,0,1,1,0,2,15,0,96,154,2,5,22,2,8,0,7,0,11,23,22,0,13,0,67,1,22,3,1,0,0,0,0,0,1,11,5,1,0,39,83,177,0,0,1,0,116,7,0,0,15,161,2,21,27,4,4,1,0,1,64,1,0,0,0,0,0,0,40,18,2,0,0,0,0,1,43,95,38,0,73,0,14,19,0,1,5,3,28,2,3,33,5,33,5,5,26,25,56,3,11,2,164,0,7,6,3,23,15,0,105,289,17,51,5,41,11,36,0,0,0,27,1,93,41,0,0
48453001713,0,99,247,0,356,154,152,19,0,0,4,6,47,36,172,6,2,3,29,1,0,624,5,15,29,0,0,1,0,5,12,0,51,136,4,5,64,4,6,0,10,0,12,25,11,0,10,0,90,3,9,3,2,0,0,0,0,0,1,11,7,0,0,23,53,83,1,2,1,0,149,28,0,3,26,206,9,12,22,3,25,2,0,0,67,0,0,0,0,5,4,0,71,9,10,22,1,0,0,3,64,90,17,0,59,0,17,9,0,0,5,9,31,2,1,105,14,51,0,4,23,26,28,0,15,2,223,0,7,3,12,19,22,0,85,342,16,84,15,52,18,44,0,0,0,25,5,107,23,0,0
48453001714,4,125,183,0,419,116,115,15,0,0,3,3,55,63,282,20,1,12,9,0,1,361,0,5,72,0,0,0,0,9,1,2,6,37,0,26,22,3,1,0,8,1,33,14,2,1,19,0,42,0,2,2,0,0,0,0,0,0,0,3,0,0,0,29,44,23,1,0,2,0,104,8,0,4,54,134,14,38,22,4,39,0,0,1,25,0,0,0,3,4,4,0,43,8,16,0,0,0,0,1,27,38,18,0,15,0,3,8,0,2,0,3,16,0,0,64,8,46,4,2,31,25,52,8,6,1,300,0,9,4,3,12,15,1,4,598,35,36,5,14,4,26,0,0,0,16,7,199,85,0,0
48453001716,1,70,76,0,346,60,41,5,0,0,2,11,14,29,96,1,0,4,6,1,1,221,1,13,23,0,2,0,0,3,4,0,6,30,0,9,23,1,4,1,6,0,9,4,4,0,12,0,44,0,0,2,0,0,0,0,0,0,1,3,2,0,1,7,19,7,0,3,6,0,46,4,0,2,26,46,9,5,10,2,2,0,0,0,41,0,0,0,0,0,1,0,35,0,0,0,0,0,0,1,30,21,5,0,8,0,9,4,2,3,0,0,0,0,0,12,3,21,1,1,16,12,36,1,0,0,74,0,0,13,2,9,26,0,10,192,18,39,2,8,5,40,0,0,0,2,3,152,30,0,0
48453001718,2,94,438,0,401,122,120,13,0,0,7,7,27,50,116,13,0,0,98,0,0,602,5,25,238,0,0,1,0,0,13,0,57,50,1,26,22,4,10,0,13,0,77,10,11,0,7,0,55,1,1,3,0,1,1,0,0,0,0,16,4,0,0,7,42,59,0,2,0,0,109,15,0,4,14,91,4,6,30,1,15,1,0,0,50,1,4,0,1,0,2,0,22,0,3,3,0,1,0,1,32,94,16,0,34,0,41,25,1,1,5,4,29,0,8,12,10,56,5,7,23,31,48,1,3,2,135,0,12,3,3,18,42,0,63,489,25,111,24,89,13,24,0,0,0,28,2,163,66,0,0
48453001719,3,147,246,0,450,166,181,7,0,0,3,2,13,16,56,2,3,0,14,0,0,389,1,36,68,0,0,0,0,2,4,0,14,38,1,21,19,2,9,0,7,0,32,2,8,0,3,0,68,1,2,1,0,0,0,0,2,0,1,12,3,0,0,6,18,20,0,0,5,0,55,7,0,0,11,40,1,15,11,0,2,0,0,0,52,0,0,0,0,0,0,0,2,1,0,0,0,3,0,2,23,80,4,0,7,0,18,13,0,3,1,0,0,1,16,9,4,86,0,2,37,22,46,1,7,2,128,0,1,10,5,14,22,0,44,858,28,89,19,41,12,15,0,0,0,18,2,76,44,0,0
48453001722,0,11,384,0,24,32,14,8,0,0,4,3,20,36,93,35,0,13,3,1,0,282,0,7,6,0,0,0,0,3,4,1,5,18,0,4,10,2,0,0,8,0,8,0,0,1,10,0,33,0,0,0,0,0,0,0,0,0,0,7,0,0,0,10,27,35,0,0,1,0,89,4,0,2,10,66,14,1,14,2,32,0,0,0,20,1,1,0,0,0,0,0,4,0,0,0,0,0,0,1,9,38,23,0,35,0,8,6,0,2,0,0,0,0,1,11,8,12,2,0,10,9,31,2,1,1,90,0,1,2,4,8,13,0,23,508,19,22,5,26,3,15,0,0,0,2,1,81,36,0,0
48453001728,2,154,299,0,427,206,270,31,0,0,3,10,88,38,241,9,0,13,12,0,1,1047,3,22,20,0,0,1,1,1,0,0,82,215,2,3,49,1,5,0,10,1,15,63,1,0,29,0,96,5,3,2,0,0,0,0,0,0,1,6,6,0,0,64,98,48,0,1,4,0,196,8,1,1,24,336,15,6,20,4,15,3,0,0,87,0,1,0,0,0,0,0,14,0,0,0,1,0,0,2,59,90,29,0,64,0,15,3,0,2,0,5,8,0,3,89,12,46,2,5,58,24,47,7,15,2,369,0,9,4,6,12,14,0,53,131,26,110,24,105,32,75,0,0,0,40,4,90,28,0,0
48453001729,0,106,268,0,259,144,144,15,0,0,2,10,54,33,207,5,0,7,8,0,0,765,0,35,8,0,0,0,0,3,3,1,39,112,0,2,25,6,3,0,8,0,7,18,3,0,17,0,87,1,2,2,0,0,0,0,0,0,0,11,4,0,0,66,68,38,0,0,2,0,128,13,0,1,20,319,7,4,41,6,15,1,0,0,110,0,0,0,3,2,0,0,72,4,5,0,0,0,0,1,46,79,13,0,23,0,13,7,0,0,1,1,4,0,1,47,12,27,2,0,21,32,37,9,22,1,193,0,7,9,1,25,11,0,55,156,10,68,10,59,16,57,0,0,0,76,1,56,19,0,0
48453001737,1,165,349,0,491,231,172,34,0,0,11,5,59,43,190,19,10,5,53,1,0,235,3,13,18,0,0,0,0,2,14,1,24,51,0,3,38,2,3,0,6,5,17,43,4,2,18,0,88,6,0,2,0,0,0,0,0,0,4,19,5,4,1,20,51,16,0,1,2,0,162,8,0,2,17,189,19,2,34,17,11,1,0,0,70,0,1,0,0,0,3,0,110,0,34,1,0,0,0,0,41,125,16,0,36,0,22,19,0,2,6,22,48,0,1,61,8,75,3,9,50,46,79,13,7,1,538,0,10,17,11,22,33,0,9,1683,65,42,8,35,17,36,0,0,2,13,1,277,62,0,0
48453001738,0,99,217,0,294,192,235,34,0,0,8,7,35,38,156,34,1,3,171,0,0,412,2,16,17,0,4,0,0,2,11,3,45,89,0,3,50,4,5,0,12,1,15,46,5,0,12,0,88,4,0,2,2,0,0,1,0,0,5,21,5,2,0,14,51,55,0,1,5,0,138,8,0,0,22,117,13,9,8,23,11,0,0,0,71,0,1,0,0,5,14,0,175,24,36,27,0,0,0,2,36,60,26,0,92,0,15,23,0,1,0,5,8,0,0,66,22,48,3,0,23,22,71,1,4,2,388,0,5,3,0,22,27,0,37,284,32,68,2,25,12,45,0,0,0,9,3,396,53,0,0
48453001740,0,31,239,0,154,74,88,7,0,0,3,1,18,18,71,2,0,4,20,0,0,102,1,8,19,0,0,0,0,1,3,0,2,6,0,3,21,5,0,0,8,0,19,6,2,0,7,0,53,2,3,0,0,0,0,0,0,0,1,7,3,0,0,5,18,27,1,0,5,0,48,8,0,1,20,65,3,1,10,4,25,1,0,0,16,0,0,0,0,0,0,0,9,0,0,0,0,0,0,0,12,67,7,1,20,3,8,7,0,2,3,15,2,0,0,28,1,42,9,0,15,13,18,1,1,0,91,0,9,4,1,25,21,0,4,700,50,17,2,6,0,7,0,0,0,9,1,119,18,0,0
48453001741,0,0,0,0,0,0,0,0,0,0,0,0,0,0,0,0,0,0,0,0,0,0,0,0,0,0,0,0,0,0,0,0,0,0,0,0,0,0,0,0,0,0,0,0,0,0,0,0,0,0,0,0,0,0,0,0,0,0,0,0,0,0,0,0,0,0,0,0,0,0,0,0,0,0,0,0,0,0,0,0,0,0,0,0,0,0,0,0,0,0,0,0,0,0,0,0,0,0,0,0,0,0,0,0,0,0,0,0,0,0,0,0,0,0,0,0,0,0,0,0,0,0,0,0,0,0,1,0,0,0,0,0,0,0,0,0,0,0,0,0,0,0,0,0,0,0,0,0,0,0,0
48453001742,0,0,0,0,0,0,0,0,0,0,0,0,0,0,1,0,0,0,0,0,0,56,2,63,0,0,0,0,0,0,0,0,0,3,0,0,0,0,0,0,1,0,1,0,1,0,0,0,0,0,0,0,0,0,0,0,0,0,0,0,0,0,0,0,2,0,0,0,0,0,5,0,0,0,1,9,0,1,0,0,0,0,0,0,0,0,0,0,0,0,0,0,0,0,0,0,0,0,0,0,0,0,0,0,1,0,0,0,0,0,0,0,0,0,0,0,0,0,0,0,1,0,0,0,0,0,3,0,0,1,0,0,0,0,0,0,0,0,0,0,0,0,0,0,0,0,0,0,0,0,0
48453001745,1,73,272,0,110,83,68,10,0,1,0,3,29,30,90,2,0,1,5,1,1,412,0,3,32,0,1,0,0,3,3,1,20,45,0,3,13,1,1,0,4,0,7,15,2,0,6,0,31,4,0,5,0,0,0,0,0,0,0,22,13,0,0,6,21,68,0,1,1,0,62,5,1,1,4,88,6,2,12,10,4,1,0,1,21,0,0,1,0,0,0,0,40,5,1,0,0,0,0,1,52,85,6,0,22,0,0,4,0,3,3,1,16,1,0,27,1,24,1,5,20,13,30,2,9,0,122,0,1,4,3,13,9,0,13,62,18,16,0,21,7,12,0,0,0,11,0,31,19,0,0
48453001746,0,85,253,0,257,85,128,8,0,0,2,1,47,33,172,8,0,4,21,0,0,490,3,10,3,0,2,0,0,4,3,1,18,66,1,1,22,3,4,0,7,1,3,23,6,0,13,0,54,8,0,1,0,0,0,0,0,0,0,2,0,0,0,5,43,27,0,5,2,0,106,5,0,1,9,198,5,7,18,12,20,0,0,0,63,0,0,0,0,0,0,0,36,0,4,0,1,0,0,0,31,90,27,0,29,0,7,7,0,0,13,16,34,0,0,26,12,40,1,4,19,27,33,4,8,0,113,0,9,1,1,13,29,0,12,399,44,45,4,17,13,11,0,0,0,28,0,99,46,0,0
48453001747,1,88,216,1,312,94,126,40,0,0,8,9,82,62,252,23,1,12,10,1,0,910,1,11,9,0,0,0,0,2,3,1,44,91,0,2,44,2,5,0,10,0,10,24,3,0,38,0,93,6,1,4,0,0,0,0,0,0,1,14,6,0,1,54,59,60,0,2,0,0,162,1,0,3,10,310,7,9,25,0,18,0,0,1,60,0,0,0,0,0,0,0,15,1,1,0,0,0,0,0,36,77,33,0,54,0,11,8,2,0,1,0,16,0,2,17,5,79,1,4,36,28,47,2,6,1,183,0,4,3,3,13,15,0,14,183,10,71,9,46,12,37,0,0,0,29,2,47,25,0,0
48453001748,0,70,302,0,366,54,83,32,0,0,1,4,71,44,216,12,0,5,8,0,0,485,0,10,11,0,2,0,0,0,2,5,22,65,0,2,48,1,1,0,19,0,6,27,2,0,18,0,83,11,1,7,0,0,0,0,0,0,1,13,7,1,0,27,53,20,0,7,2,0,130,7,0,1,15,240,11,34,44,4,3,1,0,0,24,1,0,0,0,0,1,0,38,0,4,0,0,0,0,0,44,115,20,0,9,0,27,13,2,0,0,3,1,1,1,33,9,38,3,0,12,27,39,9,9,2,202,0,12,4,8,17,35,0,23,361,31,49,1,13,6,24,0,0,1,13,8,102,30,0,0
48453001749,0,56,116,0,163,57,53,10,0,0,4,4,45,29,118,14,0,5,22,0,0,596,3,2,16,0,6,0,0,1,5,2,34,78,1,5,7,1,3,0,7,1,15,10,4,1,16,0,55,0,1,2,0,0,0,0,0,0,4,22,3,1,0,11,35,26,0,0,0,0,119,8,0,1,21,82,2,4,7,7,12,0,0,0,56,0,1,0,0,0,0,0,14,1,0,0,0,0,0,0,21,41,6,0,45,0,12,7,0,0,5,4,18,0,1,43,5,34,2,4,25,20,51,2,3,2,180,0,6,1,2,9,16,0,48,191,17,36,0,8,3,30,0,0,0,27,1,146,30,0,0
48453001750,2,41,194,1,95,44,46,19,0,0,6,2,41,24,126,48,3,2,5,0,0,559,0,3,15,0,2,0,0,0,4,0,20,64,0,0,18,3,1,0,9,1,7,3,12,0,11,0,58,0,1,1,0,0,0,0,0,0,0,14,1,0,0,11,18,81,0,2,6,0,90,7,0,1,6,114,1,6,21,0,12,0,0,0,30,0,3,0,0,0,0,0,4,0,0,0,1,0,0,0,32,104,17,0,54,0,10,4,1,1,0,1,2,1,0,57,2,27,0,0,17,10,28,0,6,2,79,0,3,4,5,6,5,0,68,166,13,22,2,16,7,22,0,0,0,6,3,130,17,0,0
48453001751,2,48,522,0,120,41,140,13,0,0,7,1,4,13,44,3,0,0,5,0,0,161,0,1,118,0,1,0,0,0,8,0,12,26,0,10,18,1,5,0,6,0,54,10,3,0,0,0,47,1,4,0,0,0,0,0,0,0,2,1,1,0,0,2,11,9,0,0,0,0,68,23,0,0,2,27,4,0,3,0,20,0,0,0,21,0,2,0,0,0,0,0,3,0,0,0,0,0,0,1,25,53,4,0,7,0,11,7,0,2,0,2,13,0,0,13,0,33,2,3,12,19,31,0,6,0,108,0,1,3,1,9,22,0,14,78,6,60,7,14,10,16,0,0,0,15,1,62,31,0,0
48453001752,0,2,105,0,5,6,7,9,0,0,0,0,20,24,141,4,0,1,4,0,1,344,2,5,36,0,0,0,0,2,5,0,3,42,1,5,3,2,0,0,7,0,15,7,0,0,4,0,28,0,1,1,0,0,0,0,0,0,0,1,0,0,0,9,33,66,0,0,1,0,96,3,0,1,1,52,1,7,31,1,9,1,0,0,14,0,1,0,0,0,0,0,1,0,0,0,0,0,0,1,6,16,9,0,85,0,4,4,0,0,0,1,0,0,0,0,2,12,2,0,7,4,16,0,0,0,33,0,1,1,1,6,8,0,6,208,3,8,4,11,2,8,0,0,0,6,0,35,16,0,0
48453001753,1,0,56,0,0,0,0,8,0,0,0,0,18,17,33,64,2,6,2,0,0,283,0,2,48,0,0,0,0,4,3,0,1,8,0,3,4,2,0,0,2,1,8,0,0,2,2,0,36,1,6,0,1,0,0,0,0,0,0,1,0,0,0,3,6,6,0,0,0,0,66,2,0,0,5,25,21,5,6,0,10,0,0,0,6,0,0,0,0,0,0,0,3,0,0,0,0,0,0,0,0,49,25,0,24,0,7,8,0,0,0,0,0,0,0,3,1,16,0,0,13,4,17,0,0,0,69,0,1,0,1,1,11,0,19,676,17,8,1,3,0,1,0,0,0,1,1,58,19,0,0
48453001754,0,80,169,0,165,82,55,14,0,0,3,3,40,43,151,19,0,5,11,2,0,574,2,5,30,0,0,0,0,5,3,0,13,46,1,2,6,3,6,0,15,0,4,8,10,0,10,0,67,2,1,2,0,0,0,0,0,0,1,7,6,0,0,19,26,28,0,0,1,0,131,5,0,1,8,120,1,4,16,5,4,1,0,0,25,0,3,0,0,0,0,0,24,1,0,0,0,0,0,1,24,70,28,0,25,0,8,3,0,0,0,0,4,0,0,51,8,28,1,1,11,37,30,0,2,0,187,0,6,4,6,4,4,0,74,619,15,49,2,25,7,27,0,0,0,4,1,154,27,0,0
48453001755,1,110,344,0,343,225,176,12,0,1,3,3,3,15,81,0,1,5,21,0,0,237,0,3,9,0,10,0,0,1,5,0,16,26,0,4,13,2,3,0,4,0,37,6,3,1,4,0,48,1,0,4,1,0,0,0,0,0,0,34,2,0,0,5,12,4,0,4,0,0,65,1,0,5,15,55,8,0,1,8,6,0,0,0,35,0,1,0,0,0,0,0,31,0,0,0,0,1,0,0,14,32,4,0,0,0,19,5,0,0,0,6,26,0,0,21,4,14,9,0,13,15,26,1,4,0,98,0,9,1,7,12,7,0,10,196,3,17,4,25,4,18,0,0,0,3,2,43,32,1,0
48453001756,0,65,355,0,297,110,106,9,0,0,1,2,19,28,121,2,0,4,14,0,0,661,1,8,7,0,0,0,0,1,6,0,60,74,0,1,11,5,2,0,3,0,20,10,6,0,6,0,24,2,0,3,0,0,0,0,0,0,0,9,10,0,0,7,24,13,0,0,0,0,78,9,0,0,5,68,2,11,7,4,18,0,0,0,40,0,1,0,0,1,0,0,26,3,2,0,0,1,0,0,16,47,8,0,6,0,4,1,0,2,2,3,26,0,0,23,4,16,0,3,9,21,14,5,2,1,112,0,1,2,0,9,2,0,29,77,9,47,4,20,5,29,0,0,0,27,0,50,36,0,0
48453001757,0,42,150,0,122,75,42,4,0,0,0,0,2,9,38,0,0,3,1,0,0,106,4,5,5,0,0,0,0,1,1,0,2,19,0,2,5,0,0,0,3,1,10,1,2,0,0,0,21,0,1,0,0,0,0,0,0,0,0,1,2,0,0,5,7,0,0,0,0,0,40,0,0,0,6,31,3,0,7,0,13,0,0,0,14,0,0,0,0,0,0,0,1,0,0,0,0,0,0,0,9,18,1,0,9,0,3,2,0,1,0,0,0,0,0,6,1,7,0,0,7,9,11,0,1,1,55,0,0,1,1,4,4,0,6,6,0,11,1,8,1,7,0,0,0,1,0,12,11,0,0
48453001760,1,11,7,0,3,5,7,1,0,0,0,1,1,9,49,1,0,0,1,2,0,308,3,60,30,0,0,0,0,3,0,0,1,57,2,17,4,1,1,2,0,0,6,0,0,0,6,0,3,0,0,0,0,0,0,0,0,0,0,1,0,0,0,3,7,1,0,0,0,0,40,2,0,1,5,31,2,0,6,1,0,0,0,0,1,0,0,0,0,0,0,0,0,0,1,0,3,0,0,0,2,8,3,0,6,0,3,1,0,0,0,0,2,0,9,3,0,5,0,0,4,1,12,0,1,2,40,0,4,1,0,0,5,0,1,314,10,0,0,0,0,0,0,0,0,0,0,24,18,0,0
48453001761,3,26,33,0,33,12,3,9,0,0,8,2,10,23,126,5,1,1,7,1,0,293,4,47,72,0,0,0,0,5,6,0,2,40,1,12,8,1,3,0,2,1,55,8,1,1,8,0,51,3,0,2,0,0,0,0,0,0,0,4,0,0,0,5,13,5,0,1,9,0,53,8,0,1,44,50,5,9,10,3,5,0,0,0,25,0,0,0,3,2,6,1,70,40,8,2,9,0,0,0,11,95,3,0,11,0,9,9,0,3,0,0,15,0,0,1,0,31,4,0,14,3,36,2,4,1,181,0,1,1,1,7,13,0,2,598,30,13,1,13,1,13,0,0,0,18,2,81,84,0,0
48453001765,0,43,34,0,84,32,31,1,0,0,0,0,7,25,75,5,0,3,2,2,0,144,3,76,34,0,0,0,0,2,0,0,2,24,1,12,4,0,2,2,1,0,13,8,0,0,7,0,15,0,0,2,0,0,0,0,0,0,0,0,0,0,0,7,14,1,0,1,0,0,38,1,0,1,13,62,4,1,18,0,34,0,0,0,3,0,1,0,0,0,0,0,1,0,1,0,0,0,0,0,0,11,10,0,2,0,0,0,0,0,2,0,14,0,5,5,1,0,0,1,5,3,9,0,2,0,62,0,2,2,0,0,4,0,0,133,6,1,1,2,0,1,0,0,0,1,2,62,30,0,0
48453001768,0,0,0,0,0,0,0,0,0,0,0,0,0,1,2,0,0,0,0,0,0,0,0,0,0,0,0,0,0,0,0,0,0,0,0,0,0,0,0,0,0,0,0,0,0,0,0,0,0,0,0,0,0,0,0,0,0,0,0,0,0,0,0,0,0,0,0,0,0,0,0,0,0,0,0,4,0,0,0,0,0,0,0,0,0,0,0,0,0,0,0,0,0,0,0,0,0,0,0,0,0,0,0,0,0,0,0,0,0,0,0,0,0,0,0,0,0,0,0,0,0,0,0,0,0,0,1,0,0,0,0,0,0,0,0,0,0,0,0,0,0,0,0,0,0,0,0,0,0,0,0
48453001769,2,103,89,0,313,98,114,10,0,0,3,3,43,40,180,8,1,1,7,0,1,628,2,16,4,0,2,0,0,2,0,2,52,73,3,0,36,1,8,0,14,0,16,16,1,1,26,0,36,9,0,1,0,2,0,0,1,0,3,8,5,0,0,17,40,3,0,2,0,0,98,3,0,1,26,206,9,247,10,0,0,3,0,0,14,0,0,0,0,0,0,0,10,0,0,0,0,0,0,0,32,46,16,0,8,0,5,2,0,1,0,0,0,1,1,16,2,19,0,0,18,29,52,3,15,1,126,0,20,2,0,15,7,0,5,232,12,19,5,8,11,36,0,0,0,13,4,101,34,0,0
48453001770,1,164,232,0,643,371,97,14,0,0,9,2,25,40,158,2,1,7,19,0,0,164,2,13,17,0,0,0,0,7,10,1,18,33,1,2,19,10,8,0,9,2,8,14,3,0,19,0,49,1,1,4,0,0,0,0,0,0,0,5,7,0,0,16,28,5,0,0,2,0,147,6,0,2,29,81,35,3,6,6,1,0,0,0,85,1,1,0,0,0,0,0,40,0,4,0,0,1,0,0,33,73,8,0,4,0,12,19,0,0,14,9,47,0,0,65,7,67,5,1,27,42,56,8,4,1,1402,0,10,19,7,13,13,0,1,202,25,33,4,7,8,65,0,0,0,5,11,365,67,1,0
48453001772,0,30,74,0,151,55,34,3,0,0,0,0,28,16,93,1,0,3,6,0,0,89,0,1,2,0,0,0,0,0,0,0,3,14,0,0,9,1,1,0,3,0,1,8,0,0,10,0,23,0,0,1,0,0,0,0,0,0,0,0,0,0,0,14,42,9,0,1,1,0,51,0,0,0,6,139,9,4,3,0,0,1,0,0,7,0,0,0,0,0,0,0,1,0,0,0,0,0,0,1,6,3,0,0,11,0,2,7,0,0,0,0,0,0,0,15,3,9,0,0,12,9,8,1,0,1,150,0,2,0,3,4,6,0,0,129,8,11,1,1,3,1,0,0,0,3,0,20,3,0,0
48453001774,0,101,270,0,389,148,135,3,0,0,0,1,54,30,174,2,0,9,12,0,0,198,1,12,5,0,0,1,0,1,0,0,9,18,0,0,21,2,2,1,9,0,11,24,3,0,21,0,29,1,1,1,0,0,0,0,0,0,0,2,3,0,0,33,51,17,0,0,4,0,88,1,0,0,9,174,24,6,14,2,0,0,0,0,26,1,0,0,0,0,0,0,10,0,0,0,0,0,0,0,33,58,5,0,9,0,15,9,0,1,1,5,11,0,0,60,2,29,6,2,26,24,37,2,6,2,500,1,4,7,1,14,12,0,0,61,5,33,2,10,3,31,0,0,0,5,2,45,29,0,0
48453001775,1,31,51,0,321,130,69,5,0,0,1,1,11,14,64,0,0,0,14,0,2,48,0,5,3,0,0,0,0,1,2,0,6,4,0,6,12,2,1,0,5,0,2,3,1,0,6,0,15,1,0,3,0,0,0,0,0,0,0,0,2,0,0,3,10,0,0,0,0,0,35,1,0,0,14,25,7,1,0,0,0,0,0,0,8,0,0,0,0,0,0,0,3,0,0,0,0,0,0,0,9,49,0,0,3,0,5,3,0,0,1,5,21,0,0,18,2,31,1,2,13,11,20,5,2,1,746,1,8,4,0,10,3,0,0,42,10,2,1,5,4,2,0,0,0,3,5,91,13,0,0
48453001776,0,54,124,0,141,103,44,24,0,0,4,0,50,30,118,16,10,3,6,0,0,550,1,10,23,0,0,0,0,0,2,0,32,102,0,8,23,3,8,0,14,0,6,43,8,0,15,0,84,13,2,1,1,0,0,0,0,0,4,5,4,0,0,15,35,39,0,1,2,0,48,1,0,0,11,137,6,4,15,10,6,0,0,0,73,0,0,0,0,0,0,0,8,0,0,0,0,0,0,11,25,56,10,0,26,0,29,7,0,1,0,3,16,1,0,35,4,38,0,3,13,12,40,2,10,3,135,0,4,3,3,8,6,0,80,351,17,27,5,19,7,34,0,0,0,20,1,24,9,0,0
48453001777,3,85,165,0,297,122,116,21,0,0,5,0,56,44,157,0,0,0,14,0,0,459,5,16,6,0,0,0,0,0,9,0,23,78,2,1,42,1,8,0,12,1,11,61,4,0,20,0,39,7,1,2,0,0,0,0,0,0,2,1,2,0,1,34,40,20,0,0,1,0,92,3,0,1,11,152,4,6,18,2,25,0,0,0,75,0,0,0,0,0,0,0,6,0,2,0,0,0,0,0,13,37,12,0,27,0,22,8,0,1,3,1,20,0,0,30,9,31,0,3,30,21,34,5,10,0,161,0,13,2,2,12,19,0,34,183,27,23,1,14,13,19,0,0,0,23,0,183,11,0,0
48453001781,0,50,149,0,131,66,56,17,0,0,3,0,7,15,57,0,0,0,2,1,0,109,0,0,20,0,0,0,0,1,2,0,8,18,0,2,11,0,0,0,2,0,11,2,7,0,1,0,21,0,0,1,0,0,0,0,0,0,0,1,7,0,0,4,5,3,0,0,0,0,48,2,0,1,3,41,0,0,5,0,2,0,0,0,5,0,0,0,0,0,0,0,8,0,0,0,0,0,0,0,19,46,6,0,2,0,11,5,0,0,0,2,11,0,0,5,3,16,4,5,5,15,19,0,4,0,23,0,4,2,0,12,9,0,16,115,9,24,1,13,4,7,0,0,0,2,1,100,37,0,0
48453001782,3,75,162,0,273,92,109,11,0,0,1,1,11,22,82,1,0,4,65,0,0,264,1,24,4,0,1,0,0,1,0,1,8,31,0,0,7,0,0,0,6,0,13,0,6,1,5,0,32,0,0,2,0,1,0,0,0,0,0,4,2,0,0,14,17,9,0,0,1,0,63,2,0,1,12,52,7,3,2,10,3,0,0,0,13,0,0,0,1,3,13,0,103,3,48,3,0,0,0,0,21,12,5,0,1,0,2,0,0,2,1,1,5,0,2,8,1,10,0,0,10,12,23,4,0,1,196,0,4,1,0,15,9,0,11,43,0,27,2,10,2,17,0,0,0,4,1,60,39,0,0
48453001783,0,0,0,0,0,0,0,0,0,0,0,0,0,1,5,0,0,0,0,0,0,40,1,4,0,0,0,0,0,2,0,0,4,14,0,0,0,1,0,0,0,0,1,2,0,0,1,0,2,1,0,2,0,0,0,0,0,0,0,2,1,0,0,1,3,1,1,0,0,0,3,0,0,0,3,4,0,0,0,0,0,0,0,0,1,0,0,0,0,0,0,0,1,0,0,0,0,0,0,0,6,2,0,0,0,0,1,0,0,0,0,0,0,0,0,0,0,0,0,0,1,0,0,0,1,2,6,0,0,1,0,0,0,0,0,0,0,5,0,3,0,1,0,0,0,0,0,0,5,0,0
48453001784,0,0,0,0,0,0,0,0,0,0,0,0,0,1,6,0,0,0,0,0,0,0,0,0,1,0,0,0,0,0,0,0,0,0,0,0,0,0,0,0,0,0,0,0,0,0,0,0,0,0,0,0,0,0,0,0,0,0,0,0,0,0,0,0,0,0,0,0,0,0,0,0,0,0,0,2,0,0,0,0,0,0,0,0,0,0,0,0,0,0,0,0,0,0,0,0,0,0,0,0,0,0,0,0,0,0,0,0,0,0,0,0,0,0,0,0,0,0,0,0,0,0,0,0,0,0,3,0,0,0,0,0,0,0,0,0,0,0,0,0,0,0,0,0,0,0,0,0,1,0,0
48453001785,0,2,106,0,9,9,13,9,0,0,0,1,15,17,60,10,0,6,1,0,0,164,0,6,21,0,0,0,0,4,7,0,5,15,0,2,9,0,0,0,3,0,2,8,2,0,5,0,33,3,0,0,0,0,2,0,0,0,0,2,2,0,0,12,22,6,0,2,1,0,57,0,0,1,14,60,0,5,15,0,13,0,0,0,19,0,0,0,0,0,0,0,0,0,0,0,0,0,0,1,6,41,5,1,8,0,5,8,0,0,0,2,12,0,0,2,6,14,1,0,13,8,19,4,0,0,30,0,0,0,0,5,3,0,11,619,38,8,0,4,1,3,0,0,0,16,0,27,19,0,0
48453001786,0,25,94,0,58,31,23,0,0,0,1,2,20,24,102,3,0,7,3,3,0,262,0,2,6,0,0,0,0,1,2,0,10,108,0,1,2,0,0,0,1,0,0,13,1,0,10,0,12,3,0,0,0,0,0,0,0,0,0,3,1,0,0,4,15,12,0,0,3,0,72,2,0,2,6,66,5,8,18,0,4,1,0,0,17,0,0,0,0,0,0,0,4,1,0,0,0,0,0,0,1,17,2,0,2,0,4,1,0,0,0,0,0,0,0,14,0,13,0,0,14,7,9,1,1,0,36,0,0,0,0,16,5,0,27,30,6,12,2,11,1,9,0,0,0,14,0,26,15,0,0
48453001804,0,68,244,0,140,80,75,22,0,0,4,6,82,41,211,6,0,1,9,0,1,1234,0,19,10,0,0,1,1,3,10,0,8,213,0,1,24,6,2,0,19,0,4,1,3,1,16,0,81,4,3,1,0,0,1,0,0,0,0,8,5,1,0,33,58,113,0,0,3,0,196,31,1,1,4,399,6,418,92,17,8,3,0,0,34,0,1,0,0,0,0,0,10,1,0,0,1,0,1,1,9,92,23,0,151,0,17,4,0,0,0,2,15,7,0,14,4,32,9,4,18,58,51,3,1,1,167,0,3,1,3,13,6,0,97,204,20,56,9,39,6,16,0,0,1,16,0,37,30,0,0
48453001805,1,35,168,0,131,36,28,13,0,0,3,0,90,41,138,7,0,2,7,0,0,1371,0,12,7,0,0,0,0,1,5,2,45,127,1,5,4,4,1,0,3,0,1,17,1,0,8,0,59,3,2,0,0,0,0,0,0,0,0,7,11,0,0,45,34,58,0,0,1,0,148,5,0,0,8,297,5,17,45,1,24,0,0,0,35,0,0,0,0,0,0,0,20,0,0,4,0,0,0,3,3,17,30,0,90,11,10,3,0,0,1,4,11,1,0,13,3,17,18,1,16,40,69,2,6,0,143,0,8,0,0,23,4,0,57,186,3,24,5,12,6,10,0,0,0,13,0,19,21,0,0
48453001806,2,83,245,1,81,60,41,14,0,0,1,2,91,52,221,2,0,0,2,1,0,1676,0,7,10,0,0,2,0,0,10,1,35,202,0,3,16,3,1,0,8,1,3,14,2,0,22,0,58,3,1,1,0,0,0,0,1,0,1,17,6,0,0,42,48,69,1,1,3,0,216,9,1,2,18,508,1,110,128,6,3,2,0,0,48,0,0,1,0,0,0,0,23,0,0,0,1,0,0,2,19,88,17,0,37,0,9,4,0,0,2,5,15,1,1,23,4,35,12,3,14,53,61,3,4,2,155,0,14,2,0,22,19,0,77,134,11,45,10,71,11,11,0,0,0,18,1,23,18,0,0
48453001811,0,15,83,1,39,19,16,8,0,0,4,4,24,28,76,0,1,3,4,0,0,526,0,3,13,0,0,1,0,1,4,1,11,96,1,7,17,3,0,0,8,0,7,1,2,1,5,0,35,1,6,0,0,0,0,0,0,0,1,5,2,0,0,17,22,23,0,0,0,0,94,16,0,0,6,169,1,15,27,0,4,2,0,0,8,0,0,0,0,0,0,0,7,0,0,0,0,0,0,1,8,52,22,0,16,0,13,6,0,0,0,0,30,0,0,12,1,22,2,0,10,13,22,2,3,0,120,0,2,3,0,2,13,0,40,182,8,13,2,15,4,4,0,0,1,11,1,21,15,0,0
48453001812,1,42,264,0,193,45,47,8,0,0,2,2,153,76,266,12,0,1,5,0,3,1606,1,6,14,0,0,1,0,2,1,1,20,177,0,2,15,1,0,0,8,0,2,19,0,1,43,0,58,0,3,1,1,0,0,0,0,0,1,14,1,2,0,39,43,108,0,1,5,0,248,23,0,1,16,626,8,62,101,10,12,1,0,1,45,1,0,0,1,2,0,0,39,4,2,0,0,0,0,2,6,62,31,0,45,0,21,5,0,0,2,3,16,0,3,22,4,22,2,5,35,55,56,1,1,1,159,0,15,0,0,14,7,0,76,212,5,29,12,18,8,10,0,1,0,11,2,34,29,0,0
48453001813,0,48,191,0,101,45,54,23,0,0,5,1,88,50,269,16,6,5,4,1,0,1694,0,4,19,0,0,0,0,8,41,1,39,134,1,2,18,2,2,0,7,0,12,9,1,1,20,0,64,1,7,0,0,0,0,0,0,0,0,13,3,1,0,49,41,51,1,1,2,0,210,15,0,3,5,340,8,8,59,17,6,2,0,1,40,1,1,26,1,4,1,1,55,3,5,0,0,0,0,2,14,47,29,0,42,0,18,8,2,0,0,6,6,0,0,12,1,28,5,3,17,36,37,6,2,2,140,0,7,1,3,9,10,0,60,205,16,31,2,32,12,20,0,0,1,38,1,48,49,0,0
48453001817,0,48,164,0,215,35,33,17,0,1,2,1,25,26,147,35,1,2,10,0,0,538,2,10,34,0,1,0,0,2,28,3,69,78,0,6,24,3,2,0,8,0,7,34,8,0,7,0,68,3,13,1,0,1,0,0,0,0,0,9,8,1,0,12,32,83,0,0,0,0,152,4,0,0,8,75,0,24,40,0,9,0,0,0,46,0,1,0,0,0,0,0,18,0,1,0,0,2,0,1,28,68,38,0,169,0,26,11,0,1,0,4,34,0,0,24,13,25,3,2,5,14,44,2,2,4,143,0,1,4,3,22,20,0,70,495,17,43,7,29,7,32,0,0,0,22,2,129,23,0,0
48453001818,2,80,217,2,244,44,33,37,0,0,4,3,59,38,142,10,0,1,4,0,0,1075,0,15,38,0,1,1,0,3,6,0,19,174,1,2,17,1,5,1,12,1,0,19,6,0,10,0,70,8,8,3,0,0,1,0,1,0,0,8,8,4,0,24,63,92,0,3,0,0,182,18,0,1,9,249,2,22,45,8,1,1,0,0,55,1,0,0,0,0,0,0,31,0,5,0,1,0,0,4,16,49,17,0,68,0,19,5,1,3,0,3,34,0,1,15,18,27,6,4,30,52,76,1,11,1,248,0,23,5,2,18,9,0,128,236,26,49,5,23,9,36,0,0,1,25,0,90,28,0,0
48453001819,0,26,125,0,88,21,36,15,0,0,0,13,34,34,105,6,0,0,6,0,0,1038,0,4,8,0,0,0,0,2,1,1,47,136,0,2,5,2,3,0,5,0,1,62,4,0,7,0,27,1,5,1,0,0,0,0,0,0,0,10,5,0,0,19,21,127,1,0,0,0,93,4,0,1,10,227,1,3,55,15,10,1,0,0,56,0,0,0,0,0,0,0,21,0,1,2,0,0,0,3,10,58,25,0,110,0,10,8,0,1,2,1,18,1,1,13,3,16,1,5,13,18,34,0,6,1,71,0,6,0,5,10,5,0,31,350,16,35,7,24,9,8,0,0,0,10,0,23,5,0,0
48453001820,0,31,197,0,102,52,28,17,0,0,4,2,85,50,209,7,0,6,5,0,0,1476,1,4,10,1,0,0,0,2,1,4,43,188,0,2,7,1,0,0,5,0,0,22,1,2,13,0,52,1,2,1,0,0,0,0,0,0,0,8,8,0,0,48,46,94,0,4,2,0,209,7,0,1,8,291,2,17,66,5,56,1,0,0,54,0,1,0,1,0,0,0,7,3,2,0,0,0,0,1,11,54,29,0,73,0,10,2,0,2,2,2,28,0,0,19,3,25,4,5,6,25,34,1,5,1,101,0,4,0,0,16,10,0,80,52,11,25,6,11,5,18,0,0,1,13,2,28,21,0,0
48453001821,0,85,219,0,256,129,75,21,0,0,1,3,79,57,257,3,0,3,2,0,1,1555,0,11,7,0,0,0,0,6,3,2,119,268,0,2,15,6,2,0,2,0,12,59,5,1,25,0,82,7,5,3,0,0,0,0,0,0,0,17,3,0,0,58,55,41,0,1,6,0,175,19,0,0,9,520,1,120,112,1,46,2,0,0,67,0,0,0,0,0,0,0,8,0,4,0,0,0,0,3,28,68,23,0,22,0,16,9,0,0,3,0,11,0,0,44,16,25,4,2,13,41,62,5,7,2,123,0,9,2,5,12,2,0,77,131,5,52,7,30,7,42,0,0,0,11,0,40,23,0,0
48453001822,0,49,266,0,176,51,49,13,0,0,3,1,92,68,234,1,1,3,3,0,0,1679,0,7,16,0,0,0,0,1,0,0,50,254,0,3,5,1,1,1,5,0,3,24,4,0,19,0,33,11,0,1,0,0,0,0,0,0,2,14,3,1,0,35,46,34,0,1,3,0,191,4,0,0,11,491,4,23,98,4,10,0,0,0,24,0,0,0,0,1,1,0,30,0,0,0,0,0,0,1,11,37,19,0,14,0,19,7,0,1,0,0,1,0,2,14,8,26,1,2,5,36,51,0,6,1,144,0,4,0,1,17,5,0,42,101,4,52,7,8,6,27,0,0,1,18,0,25,11,0,0
48453001823,1,46,244,0,89,68,37,21,0,0,2,5,115,53,203,12,0,1,5,0,0,1339,0,5,14,0,2,2,0,4,3,1,106,232,0,6,32,0,3,1,3,1,1,37,5,1,36,0,97,7,5,1,0,0,0,0,0,0,0,17,15,0,0,44,41,137,0,4,4,0,193,7,0,1,12,641,6,50,110,10,9,4,0,0,46,5,1,0,0,0,0,0,30,0,2,0,0,0,0,0,24,105,48,0,44,0,23,8,0,0,5,3,21,0,1,57,22,53,11,5,20,52,70,4,6,2,127,0,17,1,4,39,24,0,51,389,19,50,3,21,24,29,0,0,1,16,3,34,15,0,0
48453001824,0,50,82,0,97,36,24,7,0,0,0,2,21,13,83,3,0,0,4,0,1,445,3,6,7,0,0,0,0,0,0,0,23,93,0,2,2,0,4,0,0,0,3,5,3,0,4,0,24,10,0,3,0,0,0,0,0,0,2,5,13,0,0,13,17,5,0,0,0,0,69,1,0,1,1,174,0,2,9,3,1,0,0,0,17,1,2,0,0,0,0,0,12,0,0,0,0,0,0,0,22,58,10,0,3,0,1,0,0,0,0,0,0,0,0,1,2,13,3,0,12,18,15,0,3,5,67,0,4,1,0,5,1,0,27,33,4,27,2,31,12,27,0,0,0,7,0,18,9,0,0
48453001826,0,21,152,0,73,32,10,5,0,0,2,2,32,26,93,8,1,0,10,0,0,518,0,2,13,0,1,0,0,9,4,1,48,30,0,3,8,3,1,0,11,0,11,11,3,0,5,0,47,3,1,1,0,0,0,0,0,0,0,2,12,0,0,31,39,23,1,2,3,0,118,6,1,2,16,138,5,0,3,8,0,1,0,0,24,0,0,0,0,1,5,0,127,9,10,20,0,0,0,0,17,35,10,0,21,0,3,11,0,1,0,4,0,5,2,3,7,23,2,1,17,14,22,0,3,1,52,0,8,4,2,11,18,0,44,406,26,29,2,14,3,7,0,0,0,5,1,31,48,0,0
48453001828,0,102,208,0,217,77,114,12,0,0,2,3,22,25,89,1,0,3,29,0,0,635,1,33,20,0,0,0,0,0,2,2,14,92,0,1,12,1,0,0,10,0,8,20,3,0,7,0,30,0,1,4,0,0,0,0,0,0,0,1,0,1,0,10,43,13,0,2,1,0,91,2,0,2,6,104,2,3,5,2,13,0,0,0,77,0,0,0,0,0,0,0,4,0,0,0,0,0,0,0,11,27,10,0,17,0,5,7,0,1,2,2,17,0,0,81,5,14,0,5,5,23,34,0,7,0,99,0,3,9,2,15,6,0,9,92,7,31,3,15,6,28,0,0,0,19,1,118,18,0,0
48453001829,1,25,98,0,71,24,42,2,0,0,3,1,23,17,75,5,0,1,58,0,0,250,0,2,33,0,1,0,0,2,4,1,9,36,0,2,9,1,2,0,7,0,13,2,0,0,14,0,25,0,1,1,0,0,0,0,2,0,0,15,1,0,1,2,13,21,0,2,0,0,60,5,0,1,1,78,2,2,9,9,30,0,0,0,30,0,1,0,0,1,7,0,90,2,14,11,0,0,0,0,12,37,7,0,50,0,7,4,0,0,4,0,8,0,0,23,4,13,1,2,5,14,19,0,1,0,55,0,2,7,0,5,1,0,29,329,4,24,5,7,2,14,0,0,0,13,0,53,14,0,0
48453001832,1,60,84,0,78,45,30,10,0,0,1,2,28,11,96,4,0,1,3,1,0,864,0,23,5,0,0,0,0,0,1,1,22,114,0,0,10,0,1,0,6,0,7,3,3,0,10,0,30,3,0,1,0,0,0,0,0,0,0,23,8,0,0,23,24,14,0,0,0,0,70,6,0,0,8,168,1,1,5,6,2,1,0,0,17,0,0,0,0,0,0,0,24,2,4,0,0,0,0,2,12,27,11,0,5,0,1,0,0,1,0,0,2,0,1,3,2,12,2,1,9,31,17,0,2,5,68,0,30,3,0,2,1,0,30,4,5,44,6,37,7,11,0,0,0,7,1,22,15,0,0
48453001833,0,130,314,3,275,68,86,21,0,0,0,8,115,60,271,3,0,2,6,2,0,1428,0,8,8,0,1,2,0,3,1,4,38,279,0,2,44,2,6,1,10,0,7,14,8,1,38,0,122,8,3,4,0,1,0,0,0,0,2,19,14,1,0,45,66,62,1,1,3,0,227,12,0,1,16,710,7,26,102,1,10,2,0,0,50,1,0,0,0,0,0,0,4,0,0,0,0,0,0,2,21,65,26,0,27,0,17,2,0,0,8,8,15,1,2,34,12,45,4,7,18,54,57,2,5,3,170,0,23,7,2,18,14,0,63,151,12,77,17,38,14,34,0,0,0,14,3,38,29,0,0
48453001834,3,81,296,1,201,85,167,19,0,2,8,5,160,215,1621,12,4,2,251,6,2,852,31,37,27,0,1,1,0,14,15,7,33,128,2,8,58,8,7,0,10,7,21,10,2,0,33,0,202,4,49,5,3,1,1,0,1,2,0,24,9,1,0,41,143,36,2,7,8,0,244,69,0,10,77,393,6,28,59,2,29,11,0,0,60,6,1,15,1,1,1,0,24,0,3,3,25,1,0,9,54,231,77,0,35,0,28,29,2,4,2,6,6,9,3,35,7,68,7,1,42,53,64,6,3,3,257,6,12,4,5,18,73,0,93,598,41,47,9,38,11,24,0,0,12,22,8,156,103,1,2
48453001835,0,63,137,0,88,78,53,13,0,0,2,0,76,30,179,2,0,1,6,0,0,645,1,5,6,0,0,0,0,2,0,0,25,61,0,0,3,1,3,1,4,0,12,15,2,2,23,0,25,3,3,0,0,0,0,0,0,0,0,2,1,0,0,35,55,73,0,1,3,0,88,6,0,1,8,261,5,14,43,7,3,4,0,0,40,0,0,0,0,0,0,0,52,1,2,0,0,0,0,2,5,26,18,0,10,0,8,5,0,1,1,1,5,0,0,9,4,18,1,1,11,13,15,1,1,0,88,0,17,0,3,8,4,0,1,40,6,25,3,9,1,21,0,0,0,10,2,26,25,0,0
48453001839,1,59,267,0,150,46,38,14,0,0,3,2,83,54,235,29,1,7,6,4,0,605,1,11,28,0,1,0,0,17,10,0,11,65,0,4,13,1,3,0,6,1,13,21,3,0,25,0,93,5,1,1,0,1,0,0,0,0,0,7,3,0,0,48,61,19,0,0,7,0,162,21,0,2,50,409,20,39,35,1,12,6,0,1,48,1,1,0,1,0,0,0,4,0,0,0,0,0,0,2,27,92,46,0,35,0,30,17,0,1,1,3,15,1,0,52,14,27,2,0,34,40,51,7,8,3,158,0,8,4,10,5,24,0,4,653,73,25,2,7,11,22,0,0,0,17,2,75,96,0,0
48453001840,1,24,38,0,32,11,25,9,0,0,3,1,22,20,81,2,1,2,0,2,1,108,0,6,4,0,0,0,0,5,1,1,7,3,0,0,4,0,5,0,1,0,3,2,0,0,8,0,47,0,0,0,0,0,0,0,1,0,0,12,0,0,0,15,23,6,0,1,0,0,68,0,0,1,12,99,3,6,2,1,18,1,0,0,18,0,1,0,0,0,0,0,1,0,0,0,0,0,0,0,9,27,14,0,3,0,11,3,0,0,0,2,0,0,0,3,0,4,1,0,5,5,19,1,1,1,56,0,4,1,1,4,1,0,1,292,14,10,1,6,4,7,0,0,1,3,3,32,51,0,0
48453001841,0,1,0,0,11,0,1,0,0,0,0,0,0,1,5,0,0,0,0,0,0,1,0,0,0,0,0,0,0,0,0,0,0,0,0,0,0,0,0,0,0,0,0,0,0,0,0,0,0,0,0,0,0,0,0,0,0,0,0,1,0,0,0,0,2,0,0,0,0,0,1,0,0,0,0,1,0,0,0,0,0,0,0,0,0,0,0,0,0,0,0,0,0,0,0,0,0,0,0,0,0,0,0,0,0,0,0,0,0,0,0,0,0,0,0,0,0,0,0,0,0,0,0,0,0,0,1,0,0,0,0,0,0,0,0,0,0,0,0,0,0,0,0,0,0,0,0,0,0,0,0
48453001842,0,29,78,0,112,16,47,4,0,0,1,1,24,10,94,1,0,0,0,0,0,100,0,5,2,0,1,0,0,2,0,1,1,20,0,1,2,1,0,1,4,0,2,2,6,0,11,0,21,0,0,0,0,0,0,0,0,0,0,6,1,0,0,9,25,1,0,0,1,0,39,1,0,4,60,186,6,30,20,0,1,0,0,0,6,0,0,0,0,0,0,0,1,0,0,0,0,0,0,6,19,12,3,0,2,0,0,0,0,0,0,0,5,0,0,14,0,7,0,1,6,8,4,1,13,2,88,0,5,3,0,3,2,0,0,86,8,5,1,0,0,1,0,0,1,1,1,42,15,0,0
48453001843,1,61,139,1,103,76,75,19,0,0,2,10,34,15,81,1,0,1,5,0,0,539,0,10,7,0,0,0,0,2,2,0,7,105,0,0,10,0,1,0,1,0,2,8,0,0,11,0,80,0,0,2,0,0,0,0,0,0,1,3,1,0,0,22,39,8,0,0,0,0,81,8,0,0,0,144,2,1,18,2,5,2,0,0,36,0,0,0,0,0,0,0,0,0,0,0,0,0,0,0,6,17,3,0,5,0,3,2,0,0,0,0,0,0,0,6,0,12,0,0,6,14,13,1,4,0,71,0,2,3,2,5,0,0,41,3,0,25,2,17,9,19,0,0,0,15,2,52,19,0,0
48453001844,0,66,136,0,167,72,48,4,0,0,1,4,58,22,120,3,0,2,8,0,0,435,0,10,5,0,0,0,0,0,1,0,13,105,0,1,13,1,0,0,5,0,3,15,0,0,13,0,36,0,5,0,0,0,0,0,0,0,0,2,1,0,0,31,38,8,0,0,0,0,75,2,0,0,10,194,3,9,33,11,2,1,0,0,32,0,1,0,0,0,0,0,35,0,1,0,1,0,0,0,5,21,12,0,23,0,2,0,0,0,1,0,0,0,1,6,4,8,2,0,4,5,7,0,1,0,63,0,0,0,1,1,0,0,31,189,12,26,4,17,6,20,0,0,0,2,0,38,3,0,0
48453001845,1,55,190,0,108,64,66,12,0,0,1,3,21,21,102,3,0,4,10,0,0,338,2,9,7,0,0,0,0,1,1,1,16,51,2,4,4,2,0,1,5,0,5,5,3,0,13,0,51,4,4,1,0,0,0,0,2,0,1,3,3,0,0,22,34,6,0,1,2,0,96,16,0,0,7,168,2,11,33,12,3,2,0,0,31,0,0,0,0,0,0,0,39,1,2,0,0,0,0,0,17,26,19,0,19,0,11,3,0,0,1,2,5,0,0,8,1,16,0,2,4,15,21,2,3,0,129,0,2,2,3,2,10,0,44,70,7,39,8,23,3,15,0,1,1,6,1,39,20,0,0
48453001846,0,42,119,0,104,39,59,13,0,0,2,0,17,13,55,0,0,0,5,0,0,173,0,6,10,0,0,0,0,0,0,0,15,60,0,0,6,3,1,0,6,0,1,6,0,0,6,0,23,1,1,2,0,1,0,0,0,0,0,4,1,0,0,4,22,17,0,0,1,0,71,2,0,1,1,75,3,0,2,0,2,0,0,0,10,0,0,0,0,0,0,0,1,0,0,0,0,1,0,3,5,18,1,0,1,0,1,12,0,0,0,1,0,0,0,27,0,12,0,0,6,14,19,1,2,1,134,0,1,1,0,3,0,0,32,134,1,14,2,5,3,3,0,0,0,1,1,61,19,0,0
48453001847,0,81,165,0,103,108,114,19,0,0,6,4,64,41,194,1,0,5,8,0,0,465,0,19,4,0,0,0,0,4,3,0,21,62,0,1,18,1,4,0,6,0,16,19,10,0,13,0,68,0,3,0,0,0,0,1,0,0,0,8,2,0,0,38,55,12,0,2,3,0,129,2,1,2,6,176,6,4,29,14,42,3,0,0,31,0,0,0,0,0,1,0,18,0,0,0,0,0,0,1,34,37,16,0,7,0,5,6,1,1,0,0,3,0,1,66,3,26,1,2,30,25,30,3,5,1,83,0,16,10,3,9,9,0,18,183,24,24,3,22,8,17,0,0,0,15,3,203,40,0,0
48453001848,0,69,165,0,135,81,82,12,0,0,3,2,73,41,167,18,1,4,3,0,0,515,0,10,20,0,1,0,0,4,3,0,17,63,0,6,13,1,4,0,1,0,22,13,3,0,20,0,56,1,0,1,0,0,0,0,1,0,0,4,2,0,0,32,32,65,0,1,1,0,147,4,0,0,8,207,6,3,21,7,4,0,0,0,13,0,2,0,0,0,0,0,44,0,0,0,0,0,0,0,15,32,20,0,45,0,12,9,0,0,2,1,31,0,1,133,8,29,1,3,16,21,48,3,3,2,150,0,4,4,2,18,24,0,27,768,47,45,4,14,7,18,0,0,0,2,1,109,52,0,0
48453001849,0,0,215,0,2,0,0,22,0,0,12,4,61,47,181,52,2,13,8,4,4,717,1,10,32,0,1,0,0,15,20,1,15,28,0,3,34,11,3,2,7,1,9,6,3,1,18,0,154,5,14,0,3,0,0,0,0,0,1,15,3,0,0,18,37,56,0,2,2,0,222,31,0,2,14,149,36,257,80,2,65,0,0,1,36,1,1,0,0,0,1,0,23,0,0,0,1,0,0,1,26,172,43,1,72,0,28,33,0,3,3,11,0,0,0,23,16,54,4,0,29,30,59,5,1,1,96,0,5,2,3,11,30,0,91,1491,129,40,20,30,10,13,0,0,1,8,2,127,91,0,0
48453001850,0,34,121,0,56,39,20,4,0,0,0,5,44,51,126,28,0,4,4,0,1,451,1,9,20,0,0,0,0,3,6,0,24,118,1,5,3,0,1,1,2,0,3,58,2,0,7,0,21,1,5,0,0,1,0,0,0,0,0,3,4,0,0,19,45,26,0,0,1,0,78,4,0,1,2,182,5,91,46,28,3,0,0,0,23,1,0,0,0,0,0,0,43,0,1,0,0,0,0,1,9,56,16,0,50,0,9,7,0,0,0,0,1,0,1,10,6,21,2,0,11,13,16,0,1,2,66,0,0,5,0,9,3,0,12,652,12,9,1,9,6,10,0,0,0,2,1,40,15,0,0
48453001851,0,0,1,0,0,0,0,0,0,0,0,0,0,0,0,1,0,0,0,0,0,8,0,0,0,0,0,0,0,0,0,0,0,0,0,0,0,0,0,0,0,0,0,1,0,0,1,0,4,0,0,0,0,0,0,0,0,0,0,0,0,0,0,0,1,1,0,0,0,0,3,0,0,0,0,16,0,0,0,0,0,0,0,0,0,0,0,0,0,0,0,0,0,0,0,0,0,0,0,0,0,4,1,2,0,0,0,0,0,0,0,0,0,0,0,0,0,0,0,0,1,0,1,0,0,0,3,0,0,0,0,0,0,0,0,7,1,0,0,0,0,0,0,0,0,0,0,0,2,0,0
48453001856,0,51,102,0,198,75,98,8,0,0,3,2,40,27,164,1,0,5,3,1,0,187,3,9,3,0,0,0,0,2,0,0,5,26,0,1,4,1,0,0,3,1,6,10,13,0,16,0,50,0,0,3,0,0,0,0,0,0,0,8,4,0,0,28,38,1,0,0,0,0,100,4,0,6,68,223,21,2,10,3,9,5,0,1,23,0,0,0,0,0,0,0,7,1,1,2,0,0,0,0,62,49,6,0,0,0,5,4,2,1,0,4,4,0,0,69,4,18,2,1,10,10,22,10,10,0,144,0,4,4,9,5,6,0,7,194,17,14,0,13,2,6,0,0,0,15,1,31,29,0,0
48453001857,0,0,3,0,0,0,0,0,0,0,0,0,2,6,11,5,0,0,0,0,0,17,0,0,0,0,0,0,0,2,0,0,0,1,0,0,0,0,0,0,0,0,0,2,0,0,0,0,4,0,0,0,0,0,0,0,0,0,0,0,0,0,0,3,2,1,0,0,0,0,16,0,0,0,2,20,0,23,7,0,0,0,0,0,0,0,0,0,0,0,0,0,0,0,0,0,0,0,0,0,0,3,13,1,1,0,0,0,0,0,0,0,0,0,0,0,0,0,0,0,0,1,6,0,0,0,15,0,0,0,0,0,0,0,0,57,2,0,0,0,1,0,0,0,0,0,0,0,17,0,0
48453001863,0,0,0,0,0,0,0,0,0,0,0,0,1,0,0,0,1,0,0,0,0,9,0,0,1,0,0,0,0,1,0,0,0,1,0,0,0,0,0,0,0,0,0,0,0,0,0,0,2,0,0,0,0,0,0,0,0,0,0,0,0,0,0,0,0,0,0,0,0,0,5,0,0,0,0,6,0,0,0,0,0,0,0,0,1,0,0,0,0,0,0,0,0,0,0,0,0,0,0,0,0,1,2,0,0,0,0,0,0,1,0,0,0,0,0,0,0,1,0,0,3,0,1,0,0,0,6,0,0,0,0,0,0,0,0,46,0,0,0,0,0,0,0,0,0,0,0,1,2,0,0
48453001864,0,0,16,0,0,0,0,1,0,0,0,0,0,1,4,1,0,0,0,0,0,17,0,0,0,0,0,0,0,1,0,0,1,2,0,0,0,0,0,0,1,0,0,0,0,0,0,0,9,0,0,0,0,0,0,0,0,0,0,0,0,0,0,0,1,0,0,0,0,0,11,0,0,0,5,18,0,0,0,0,5,0,0,0,5,0,0,0,0,0,0,0,0,0,0,0,0,0,0,0,2,17,0,0,1,0,6,2,0,2,0,0,1,0,0,0,1,1,0,0,3,3,2,0,0,0,2,0,0,0,0,0,1,0,1,4,10,1,0,3,1,2,0,0,0,5,0,2,9,0,0
48453001901,2,94,226,0,330,131,110,34,0,0,11,9,25,36,130,28,0,3,26,2,0,560,18,134,25,0,0,0,0,7,51,0,14,112,16,2,63,11,14,0,21,2,13,3,7,0,14,0,77,1,98,1,0,0,0,0,0,0,1,18,10,0,0,10,40,82,1,1,7,0,126,17,0,1,25,135,8,61,24,3,0,1,0,1,49,0,0,0,0,2,3,0,118,5,12,2,5,0,0,5,44,129,22,0,43,0,15,11,1,4,3,7,4,44,0,37,13,46,15,3,10,29,46,2,3,1,171,0,3,3,3,11,29,0,61,142,11,69,11,49,12,29,0,0,0,24,3,128,46,0,0
48453001908,1,65,80,0,189,48,36,18,0,0,12,0,67,38,182,14,8,5,4,0,1,559,3,9,20,0,6,0,0,0,3,3,27,36,1,4,49,1,1,0,11,1,19,14,1,0,22,0,128,3,0,6,0,0,0,0,0,0,0,17,4,0,0,22,33,10,1,3,0,0,106,11,0,2,21,262,3,9,29,0,7,1,0,0,41,3,0,0,0,0,0,0,2,0,0,0,0,0,0,2,22,260,13,0,9,0,21,13,1,2,0,0,0,0,0,18,11,36,0,1,20,23,41,2,5,1,165,0,15,7,5,6,23,0,15,783,46,25,5,7,5,9,0,0,0,21,4,119,33,0,0
48453001910,1,116,164,0,300,102,108,25,0,0,3,5,27,33,113,31,0,5,6,0,0,269,4,42,26,0,3,0,0,7,2,20,31,33,2,2,35,5,13,0,14,2,20,8,6,0,11,0,79,2,15,1,1,0,0,0,0,0,1,16,7,1,0,4,16,8,1,6,4,0,105,15,0,0,11,103,4,12,5,5,25,0,0,0,65,1,0,1,5,11,13,1,105,16,27,0,16,1,0,0,43,154,20,0,24,0,26,12,1,3,3,7,17,6,1,46,5,59,19,5,46,33,75,4,2,2,138,0,9,3,15,13,17,0,41,501,31,57,10,61,9,19,0,0,1,21,3,135,92,0,0
48453001911,1,6,43,0,20,10,18,9,0,0,8,0,21,44,116,15,2,0,99,0,0,198,2,10,7,0,0,0,0,4,6,0,11,12,0,1,15,4,1,0,5,1,7,2,0,0,16,0,18,1,243,0,2,0,0,0,0,0,0,7,2,1,0,5,23,34,0,0,0,0,124,3,0,0,20,125,7,139,53,9,3,0,0,0,11,0,1,20,13,36,50,0,447,31,195,28,327,0,1,24,5,46,7,0,61,0,11,9,0,0,0,0,0,210,1,16,3,35,26,0,29,16,37,3,3,0,64,0,0,0,1,3,8,0,16,246,20,19,4,12,9,4,0,0,2,4,2,53,69,0,0
48453001912,0,4,42,0,75,17,17,4,0,0,2,1,5,15,72,3,0,2,3,0,0,128,4,28,20,0,0,0,0,1,0,0,7,15,2,7,6,0,1,0,4,0,8,1,6,0,3,0,30,2,0,1,0,0,0,0,0,0,1,4,1,1,0,5,6,0,0,0,4,0,59,3,0,1,4,19,4,1,7,0,1,0,0,0,6,0,0,0,0,0,0,0,2,0,0,0,0,0,0,0,9,49,6,0,3,0,3,6,1,0,1,0,3,0,0,3,0,16,0,0,17,10,14,0,1,3,31,0,1,1,4,5,6,0,1,320,13,26,3,20,1,4,0,0,1,1,0,30,27,0,0
48453001913,0,22,65,0,125,39,18,12,0,0,0,0,2,8,37,4,0,2,2,0,0,137,5,16,17,0,0,0,0,2,3,0,10,12,1,2,13,2,1,0,4,1,22,1,3,0,3,0,22,1,1,0,0,0,0,0,0,0,0,1,2,0,0,2,11,2,0,0,2,0,44,1,0,0,3,22,1,5,2,2,1,0,0,0,1,0,0,0,0,0,0,0,7,0,4,0,0,1,0,0,7,31,7,0,1,0,1,0,1,0,0,0,0,0,0,5,0,10,0,0,17,11,9,0,2,1,44,0,0,1,1,2,7,0,0,470,11,17,3,5,0,9,0,0,0,0,4,23,26,0,0
48453001914,6,89,146,0,248,69,57,19,0,0,2,3,15,24,111,1,0,3,9,0,0,152,3,16,9,0,0,0,0,0,3,0,12,17,2,0,20,6,5,0,8,0,57,24,5,0,12,0,90,1,3,2,0,1,0,0,0,0,1,3,3,0,0,6,28,13,0,0,2,0,58,6,0,2,14,53,1,12,9,3,1,0,0,0,36,0,2,0,0,0,1,0,31,0,14,0,0,0,0,0,35,132,6,0,15,0,23,6,0,3,0,2,3,1,1,32,1,28,0,0,10,18,28,2,3,0,211,0,1,12,6,8,25,0,14,412,37,46,6,22,1,18,0,0,0,6,2,306,76,0,0
48453001915,0,32,71,0,66,21,23,14,0,0,6,4,32,7,82,10,0,1,4,1,0,343,0,9,13,0,2,0,0,3,4,1,20,64,0,6,11,1,0,0,2,1,16,7,0,0,6,0,37,2,3,0,0,0,0,0,0,0,10,17,15,5,0,4,14,33,0,1,2,0,55,8,0,1,5,80,2,5,3,4,10,1,0,0,19,0,0,0,0,0,0,0,9,2,0,0,0,0,0,0,9,98,5,0,48,1,13,7,0,0,0,2,6,0,0,10,3,39,0,0,21,7,36,7,1,2,76,0,3,4,2,7,23,0,27,290,13,28,3,8,2,11,0,0,0,4,10,71,32,0,0
48453001917,0,20,32,0,31,45,21,3,0,0,1,0,2,8,15,2,0,1,3,0,0,41,0,2,7,0,0,0,0,0,1,0,2,12,0,0,1,0,1,0,2,0,8,4,1,0,1,0,6,0,4,1,0,0,0,0,1,0,0,2,3,0,0,3,5,5,0,0,0,0,30,0,0,0,2,36,1,8,1,3,0,1,0,0,2,0,0,0,0,0,1,0,48,0,0,0,2,0,0,0,4,27,1,0,34,0,4,3,0,0,0,0,0,1,0,3,0,16,8,0,14,4,16,0,3,1,64,0,0,0,0,1,7,0,3,76,6,10,2,1,3,4,0,0,0,2,0,15,8,0,0
48453001918,0,0,12,0,0,0,0,1,0,0,0,0,0,0,0,0,0,0,0,0,0,0,0,0,1,0,0,0,0,0,0,0,0,0,0,0,1,0,0,0,0,0,0,0,0,0,0,0,4,0,0,0,0,0,0,0,0,0,0,0,0,0,0,0,0,0,0,0,0,0,3,0,0,0,0,1,0,0,0,0,0,0,0,0,0,0,0,0,0,0,0,0,0,0,0,0,0,0,0,0,0,3,0,0,0,0,3,0,0,0,0,0,0,0,0,0,0,0,0,0,7,0,2,0,0,0,1,0,0,0,0,0,0,0,1,29,2,0,0,0,0,0,0,0,0,0,0,0,0,0,0
48453001919,0,31,12,0,50,22,31,6,0,0,1,1,0,2,9,3,0,1,1,0,0,39,0,3,1,0,0,0,0,1,1,1,3,3,0,1,1,0,0,0,2,0,2,1,0,1,0,0,6,1,0,1,0,0,0,0,0,0,0,1,0,0,0,0,7,0,0,0,0,0,6,2,0,0,0,7,0,2,0,0,0,1,0,0,3,0,0,0,0,0,0,0,1,0,0,0,0,1,0,0,10,24,2,0,1,0,2,2,0,0,0,0,1,0,0,8,0,4,0,1,1,1,11,0,1,1,19,0,0,2,1,0,2,0,19,8,1,4,0,2,0,5,0,0,0,4,1,6,5,0,0
48453002002,0,75,167,0,249,92,110,18,0,0,0,3,64,16,142,4,0,1,10,0,1,726,3,38,18,0,0,0,0,4,20,0,12,117,2,5,24,2,3,0,7,0,0,12,8,0,12,0,62,4,11,5,0,0,0,0,0,0,5,14,4,0,0,23,58,102,0,1,2,0,135,14,0,14,17,155,4,2,13,1,1,4,0,0,28,0,0,0,0,0,0,0,2,0,0,0,0,0,0,0,31,101,28,0,66,0,3,1,0,0,0,0,4,1,0,5,4,33,1,1,7,49,22,3,6,2,170,0,4,6,2,15,8,0,66,116,10,56,6,48,4,23,0,0,0,21,2,34,30,0,0
48453002003,0,74,161,0,132,66,79,24,0,0,3,6,54,42,150,13,0,7,9,0,2,784,3,34,18,0,0,1,0,2,12,0,53,91,0,1,17,3,2,0,12,0,9,14,2,1,9,0,60,1,11,0,0,1,0,0,0,0,1,15,4,0,0,25,33,40,0,0,1,0,122,24,0,0,13,245,5,20,12,9,0,4,0,0,39,0,0,1,0,0,0,0,31,0,0,0,0,0,0,4,26,124,18,0,32,0,10,3,0,1,0,3,14,3,1,38,14,38,7,3,9,19,32,3,4,2,124,0,12,1,2,17,12,0,45,108,37,42,13,31,4,19,0,0,0,21,2,31,28,0,0
48453002004,0,11,57,0,16,16,9,5,0,0,4,0,35,30,132,56,0,1,1,1,0,256,1,15,12,0,1,0,0,4,8,0,3,34,2,2,15,5,3,1,2,0,3,0,1,0,6,0,27,2,72,1,0,0,0,0,0,0,0,1,0,0,0,4,24,68,0,0,1,0,76,19,0,1,5,48,2,76,27,1,1,0,0,0,11,1,0,0,0,0,0,0,2,0,0,0,0,0,1,1,11,60,25,0,25,0,14,8,0,1,0,5,6,15,0,18,6,23,1,2,6,12,25,2,9,1,66,0,2,0,3,5,12,0,39,367,14,8,3,4,2,4,0,0,1,3,1,97,18,0,0
48453002005,1,60,143,1,164,45,58,17,0,0,4,2,69,49,204,11,0,2,3,0,0,671,6,50,22,0,1,0,0,0,16,1,17,87,10,4,49,3,8,0,15,1,10,13,5,1,27,0,60,2,64,2,0,0,0,0,0,0,2,31,21,0,0,30,54,154,3,3,4,0,162,19,0,1,15,228,4,30,29,5,0,2,0,0,42,0,1,4,0,0,2,0,47,2,7,1,0,0,0,4,28,127,24,0,46,0,12,6,0,2,0,1,1,23,0,16,10,54,11,1,18,28,66,4,8,0,97,0,12,2,1,9,16,0,87,169,15,22,8,18,8,25,0,0,0,7,5,63,26,0,0
48453002104,0,63,224,0,155,76,71,9,0,0,2,1,30,19,94,3,1,4,12,0,0,665,4,28,7,0,2,0,0,1,6,0,24,131,1,0,5,3,2,0,6,1,18,5,6,1,9,0,43,3,3,1,0,0,0,0,0,0,0,11,5,0,0,10,33,38,0,0,0,0,118,7,1,2,3,128,3,18,30,0,1,0,0,0,36,0,2,0,0,0,0,0,1,0,0,0,0,0,0,1,14,39,16,0,10,0,9,6,1,0,1,0,4,3,0,12,13,22,2,1,14,30,24,5,1,0,109,0,9,1,1,27,13,0,80,172,7,41,16,25,9,32,0,0,0,8,0,38,26,0,0
48453002105,1,42,124,2,162,33,50,14,0,0,5,27,42,35,168,21,0,5,9,0,0,1372,4,21,17,0,2,2,0,9,5,0,45,156,0,6,22,5,2,1,21,1,11,2,6,1,12,0,65,4,8,3,0,0,0,0,0,0,2,25,16,0,0,36,30,140,0,0,5,0,134,20,0,1,8,167,4,50,70,0,20,4,0,0,22,2,1,0,0,0,0,0,8,1,1,30,0,0,0,2,10,68,78,0,28,0,12,14,0,0,0,1,1,1,0,5,11,35,5,0,16,31,44,4,5,5,144,0,7,4,1,9,17,0,90,217,13,28,9,21,3,26,0,0,0,6,1,42,31,0,0
48453002106,0,63,204,0,143,56,98,28,0,0,1,2,55,32,143,6,1,1,145,0,0,1239,8,23,8,0,0,1,0,2,15,0,55,185,2,1,29,7,3,0,6,0,9,28,13,0,13,0,74,6,5,2,0,0,0,0,0,0,1,11,7,0,0,24,65,80,0,1,2,0,147,15,0,2,10,301,0,16,31,25,13,1,0,0,35,0,0,1,8,7,16,0,180,117,70,212,2,0,0,1,62,87,10,0,33,0,50,16,0,0,5,12,20,6,0,38,18,33,1,2,14,29,58,0,28,1,129,0,19,3,3,18,18,0,63,217,28,62,6,43,10,32,0,0,0,23,2,28,14,0,0
48453002107,1,93,256,0,266,80,115,47,0,0,7,5,81,43,199,4,0,2,9,1,1,1574,2,35,12,0,3,1,0,3,9,0,50,238,1,4,24,5,5,0,11,1,6,42,9,1,28,0,118,3,5,3,0,0,0,0,0,0,2,30,18,3,0,51,63,56,1,0,3,0,157,20,0,1,51,579,4,17,45,9,18,9,0,0,65,0,0,3,1,0,1,0,20,1,2,0,0,0,0,1,68,130,19,0,21,0,22,9,0,1,0,5,17,1,0,24,10,27,5,5,17,21,57,5,25,3,155,0,2,2,3,16,10,0,125,192,18,72,7,64,13,32,0,0,0,26,2,29,35,0,0
48453002108,0,58,144,0,185,49,61,25,0,0,0,6,31,12,106,5,1,2,6,0,0,744,1,18,10,0,3,2,0,2,8,6,20,89,0,1,20,3,2,0,9,1,5,35,6,0,12,0,64,1,3,4,0,0,0,0,0,0,1,5,5,1,0,18,25,8,0,3,10,0,80,9,0,1,40,244,3,17,23,5,6,8,0,0,42,0,0,0,0,0,0,0,25,0,1,0,1,0,0,0,35,63,13,0,16,0,17,14,1,2,0,3,11,2,1,14,2,26,2,2,10,9,17,3,10,2,101,0,7,5,4,19,18,0,40,238,9,27,1,22,2,9,0,0,0,32,0,22,32,0,0
48453002109,2,141,478,0,452,107,141,54,0,0,1,6,184,34,286,3,0,2,18,1,0,1633,8,44,21,0,2,1,0,6,35,1,61,250,0,5,53,7,5,0,14,4,7,54,26,0,40,0,151,2,11,6,0,1,0,0,0,0,0,24,15,0,1,40,49,181,2,2,1,0,222,43,3,3,9,801,8,33,50,13,8,12,0,0,86,1,0,60,6,8,10,31,92,20,27,10,1,1,0,2,73,123,39,0,56,0,22,10,0,2,0,1,19,6,0,43,11,56,5,0,26,32,52,10,24,2,267,0,18,8,4,32,21,0,201,753,16,81,15,40,9,37,0,0,1,74,1,37,27,0,0
48453002110,0,101,305,0,269,74,112,30,0,0,2,5,204,55,328,4,0,3,5,0,3,1424,4,57,2,0,1,2,0,2,7,0,24,170,1,0,29,12,4,0,9,2,11,9,15,0,48,0,98,3,3,2,0,0,0,0,0,0,0,14,13,1,0,40,50,46,0,2,3,0,243,39,0,6,13,760,3,26,63,11,8,7,0,0,57,0,0,0,1,0,1,1,34,1,6,0,0,0,0,0,44,55,21,0,18,0,12,10,0,2,1,3,39,0,0,19,16,47,1,7,18,30,60,4,9,1,217,0,17,0,2,39,9,0,118,205,8,82,7,37,10,36,0,0,0,27,2,29,29,0,0
48453002111,4,117,337,0,273,74,101,46,1,0,3,9,175,92,725,13,2,8,13,0,0,1178,6,62,9,0,2,3,0,15,40,5,59,181,3,4,52,12,5,1,19,2,7,29,3,1,22,0,124,5,13,3,0,1,2,1,0,0,2,28,11,1,0,44,68,145,0,2,5,0,276,52,2,6,27,902,7,84,86,52,23,7,0,0,102,0,0,0,1,2,8,0,196,5,14,9,0,1,0,1,45,122,37,0,46,0,19,16,1,1,0,7,18,2,0,23,13,60,10,8,31,80,62,6,10,2,270,1,17,4,2,20,30,0,132,463,40,94,21,48,26,42,1,0,0,48,2,46,47,0,1
48453002112,0,51,201,0,183,75,105,40,0,0,0,3,84,32,196,0,0,1,3,0,0,2055,3,19,2,0,1,3,0,0,5,0,25,301,1,3,13,0,0,0,4,2,19,12,10,0,24,0,76,4,0,4,0,0,0,0,1,0,0,9,8,2,0,33,70,53,0,2,1,0,163,10,0,0,14,350,4,28,36,3,21,5,0,0,24,0,2,0,0,0,0,0,7,0,0,0,1,0,0,3,56,41,19,0,13,0,13,3,0,0,3,2,22,0,2,26,13,26,3,4,10,26,33,8,18,0,131,0,10,0,4,18,8,0,60,34,2,39,12,22,8,22,1,0,0,10,3,24,18,0,0
48453002113,0,85,222,1,257,107,67,32,0,0,3,1,75,31,163,0,0,2,11,0,0,1232,6,22,7,0,1,1,0,2,6,3,36,268,0,2,15,3,5,1,6,2,32,19,13,0,12,0,53,1,3,3,0,0,0,0,0,0,2,27,15,1,0,20,36,34,0,0,0,0,125,4,0,0,5,342,9,7,40,3,12,4,0,0,56,0,2,23,0,0,5,0,70,5,9,17,0,1,0,0,34,45,16,0,22,0,19,1,0,3,4,0,20,1,1,22,11,18,4,0,15,23,36,2,15,1,167,0,13,1,3,26,8,0,88,16,2,72,5,39,11,18,1,0,0,23,3,28,28,0,0
48453002201,0,33,198,0,132,39,58,39,0,0,0,0,40,24,125,2,0,0,1,0,0,456,0,2,3,0,0,2,0,4,1,0,13,92,0,0,14,3,0,0,4,1,2,11,1,0,11,0,48,1,2,3,0,0,1,0,0,0,0,8,10,0,0,18,20,12,0,6,2,0,100,4,0,1,14,383,5,5,85,14,5,3,0,0,16,0,0,0,5,4,4,0,56,11,0,1,0,0,0,0,25,32,13,0,7,0,5,8,0,0,0,9,7,0,0,20,8,58,3,3,11,21,26,1,9,1,119,0,4,1,1,26,50,2,56,220,18,30,5,17,7,18,0,0,0,3,3,16,23,0,0
48453002202,0,61,319,0,134,99,22,25,0,0,5,2,98,54,253,2,1,2,2,0,0,1982,1,5,5,0,0,3,1,3,0,1,20,717,0,0,18,3,6,0,2,1,3,15,6,0,44,0,41,4,2,1,0,0,0,0,0,0,2,24,6,1,1,65,12,16,0,0,1,0,215,5,0,2,32,665,5,6,81,10,7,2,0,0,22,0,0,10,2,3,1,0,25,2,4,0,0,0,0,2,27,43,16,0,17,0,10,3,1,3,2,1,21,0,0,41,8,23,2,3,10,16,23,2,7,2,174,0,11,3,3,11,8,0,9,32,4,17,2,6,4,12,0,0,0,7,3,19,27,0,0
48453002207,0,0,0,0,0,0,0,0,0,0,0,0,0,0,0,0,0,0,0,0,0,0,0,0,0,0,0,0,0,0,0,0,0,0,0,0,0,0,0,0,0,0,0,0,0,0,0,0,0,0,0,0,0,0,0,0,0,0,0,0,0,0,0,0,0,0,0,0,0,0,1,0,0,0,1,0,0,0,0,0,0,0,0,0,0,0,0,0,0,0,0,0,0,0,0,0,0,0,0,0,0,0,0,0,0,0,0,0,0,0,0,0,0,0,0,0,0,0,0,0,0,0,0,0,0,0,0,0,0,0,0,0,0,0,0,1,0,0,0,0,0,0,0,0,0,0,0,0,0,0,0
48453002208,0,92,332,0,275,91,58,34,0,0,2,3,115,62,300,3,0,6,4,1,0,1675,1,26,4,0,2,2,0,4,9,1,55,206,1,2,87,3,4,0,4,3,8,31,4,0,35,0,103,5,3,1,2,0,0,0,0,0,2,33,18,0,0,55,31,28,0,1,9,0,206,3,0,8,60,839,10,41,49,15,12,5,0,2,62,0,0,0,3,0,2,0,95,3,0,0,0,0,0,1,34,64,28,0,23,0,16,16,1,0,4,31,31,2,0,48,15,36,0,3,23,40,38,4,6,2,267,0,10,3,6,25,27,0,106,801,53,70,12,35,21,30,0,0,0,32,7,21,66,0,0
48453002209,0,0,0,0,0,0,0,0,0,0,0,0,0,0,0,0,0,0,0,0,0,1,0,0,0,0,0,0,0,0,0,0,0,0,0,0,0,0,0,0,0,0,0,0,0,0,0,0,0,0,0,0,0,0,0,0,0,0,0,0,0,0,0,1,0,0,0,0,0,0,2,0,0,0,6,0,0,0,0,0,0,0,0,0,0,0,0,0,0,0,0,0,0,0,0,0,0,0,0,0,0,0,0,0,0,0,0,0,0,0,0,0,0,0,0,0,0,0,0,0,0,0,1,0,0,0,0,0,0,0,0,0,0,0,0,33,0,0,0,0,0,0,0,0,0,0,0,0,0,0,0
48453002211,0,26,41,0,77,20,9,7,0,0,2,1,26,11,83,0,0,1,2,0,0,87,0,7,2,0,0,0,0,0,0,0,0,7,0,0,3,0,0,0,0,0,1,4,0,0,10,0,11,0,0,1,0,0,0,0,0,0,1,0,1,0,0,12,17,1,0,0,1,0,34,1,0,1,11,157,6,58,11,0,0,2,0,0,14,0,0,0,0,0,0,0,0,0,0,0,0,0,0,0,11,8,3,0,0,0,0,0,0,0,0,2,24,0,1,10,3,6,1,1,4,4,8,2,4,0,83,0,0,1,0,6,2,0,12,60,5,5,0,7,0,0,0,0,0,1,3,16,7,0,0
48453002212,0,1,10,0,8,0,3,3,0,0,0,0,3,2,20,0,0,0,0,0,0,59,0,0,0,0,1,0,0,0,0,0,1,4,0,0,2,0,0,0,1,1,0,0,0,0,0,0,21,2,0,1,0,0,0,0,0,1,0,0,2,0,0,4,6,1,0,2,0,0,26,2,0,11,81,51,0,37,3,1,2,0,0,0,5,0,0,0,0,3,0,0,43,8,0,0,13,0,0,0,1,25,0,0,0,0,4,0,0,1,0,0,5,0,0,3,1,2,0,0,0,9,5,0,0,0,28,0,0,0,0,0,0,0,0,21,3,3,0,0,0,1,0,0,0,1,0,0,18,0,0
48453002304,0,0,131,0,4,0,3,8,0,0,2,0,25,34,130,20,0,6,2,2,6,233,3,55,11,0,2,0,0,21,43,1,13,38,2,1,24,1,1,1,8,2,3,0,2,0,16,0,30,1,156,0,0,0,0,0,0,0,0,6,1,0,0,7,17,168,0,1,0,0,120,20,0,1,7,140,9,46,64,8,6,1,0,0,13,1,0,0,1,8,23,0,254,9,72,5,1,1,0,5,8,124,48,0,35,0,10,15,0,0,0,0,0,50,0,23,4,55,2,0,5,10,24,4,5,0,59,0,2,1,0,8,15,0,35,163,24,13,2,10,6,6,1,0,1,4,0,117,142,0,0
48453002307,0,39,204,3,128,46,64,9,0,0,2,1,96,43,233,10,0,1,29,0,0,1308,6,64,2,0,0,4,1,9,2,0,29,152,1,2,13,0,2,0,5,0,42,7,2,0,24,0,51,0,22,2,0,1,0,1,0,0,0,10,8,0,0,35,58,165,0,0,0,0,181,7,0,0,10,339,4,15,68,13,0,2,0,0,41,0,1,0,0,1,5,0,195,20,8,10,0,0,0,0,16,66,14,0,63,0,4,8,1,2,0,2,21,0,0,30,4,12,4,4,8,14,61,1,5,1,162,0,14,0,1,11,3,0,103,204,4,21,6,19,12,16,0,0,2,8,1,47,35,0,0
48453002308,0,33,147,0,95,43,33,19,0,0,5,4,36,35,162,25,4,7,4,0,1,1166,9,73,22,0,1,2,0,20,17,0,25,121,2,8,29,6,2,0,15,1,5,8,6,1,4,0,76,0,43,1,1,0,0,0,0,0,0,7,4,0,1,13,38,165,0,0,0,0,170,52,0,4,12,133,7,40,97,1,2,1,0,0,37,0,0,0,0,0,0,0,21,0,0,1,0,0,0,5,30,63,27,0,108,0,18,8,0,1,0,0,12,25,5,23,13,50,18,9,31,65,67,0,6,4,122,0,3,2,1,17,22,0,78,391,40,49,10,20,9,22,0,0,1,15,1,58,76,0,0
48453002310,1,45,101,1,108,20,41,11,0,0,1,0,103,42,211,4,1,1,0,0,0,639,0,3,16,0,0,1,0,1,5,0,23,58,0,0,11,1,2,0,7,0,2,4,1,1,27,0,24,4,0,0,0,0,0,0,1,0,0,6,5,0,0,23,20,1,0,1,1,0,139,5,0,1,17,537,0,51,31,0,3,1,0,0,21,0,0,0,0,0,0,0,0,0,1,0,0,0,0,0,21,98,25,0,2,0,4,1,0,0,0,0,1,0,1,1,8,23,1,0,34,17,21,2,6,0,127,0,14,1,1,3,6,0,10,165,4,13,15,28,8,13,0,0,1,17,4,7,21,0,0
48453002312,4,67,427,0,238,86,101,25,0,0,4,4,186,94,358,2,4,7,8,1,0,1519,7,64,8,0,1,17,0,4,0,0,23,181,2,1,45,8,6,1,13,2,7,40,7,0,54,0,90,2,3,5,0,0,0,0,1,0,1,31,13,2,0,44,45,56,0,0,1,0,238,46,1,1,17,1034,15,49,86,13,15,10,0,0,105,0,2,0,1,3,6,0,30,6,19,10,1,0,0,2,48,102,17,0,20,0,15,9,0,1,5,13,47,0,0,65,8,54,12,9,34,43,59,2,16,2,280,0,19,2,3,25,11,0,155,352,53,49,11,48,25,23,0,0,1,128,3,31,28,0,0
48453002313,1,20,138,0,28,16,34,14,0,0,3,5,63,28,106,5,0,1,1,2,0,560,3,25,4,0,0,3,0,1,4,0,9,84,0,0,12,1,3,0,3,0,9,1,3,0,12,0,48,1,9,0,0,0,0,0,0,0,0,2,0,0,0,18,34,36,0,1,0,0,119,25,0,0,17,190,6,13,44,2,1,1,0,0,26,0,1,0,0,0,0,0,6,0,1,0,0,0,0,0,21,69,10,0,20,0,7,6,0,3,0,0,4,3,0,21,4,14,6,2,7,11,34,0,6,2,30,0,10,3,0,3,4,0,46,161,24,21,4,18,4,9,0,0,0,2,1,38,23,0,0
48453002314,0,18,155,1,60,3,9,9,0,0,7,1,104,32,148,4,0,7,2,1,1,847,2,15,12,0,0,9,0,3,6,0,24,141,0,1,25,3,1,0,9,1,13,5,0,2,13,0,95,0,9,1,0,0,0,0,0,0,0,6,1,0,0,27,42,44,0,0,2,0,154,46,0,4,27,233,6,2,82,0,21,1,0,0,34,0,0,0,0,0,0,0,5,0,0,0,0,0,1,0,69,148,7,0,26,0,19,11,1,2,0,0,0,3,0,19,3,16,0,2,7,12,28,2,5,1,73,0,7,11,4,1,12,0,104,611,27,32,6,15,8,10,0,0,1,11,1,25,19,0,0
48453002315,0,8,48,0,35,7,11,4,0,0,4,0,33,23,101,3,0,0,1,0,1,452,0,25,2,0,0,1,0,0,5,0,0,70,1,0,3,5,0,0,2,0,11,0,2,1,11,0,24,0,4,0,0,0,0,0,0,0,0,7,1,1,0,8,16,68,0,0,0,0,71,10,0,0,3,87,3,19,40,0,0,1,0,0,7,0,1,0,0,0,0,0,2,0,0,0,0,0,0,0,7,34,8,0,12,0,3,0,0,1,1,0,0,2,0,5,1,4,2,0,5,9,9,1,1,0,21,0,1,0,0,1,2,0,28,98,4,27,0,14,3,3,0,0,0,3,0,23,11,0,0
48453002316,0,2,55,1,17,4,11,4,4,0,1,1,51,48,126,7,0,2,10,0,1,1518,3,6,5,0,0,2,0,4,4,0,2,148,1,1,3,0,2,0,0,0,1,0,0,0,5,0,25,1,4,0,0,0,0,0,0,0,0,10,1,0,0,23,26,41,0,0,0,0,125,8,0,1,8,101,4,330,78,0,5,0,0,0,10,0,1,0,0,0,0,0,0,0,0,0,1,0,0,1,10,109,28,0,13,0,2,3,0,0,0,0,0,1,0,9,0,10,7,0,4,2,18,0,2,0,33,0,1,0,0,1,3,0,37,174,6,4,0,5,0,3,0,0,0,16,0,20,22,0,0
48453002317,1,11,120,0,49,8,18,13,0,0,0,0,73,26,144,3,2,3,6,0,0,320,1,12,0,0,0,1,0,4,5,6,10,56,0,2,11,0,1,0,1,0,4,6,1,0,9,0,28,0,14,1,1,0,0,0,0,0,0,3,0,0,0,15,33,55,0,2,2,0,118,3,0,2,16,247,9,6,88,14,6,0,0,0,21,0,0,0,5,4,16,0,222,52,33,5,0,0,0,0,15,22,6,0,14,0,9,2,0,0,0,0,9,6,0,7,1,7,3,2,2,7,13,0,4,1,45,0,5,1,2,4,5,0,25,140,3,19,1,5,6,4,0,0,0,1,1,20,31,0,0
48453002318,0,46,233,0,84,38,47,22,0,0,3,0,133,52,267,11,1,7,8,0,0,1504,0,13,4,1,0,13,0,3,3,1,36,165,1,2,16,8,2,0,2,0,8,21,9,0,35,0,64,1,10,1,0,0,1,0,0,0,0,11,4,0,0,48,33,121,0,2,4,0,194,16,0,1,7,443,15,23,92,2,11,3,0,0,42,0,0,10,1,4,2,0,10,1,2,7,0,0,0,2,29,89,26,0,29,0,5,4,0,1,0,0,1,3,0,71,7,16,5,1,6,6,33,2,14,1,123,0,5,2,1,7,2,0,64,246,12,31,2,12,7,16,0,0,2,1,1,25,33,0,0
48453002319,0,0,1,0,0,0,0,0,0,0,0,0,0,0,2,0,0,0,0,0,0,9,0,0,0,0,0,1,0,0,0,0,0,0,0,1,0,0,0,0,0,0,0,0,0,0,0,0,2,0,0,0,0,0,0,0,0,0,0,1,0,0,0,0,0,0,0,0,0,0,2,0,0,0,0,9,0,0,0,0,0,0,0,0,0,0,0,0,0,0,0,0,0,0,0,0,0,0,0,0,0,0,0,0,0,0,0,0,0,0,0,0,0,0,0,0,0,0,0,0,0,0,2,0,0,0,2,0,0,0,0,0,2,0,0,78,0,0,0,0,0,0,0,0,0,0,0,0,0,0,0
48453002402,0,114,284,0,268,103,183,30,1,0,4,11,134,60,301,24,3,7,7,3,0,1271,0,39,26,0,4,1,0,10,18,5,46,143,0,5,36,3,3,2,18,0,5,7,6,1,32,0,133,5,2,1,0,0,2,0,0,0,0,15,17,1,0,45,65,100,0,1,5,0,249,15,1,3,13,568,10,54,90,1,14,3,0,0,77,2,0,0,0,0,0,1,7,0,0,0,1,0,0,2,47,190,45,0,50,0,25,13,1,0,10,2,36,1,2,41,39,49,6,6,34,39,52,4,6,2,239,0,18,5,4,17,14,0,222,265,44,89,4,56,9,45,0,0,0,24,3,61,48,0,0
48453002403,0,39,154,1,118,59,46,22,0,0,1,1,73,22,166,12,0,2,5,0,0,589,2,20,13,0,4,3,0,1,10,0,41,184,1,2,24,3,2,1,7,0,8,11,7,0,11,0,86,10,4,3,0,0,0,0,0,0,0,23,11,0,0,27,44,91,0,0,1,0,156,24,0,0,13,215,6,40,16,7,1,1,0,0,20,0,0,0,0,1,0,0,59,12,0,0,0,0,0,0,50,107,21,0,46,0,13,8,0,8,0,1,0,2,0,22,5,23,5,1,11,34,38,3,11,1,105,0,5,2,3,16,13,0,124,188,12,26,5,31,6,40,0,0,0,11,0,39,30,0,0
48453002407,0,15,114,0,79,29,13,3,0,0,2,1,18,18,75,3,0,3,8,1,0,104,0,4,8,0,5,0,0,4,0,2,7,17,0,0,5,0,0,0,5,0,2,20,2,0,9,0,23,1,2,1,0,0,0,0,0,0,0,10,1,0,1,11,18,15,0,0,0,0,55,4,0,0,8,42,10,1,12,2,14,0,0,0,7,0,0,0,0,0,0,0,19,0,0,0,0,0,0,1,7,27,4,1,13,0,2,4,2,1,1,18,1,0,0,6,8,25,2,0,17,49,37,3,0,0,65,0,3,2,0,4,10,0,0,7,59,10,1,4,1,4,0,0,0,5,1,97,20,0,0
48453002409,0,72,168,0,166,124,106,11,0,0,4,0,69,21,135,1,0,0,8,0,0,612,2,17,6,0,0,0,0,0,7,0,10,107,2,1,9,1,0,0,2,0,1,10,5,0,16,0,26,3,4,0,0,0,0,1,0,0,0,6,5,0,0,21,47,45,0,0,0,0,118,4,0,1,5,219,2,6,22,0,7,0,0,0,22,0,0,0,0,0,0,0,2,0,0,0,0,0,0,0,10,25,10,0,62,0,7,6,1,1,0,0,1,0,0,25,6,17,3,0,5,11,8,0,4,0,130,0,6,0,0,14,4,0,56,46,1,22,5,29,9,29,0,0,0,10,4,17,20,0,0
48453002410,0,57,186,0,188,73,118,21,0,0,5,2,93,30,191,8,2,3,8,0,0,759,3,9,20,0,0,0,0,2,19,0,81,73,1,3,10,1,1,0,2,0,5,26,2,1,25,0,60,9,3,4,0,0,0,0,0,0,1,12,5,2,0,44,54,56,0,0,0,0,125,7,0,0,6,370,2,16,31,2,11,3,0,0,24,0,2,0,0,0,0,0,57,2,3,2,0,0,0,6,19,27,31,0,45,0,4,5,0,1,4,2,7,1,0,38,4,15,1,7,6,22,27,0,11,3,141,0,16,6,2,14,10,0,40,187,4,35,2,27,11,22,0,0,0,6,0,28,17,0,0
48453002411,0,57,369,0,185,69,34,27,0,0,3,17,150,64,288,8,0,7,4,0,1,1437,1,37,13,0,1,3,0,16,7,0,23,144,0,1,16,4,4,0,9,1,3,16,7,0,25,0,66,5,1,0,0,0,0,0,0,0,0,6,6,0,0,67,31,122,0,2,2,0,215,7,1,0,12,850,2,29,66,10,24,4,0,1,38,0,0,0,0,0,1,0,17,1,2,0,0,0,1,1,22,95,34,0,55,0,28,18,1,6,18,8,59,1,0,51,5,53,15,11,48,55,153,4,5,1,154,0,10,3,3,21,7,0,39,225,19,54,8,43,10,36,0,0,0,6,3,52,75,0,0
48453002412,0,77,296,0,303,141,71,24,0,0,2,31,96,59,287,0,1,0,6,0,1,661,1,26,8,0,3,2,0,1,8,1,47,97,0,1,7,2,0,0,7,0,2,37,9,0,45,0,40,5,0,1,0,0,0,0,0,0,0,16,14,0,0,66,34,115,0,3,0,0,213,4,2,3,11,795,0,11,96,3,13,3,0,0,49,0,1,0,0,0,0,0,12,0,0,0,0,0,0,0,19,60,4,0,25,0,7,6,0,0,1,0,20,1,0,73,6,26,1,6,14,36,70,2,8,0,77,0,2,0,1,26,4,0,60,146,8,80,5,47,14,25,0,0,0,8,0,16,21,0,0
48453002413,0,55,244,0,140,59,30,22,1,0,0,2,74,41,190,1,0,0,7,0,0,704,0,37,11,0,1,2,0,3,1,0,21,165,0,1,28,1,4,0,7,1,3,15,3,0,19,0,35,4,0,1,0,0,0,0,0,0,1,8,12,0,0,41,23,71,0,0,0,0,206,5,0,5,18,582,1,3,65,12,11,2,0,1,48,0,0,0,0,0,0,0,75,14,7,0,0,0,0,0,14,50,18,0,20,0,10,0,0,1,8,1,31,0,0,20,6,31,6,3,21,44,78,2,6,3,72,0,11,1,2,10,4,0,17,41,7,34,2,40,5,36,0,0,0,7,2,17,16,0,0
48453002419,1,3,67,0,6,1,6,1,0,0,1,1,72,19,114,6,0,4,4,0,0,500,0,2,1,0,1,2,0,2,0,0,9,38,0,0,8,1,0,0,1,0,1,1,0,0,9,0,23,0,2,0,0,0,0,0,0,0,0,0,0,0,0,30,26,37,0,1,1,0,88,3,0,1,8,169,2,7,48,2,7,1,0,0,15,3,0,0,0,0,0,0,11,0,0,0,1,0,0,1,6,52,13,0,8,0,6,1,0,0,1,1,0,0,0,3,0,7,0,0,4,3,13,0,0,1,47,0,1,0,1,1,8,0,12,126,5,5,0,2,0,9,0,0,0,0,1,37,20,0,0
48453002421,3,65,529,0,311,127,108,38,0,0,3,8,99,66,299,54,12,17,26,2,2,741,3,25,22,0,5,1,0,8,14,1,33,99,0,1,42,5,5,0,11,2,3,27,1,0,21,0,124,6,4,3,0,0,0,0,0,0,0,15,5,0,2,60,96,93,0,5,6,0,215,13,0,0,22,324,29,31,66,24,18,1,0,1,50,2,1,0,1,4,6,0,202,3,9,0,0,0,0,1,31,95,55,0,69,0,34,42,0,5,3,5,7,1,1,39,15,45,9,5,38,32,45,5,5,0,169,0,15,8,5,21,33,0,18,426,53,52,4,26,9,38,0,0,0,26,3,234,68,0,0
48453002422,1,94,275,0,337,100,112,19,0,0,2,13,91,45,218,18,12,11,21,0,0,1141,2,12,30,0,5,0,0,8,3,6,35,142,0,1,66,4,7,1,17,0,14,37,4,1,21,0,135,11,3,4,0,0,0,0,0,0,0,25,12,0,0,53,73,59,0,2,10,0,220,14,2,6,12,450,6,22,47,0,8,3,0,0,135,2,2,0,0,0,0,0,9,0,0,0,0,0,0,1,42,194,40,0,16,0,21,15,1,1,2,19,71,0,0,51,10,52,0,11,51,43,82,3,11,2,217,0,17,5,7,23,21,0,83,721,69,70,8,58,14,83,0,0,0,47,3,70,60,0,0
48453002423,3,84,267,0,240,176,102,16,0,0,4,2,71,38,238,3,0,5,93,0,1,849,1,17,3,0,2,0,0,6,3,0,26,113,0,2,29,1,1,0,7,0,4,19,2,0,25,0,30,1,2,0,0,0,0,0,0,0,1,2,3,0,0,40,76,33,0,0,0,0,144,1,0,0,12,365,11,11,40,22,5,4,0,0,61,0,0,7,2,4,10,0,49,9,5,12,0,2,0,2,13,23,12,0,82,0,4,4,0,2,5,3,19,3,0,44,5,15,1,1,16,12,42,2,14,1,215,0,11,0,1,20,8,0,22,3,11,71,3,20,18,46,0,0,0,22,4,52,40,0,0
48453002424,3,56,173,0,144,95,104,21,0,0,0,1,82,29,195,1,1,2,13,0,0,937,3,25,18,0,0,0,0,6,2,0,11,136,0,5,23,1,0,0,9,1,4,11,1,0,7,0,81,7,2,8,0,1,0,0,0,0,0,10,8,0,0,33,48,29,0,0,2,0,141,3,0,1,6,344,10,3,24,2,40,2,0,0,88,1,1,0,0,0,0,0,3,0,0,0,0,1,0,0,21,50,12,0,49,0,0,4,0,1,0,0,3,0,0,68,8,19,2,2,13,25,43,1,4,0,148,0,3,1,4,17,11,0,42,142,3,65,14,49,15,42,0,0,0,25,4,30,30,0,0
48453002425,1,22,108,0,114,57,37,9,0,0,1,1,53,14,110,11,3,4,8,0,1,257,1,12,4,0,0,0,0,1,1,2,4,14,0,1,15,4,2,0,3,0,2,4,1,0,15,0,29,0,0,1,0,0,0,0,0,0,0,13,0,0,0,15,20,5,0,2,1,0,64,9,0,0,8,131,10,3,14,3,5,0,0,0,25,1,0,0,0,0,0,0,3,0,0,0,0,0,0,0,14,28,3,0,6,0,10,4,0,0,0,0,0,0,0,22,2,14,0,1,10,7,17,1,2,0,99,0,4,3,0,4,4,0,0,154,6,15,4,12,1,10,0,0,0,9,3,72,8,0,0
48453002426,0,80,275,5,319,148,166,46,0,0,6,5,134,60,333,3,0,10,14,0,0,813,0,42,1,0,2,2,0,3,2,0,24,106,0,1,31,5,1,0,10,1,9,24,5,0,44,0,73,8,0,2,0,0,0,0,2,0,0,21,9,0,0,71,70,33,0,0,0,0,219,9,0,1,54,751,25,19,72,14,10,4,0,0,47,0,1,0,0,1,0,0,38,0,0,0,0,0,0,2,67,132,17,0,28,0,11,10,0,3,10,2,25,1,2,88,39,74,6,8,20,45,79,2,6,5,239,0,15,5,8,16,14,0,0,36,75,24,1,13,1,21,0,0,0,22,8,69,31,0,0
48453002427,0,71,356,0,236,57,63,24,0,0,1,4,207,93,441,8,3,8,6,1,1,1210,2,17,3,0,2,1,0,5,0,1,46,158,0,4,23,1,3,0,9,1,7,24,0,0,54,0,84,5,2,1,0,0,0,0,0,0,0,11,12,0,0,82,59,63,0,1,2,0,274,6,0,1,9,1181,6,7,65,5,11,8,0,0,55,0,1,0,0,0,0,0,41,0,5,0,0,0,1,0,29,97,27,0,24,0,20,3,0,0,13,2,14,3,0,48,16,36,4,2,18,37,75,5,4,0,209,0,18,2,4,33,13,0,46,385,18,40,5,21,3,36,0,0,1,23,4,27,27,0,0
48453002428,0,50,270,0,276,112,82,16,0,0,23,0,71,28,177,0,0,10,5,0,1,199,3,21,6,0,1,0,0,5,0,3,18,13,0,1,11,2,4,0,4,0,2,5,7,1,17,0,41,2,0,4,0,1,0,0,0,0,1,9,13,0,0,22,38,2,0,0,1,0,103,3,0,4,13,174,6,10,7,0,0,1,0,0,12,0,2,0,0,0,0,0,3,0,1,0,0,0,0,1,36,33,18,0,10,0,3,2,0,0,0,4,0,5,0,43,7,29,1,0,19,37,38,1,8,1,310,0,4,10,3,11,6,0,0,5,1,30,1,28,2,14,0,0,0,19,2,285,62,0,0
48453002429,0,0,16,2,0,0,0,0,0,0,1,0,21,13,45,7,0,6,3,1,0,53,0,1,1,0,0,0,0,0,0,1,2,1,0,3,3,0,0,1,1,1,2,0,0,0,11,0,12,0,0,0,0,0,0,0,0,0,0,0,0,0,0,7,4,6,0,0,1,0,27,2,0,0,3,43,2,2,5,0,0,0,0,0,6,0,0,0,0,0,0,0,0,0,0,0,0,0,0,0,2,9,3,0,10,0,2,0,0,0,0,0,0,0,0,2,2,6,0,0,1,6,6,0,0,0,11,0,5,0,0,0,0,0,0,14,3,0,1,0,0,0,0,0,0,0,1,9,4,0,0
48453002430,0,21,127,1,36,25,14,15,0,1,0,0,52,30,120,0,0,2,3,0,0,869,1,2,2,0,1,0,0,0,1,0,22,83,0,0,3,0,2,0,2,0,3,31,3,0,17,0,58,1,3,1,0,0,0,0,0,0,0,9,2,1,0,33,39,23,0,0,0,0,94,8,0,1,8,397,1,2,38,28,10,2,0,2,29,0,1,0,0,1,1,0,79,1,6,0,0,0,0,0,16,14,13,0,13,0,5,4,0,0,3,1,2,0,0,9,3,10,2,4,8,21,28,2,4,2,107,0,8,0,0,13,8,1,0,55,15,38,21,43,5,25,0,0,0,5,3,13,13,0,0
48453002431,15,97,521,0,502,134,110,65,0,1,9,11,185,82,437,24,0,14,44,7,0,1771,4,65,20,0,3,4,0,17,9,8,32,190,1,5,64,8,5,1,21,2,9,12,8,0,47,0,234,14,4,5,3,0,1,0,0,0,0,41,17,0,0,103,115,85,0,11,14,0,337,34,0,24,62,1277,16,46,73,17,29,3,1,0,131,0,2,34,8,16,20,0,63,20,15,8,1,0,0,3,92,209,33,0,34,0,26,14,0,6,2,1,17,2,0,61,21,73,10,6,44,67,141,7,5,11,338,0,35,16,6,25,20,0,66,876,62,89,5,61,13,50,0,0,0,70,4,102,85,0,0
48453002432,2,3,28,0,27,2,3,4,0,0,3,0,1,1,8,1,0,0,0,0,0,99,0,0,1,0,4,0,0,0,0,0,2,3,0,0,3,1,1,0,5,0,1,1,0,0,2,0,17,1,0,1,0,0,0,0,0,0,0,5,0,0,0,3,1,0,0,1,0,0,9,1,0,0,1,38,0,0,0,0,24,0,0,0,17,0,0,0,0,0,0,0,0,0,0,0,0,0,0,0,4,3,1,0,0,0,0,1,0,0,0,0,0,0,0,0,0,9,0,0,0,5,6,1,0,0,16,0,2,0,0,2,2,0,1,1,0,2,1,6,0,0,0,0,0,17,0,2,1,0,0
48453002433,0,48,114,0,256,62,37,2,0,0,2,1,61,33,215,2,0,3,8,0,0,743,1,8,0,0,1,0,0,3,0,1,1,24,0,0,3,5,1,0,4,1,2,3,4,0,37,0,10,2,3,1,0,0,0,0,0,0,0,5,1,0,0,43,22,15,0,1,5,0,121,0,0,1,30,663,4,13,23,0,0,1,0,0,11,0,0,0,0,0,0,0,1,0,0,0,0,0,0,0,18,53,8,0,3,1,14,1,0,0,8,1,5,0,1,29,2,23,2,6,22,21,64,0,3,1,281,0,29,1,3,7,6,0,0,118,7,16,3,8,0,7,0,0,0,3,15,14,24,0,0
48453002434,0,0,0,0,0,0,0,0,0,0,0,0,0,0,0,0,0,0,0,0,0,0,0,0,0,0,0,0,0,0,0,0,0,0,0,0,0,0,0,0,0,0,0,0,0,0,0,0,0,0,0,0,0,0,0,0,0,0,0,0,0,0,0,0,0,0,0,0,0,0,0,0,0,0,0,1,0,0,0,0,0,0,0,0,0,0,0,0,0,0,0,0,0,0,0,0,0,0,0,0,0,0,1,0,0,0,0,0,0,0,0,0,0,0,0,0,0,0,0,0,0,0,0,0,0,0,0,0,0,0,0,0,0,0,0,0,0,0,0,0,0,0,0,0,0,0,0,0,0,0,0
48453002435,0,20,59,0,132,18,11,2,0,0,1,0,35,36,190,1,4,7,9,0,0,353,1,23,0,0,0,1,0,0,1,0,12,60,0,0,4,0,2,0,1,0,1,8,0,0,30,0,12,2,0,1,0,0,0,0,0,0,0,11,10,0,0,46,24,7,0,0,0,0,107,1,0,0,10,904,3,7,22,8,1,0,0,0,5,0,0,0,0,0,0,0,4,0,0,0,0,0,0,0,2,35,2,0,8,0,2,2,0,0,2,4,1,1,0,16,4,10,2,0,3,2,25,0,2,0,103,0,11,1,2,10,3,0,5,163,7,0,0,0,0,1,0,0,0,2,7,14,6,0,0
48453002500,1,63,558,0,170,127,91,6,0,0,5,1,30,55,201,9,1,2,10,0,0,676,2,4,4,0,0,0,0,1,2,2,20,74,0,4,20,2,0,1,10,2,51,17,1,2,7,0,60,4,0,3,0,0,0,0,0,0,2,4,9,0,0,27,31,25,0,0,1,0,127,7,0,2,25,91,2,3,15,1,13,0,0,0,60,0,1,0,0,0,0,0,39,1,10,1,0,0,0,0,16,32,15,0,14,0,13,6,0,0,0,3,0,2,1,7,8,35,1,0,12,24,22,3,2,2,141,0,13,1,6,6,16,0,39,155,45,34,7,52,8,19,0,0,0,23,2,136,56,0,1
48453980000,0,0,14,0,0,0,0,2,0,0,1,0,3,5,16,1,0,3,0,0,1,201,0,0,5,0,1,0,0,3,0,1,1,9,0,1,4,0,1,2,1,0,0,0,1,0,0,0,14,0,1,0,1,0,0,0,0,0,0,4,1,0,0,4,5,0,0,4,4,0,34,0,0,2,5,49,1,0,0,0,1,0,0,0,7,0,0,0,0,0,0,0,0,0,0,0,0,0,0,0,3,8,12,0,1,0,3,2,1,1,0,0,0,0,0,0,0,3,0,0,13,12,11,0,0,0,35,0,1,0,0,0,6,0,14,132,8,1,0,4,0,0,0,0,0,1,1,16,15,0,0
48491020311,0,70,118,0,165,123,27,9,0,0,4,2,40,57,176,22,0,7,1,2,0,301,1,11,10,0,0,0,0,0,6,0,8,7,0,2,14,3,1,0,7,1,5,1,3,0,13,0,31,0,0,1,0,0,0,0,0,0,0,4,0,1,0,16,5,4,0,0,1,0,79,4,0,0,43,74,14,4,8,3,65,0,0,0,32,0,0,0,0,0,0,0,5,1,0,0,0,0,0,0,7,53,20,0,2,0,13,10,1,1,0,2,0,3,0,13,5,27,4,0,15,6,46,2,3,1,288,1,12,0,1,6,17,0,10,632,67,5,0,4,1,5,0,0,0,7,3,248,34,0,0
48491020316,0,0,15,0,0,0,0,0,0,0,0,0,6,6,19,1,0,0,0,0,1,4,0,0,0,0,0,0,0,0,0,0,0,1,0,0,1,0,0,0,1,0,0,1,0,0,2,0,1,0,0,0,0,0,0,0,0,0,0,0,0,0,0,4,0,0,0,0,0,0,3,0,0,0,0,2,0,0,2,0,0,0,0,0,0,0,0,0,0,0,0,0,0,0,0,0,0,0,0,0,1,11,1,0,1,0,0,0,0,0,0,0,0,0,0,0,0,0,0,0,1,1,2,0,0,0,1,0,0,1,0,0,0,0,0,6,5,0,0,0,0,1,0,0,0,0,0,1,2,0,0
48491020318,0,0,39,0,0,0,0,1,0,0,6,1,10,30,55,23,0,4,0,1,0,114,1,0,5,0,0,0,0,2,0,0,0,2,0,0,1,0,1,0,2,0,5,0,0,0,2,0,14,0,0,0,0,0,0,0,0,0,0,2,0,0,0,6,5,2,0,0,0,0,31,1,0,0,3,16,1,1,0,0,3,0,0,0,4,2,0,0,0,0,0,0,1,0,1,0,0,0,0,0,0,35,12,0,6,0,8,4,0,0,0,0,0,0,0,1,2,2,0,0,6,6,9,0,0,0,36,0,0,1,0,1,2,0,4,146,13,6,0,4,0,0,0,0,1,5,1,24,12,0,0
48491020403,0,21,35,0,0,0,0,4,0,0,0,1,13,18,67,11,0,6,0,2,0,358,2,0,8,0,1,0,0,5,3,1,3,65,0,1,4,0,0,0,3,0,8,1,5,0,7,0,17,0,1,0,0,0,0,0,0,0,0,2,7,0,0,10,16,0,0,0,1,0,48,1,0,0,3,40,2,2,7,0,15,1,0,0,22,0,1,0,0,0,0,0,2,0,2,2,0,0,0,0,7,31,8,0,10,0,5,2,0,1,0,1,24,0,0,24,4,8,0,10,11,12,15,2,2,0,80,0,4,2,0,4,6,0,7,229,4,14,0,11,3,17,0,0,0,4,1,31,28,0,0
48491020404,1,29,59,0,7,4,6,4,0,0,1,0,29,40,113,3,0,1,0,0,0,374,1,2,13,0,0,0,0,1,1,0,3,48,0,3,12,0,1,0,4,0,9,2,3,0,16,0,18,0,0,1,0,0,0,0,0,0,0,1,0,0,0,14,29,4,0,0,0,0,68,0,0,1,5,105,3,6,2,0,11,0,0,0,11,0,0,0,0,0,0,0,2,0,0,0,0,0,0,0,4,16,7,0,3,0,7,1,0,0,0,1,10,0,0,44,0,12,1,2,9,6,22,1,1,1,115,0,2,0,3,5,5,0,1,468,18,14,1,15,8,33,0,0,0,3,1,28,18,0,0
48491020405,2,60,155,0,74,63,43,24,0,0,0,2,57,74,253,14,2,5,10,0,1,587,5,9,22,0,0,0,0,8,2,0,12,77,0,2,10,1,2,0,6,0,18,10,4,1,30,0,37,3,0,0,0,0,0,0,0,0,0,8,7,1,0,21,41,38,0,0,0,0,132,2,1,1,5,209,1,3,37,0,7,2,0,0,35,0,1,0,0,0,0,0,2,0,1,0,0,0,0,1,10,53,33,0,19,0,10,11,0,0,0,3,28,1,0,37,5,22,2,7,23,51,31,2,3,0,158,0,5,2,1,10,6,0,60,223,15,40,2,24,10,49,0,0,0,11,3,55,53,0,0
48491020406,0,12,88,0,67,19,20,3,0,0,7,1,40,27,95,17,1,6,0,1,0,193,0,4,21,0,1,0,0,3,1,1,9,20,0,1,5,1,0,0,0,1,3,9,2,0,9,0,14,2,0,2,0,0,0,0,0,0,0,4,6,0,0,19,18,14,0,1,1,0,85,5,0,0,5,60,2,18,13,0,0,1,0,0,7,1,1,0,0,0,0,0,2,0,0,0,0,0,0,1,23,31,11,0,16,0,5,3,0,0,0,0,0,0,0,14,4,9,0,0,13,4,14,0,9,1,47,0,3,2,5,4,5,0,53,170,6,11,0,3,2,2,0,0,0,3,1,35,11,0,0
48491020408,1,23,53,0,17,11,2,7,0,0,0,1,36,47,116,31,0,2,9,1,0,350,0,8,17,0,1,0,0,2,1,3,11,63,0,0,9,0,2,0,2,1,5,6,3,0,6,0,31,1,1,1,2,0,1,0,0,0,1,5,4,0,0,16,28,27,0,0,1,0,66,2,0,1,2,83,2,9,12,1,4,0,0,0,30,0,1,0,1,0,5,0,4,1,5,58,0,0,1,0,10,88,15,0,14,0,7,4,0,0,0,3,5,0,0,11,8,19,0,3,11,13,28,2,3,1,52,0,14,2,0,2,9,0,25,322,9,19,0,4,6,15,0,0,0,6,1,33,23,0,0
48491020409,0,0,11,0,0,0,0,0,0,0,0,0,1,0,2,0,0,0,0,0,0,19,0,0,3,0,0,0,0,0,0,0,0,0,0,0,0,0,1,0,0,0,0,0,0,0,0,0,2,0,0,0,0,0,0,0,0,0,0,0,0,0,0,1,0,1,0,0,0,0,2,0,0,0,2,3,0,0,0,0,0,0,0,0,0,0,0,0,0,0,0,0,0,0,0,0,0,0,0,0,0,1,0,0,2,0,2,0,0,0,0,0,0,0,0,0,0,1,0,0,5,0,3,0,0,0,0,0,0,1,0,0,2,0,1,262,3,0,0,0,0,0,0,0,0,0,0,0,0,0,0
48491020410,0,12,62,0,32,21,18,9,0,0,0,0,15,10,34,0,1,0,1,0,0,124,0,0,7,0,0,0,0,0,0,0,8,20,0,3,3,0,0,0,2,0,2,7,3,0,3,0,23,0,0,0,0,0,0,0,0,0,0,3,1,0,1,2,2,4,0,1,9,0,32,0,0,1,1,22,0,6,11,0,18,0,0,0,4,0,0,0,0,0,0,0,1,0,0,0,0,0,0,0,5,37,6,0,9,0,18,8,0,0,0,0,1,0,0,4,1,8,0,0,2,6,9,0,5,1,33,0,4,0,1,3,2,0,12,141,11,8,1,7,1,8,0,0,0,1,0,12,9,0,0
48491020411,0,2,20,0,10,1,10,2,0,0,0,0,0,0,5,2,0,0,2,0,1,17,0,0,3,0,0,0,0,0,1,0,0,4,0,0,1,1,0,0,0,0,0,0,1,0,0,0,7,0,0,0,0,0,0,0,0,0,0,0,0,0,0,0,10,0,0,0,0,0,5,0,0,0,1,2,1,0,0,0,4,0,0,0,1,0,0,0,0,0,0,0,0,0,0,0,0,0,0,0,1,2,1,0,1,0,0,0,0,0,0,0,0,0,0,1,0,0,0,0,0,1,3,0,0,1,1,0,1,0,0,0,0,0,1,125,6,1,0,0,0,0,0,0,0,0,0,2,2,0,0
48491020503,0,0,7,0,0,0,0,2,0,0,0,0,0,0,1,0,0,0,0,0,0,0,0,0,0,0,0,0,0,0,0,0,0,0,0,0,0,0,0,0,0,0,0,0,0,0,0,0,0,0,0,0,0,0,0,0,0,0,0,0,0,0,0,0,0,0,0,0,0,0,0,0,0,0,0,0,0,0,0,0,0,0,0,0,0,0,0,0,0,0,0,0,0,0,0,0,0,0,0,0,0,0,0,0,0,0,0,0,0,0,0,0,0,0,0,0,0,0,0,0,0,0,5,0,0,0,0,0,0,0,0,0,0,0,0,8,0,0,0,0,0,0,0,0,0,0,0,0,0,0,0
48491020504,0,0,3,0,0,0,0,0,0,0,0,0,0,0,0,0,0,0,0,0,0,0,0,0,0,0,0,0,0,0,0,0,0,0,0,0,0,0,0,0,0,0,0,0,0,0,0,0,0,0,0,0,0,0,0,0,0,0,0,0,0,0,0,0,0,0,0,0,0,0,0,0,0,0,0,0,0,0,0,0,0,0,0,0,0,0,0,0,0,0,0,0,0,0,0,0,0,0,0,0,0,1,0,0,0,0,0,0,0,0,0,0,1,0,0,0,0,1,0,0,0,0,0,0,0,0,0,0,0,0,0,0,0,0,0,1,0,0,0,0,0,0,0,0,0,0,0,0,0,0,0
48491020508,0,18,80,0,45,22,5,0,0,0,1,0,26,41,65,1,0,1,1,0,0,119,0,0,1,0,0,0,0,2,2,0,0,4,0,0,1,2,1,0,1,0,8,2,0,0,6,0,21,0,1,0,0,0,0,0,0,0,0,1,1,0,0,4,13,3,0,0,0,0,33,4,0,1,47,41,3,4,21,0,6,0,0,0,9,0,0,1,0,0,0,0,0,0,0,0,0,0,0,0,3,20,4,0,0,0,0,4,0,0,0,0,0,0,0,6,2,14,0,0,3,16,22,2,1,0,90,0,4,1,0,2,4,0,0,280,15,0,0,5,0,3,0,0,0,1,3,78,22,0,0
48491020509,0,55,133,0,107,54,21,2,0,0,2,0,9,17,45,0,0,2,1,0,0,15,0,0,1,0,0,0,0,5,0,0,1,3,0,0,2,0,0,0,2,0,4,0,0,0,5,0,5,0,0,0,0,0,0,0,0,0,0,0,0,0,0,2,2,3,0,0,0,0,25,1,0,1,5,15,5,1,4,0,0,0,0,0,3,0,0,0,0,0,0,0,4,1,1,1,0,0,0,0,3,15,0,0,3,0,5,2,0,1,1,7,38,0,0,17,0,16,5,9,8,3,9,1,0,0,243,0,5,0,1,7,5,0,0,2,4,1,0,2,0,2,0,0,0,2,3,274,19,0,0
48491020510,0,54,128,0,120,31,62,0,0,1,2,2,7,23,56,0,0,2,3,0,0,66,0,1,3,0,0,0,0,4,2,0,2,7,0,0,3,1,2,0,4,0,8,13,1,0,4,0,9,0,0,0,0,0,0,0,0,0,0,2,1,0,0,4,8,0,0,1,0,0,47,2,0,2,20,35,7,1,1,2,7,0,0,0,4,0,0,0,0,0,0,0,4,0,0,0,0,0,0,0,5,8,1,0,1,0,7,13,0,0,0,21,12,0,0,11,2,70,1,5,9,13,31,8,1,1,252,0,3,0,1,3,16,0,0,154,25,5,0,1,0,2,0,0,0,1,2,243,38,0,0
