tract2010,Abandoned Bicycle,Abandoned Building,Abandoned Vehicles,Aircraft Noise Disturbance,Alert Boston,Animal Found,Animal Generic Request,Animal Lost,Animal Noise Disturbances,Automotive Noise Disturbance,BWSC General Request,BWSC Pothole,Bed Bugs,Bicycle Issues,Big Buildings Online Request,Big Buildings Recycling (INTERNAL),Billing Complaint,Breathe Easy,Bridge Maintenance,Building Inspection Request,CE Collection,Call Log,Capital Improvement Long Term,Carbon Monoxide,Catchbasin,Cemetery Maintenance Request,Chronic Dampness/Mold,City/State Snow Issues,Construction Debris,Contractor Complaints,Contractors Complaint,Cross Metering - Sub-Metering,Dumpster & Loading Noise Disturbances,Egress,Electrical,Empty Litter Basket,Equipment Repair,Exceeding Terms of Permit,Fire Department Request,Fire Hydrant,Fire in Food Establishment,Food Alert - Confirmed,Food Alert - Unconfirmed,General Comments For An Employee,General Comments For a Program or Policy,General Lighting Request,General Traffic Engineering Request,Graffiti Removal,Ground Maintenance,HP Sign Application New,Heat - Excessive  Insufficient,Heat/Fuel Assistance,Highway Maintenance,Illegal Auto Body Shop,Illegal Dumping,Illegal Occupancy,Illegal Posting of Signs,Illegal Rooming House,Illegal Use,Illegal Vending,Improper Storage of Trash (Barrels),Install New Lighting,Item Price Missing,Knockdown Replacement,Lead,Litter Basket Maintenance,Loud Parties/Music/People,Maintenance - Homeowner,Maintenance Complaint - Residential,Major System Failure,Mechanical,Mice Infestation - Residential,Misc. Snow Complaint,Missed Trash/Recycling/Yard Waste/Bulk Item,Missing Sign,Mosquitoes (West Nile),Municipal Parking Lot Complaints,Needle Pickup,New Sign  Crosswalk or Pavement Marking,New Tree Requests,New Tree Warrantee Inspection,News Boxes,No Price on Gas/Wrong Price,No Utilities - Food Establishment - Electricity,No Utilities - Food Establishment - Flood,No Utilities - Food Establishment - Sewer,No Utilities - Food Establishment - Water,No Utilities Residential - Electricity,No Utilities Residential - Gas,No Utilities Residential - Water,No-Tow Complaint Confirmation,Notification,Occupying W/Out A Valid CO/CI,Oil Truck - No Receipt,Overcrowding,Overflowing or Un-kept Dumpster,PWD Graffiti,Park Improvement Requests,Parking Enforcement,Parking Meter Repairs,Parking on Front/Back Yards (Illegal Parking),Parks General Request,Parks Lighting/Electrical Issues,Pavement Marking Inspection,Pavement Marking Maintenance,Pest Infestation - Residential,Phone Bank Service Inquiry,Pick up Dead Animal,Pickup/Clear Conduit,Pigeon Infestation,Planting,Plumbing,Poor Conditions of Property,Poor Ventilation,Private Parking Lot Complaints,Product Short Measure,Protection of Adjoining Property,Public Events Noise Disturbances,Public Works General Request,Rat Bite,Recycling Cart Inquiry,Recycling Cart Return,Rental Unit Delivery Conditions,Request for Litter Basket Installation,Request for Pothole Repair,Request for Recycling Cart,Request for Snow Plowing,Request for Snow Plowing (Emergency Responder),Requests for Directional or Roadway Changes,Requests for Street Cleaning,Requests for Traffic Signal Studies or Reviews,Roadway Repair,Rodent Activity,Rooftop & Mechanical Disturbances,Scale Not Visible,Scanning Overcharge,Schedule a Bulk Item Pickup,Schedule a Bulk Item Pickup SS,Sewage/Septic Back-Up,Short Measure - Gas,Sidewalk Cover / Manhole,Sidewalk Repair,Sidewalk Repair (Make Safe),Sign Repair,Sign Shop WO,Snow Emergency,Snow/Ice Control,Space Savers,Squalid Living Conditions,Sticker Request,Street Light Knock Downs,Street Light Longterm Repair,Street Light Outages,StreetLight Pole WO,Student Move-in Issues,Student Overcrowding,Traffic Signal Inspection,Traffic Signal Repair,Transportation General Request,Trash on Vacant Lot,Tree Emergencies,Tree Maintenance Requests,Tree in Park,Undefined Noise Disturbance,Unit Pricing Wrong/Missing,Unsafe Dangerous Conditions,Unsanitary Conditions - Employees,Unsanitary Conditions - Establishment,Unsanitary Conditions - Food,Unsatisfactory Living Conditions,Unsatisfactory Utilities - Electrical  Plumbing,Unshoveled Sidewalk,Upgrade Existing Lighting,Utility Call-In,Utility Casting Repair,Valet Parking Problems,Walk-In Service Inquiry,Water in Gas - High Priority,Watermain Break,Work Hours-Loud Noise Complaints,Work w/out Permit,Working Beyond Hours,Zoning
25025000100,21,2,149,0,0,5,45,7,2,0,2,0,7,2,0,1,0,0,0,45,167,0,0,3,7,0,3,1,1,12,26,8,2,3,26,9,39,6,0,2,2,4,5,9,3,18,1,71,47,0,9,0,0,0,42,7,2,8,0,1,159,0,0,0,1,0,5,9,6,2,2,7,13,252,14,0,0,15,16,20,0,0,0,0,0,0,2,0,0,2,0,12,0,0,1,2,10,1,899,0,2,1,4,0,0,25,0,122,0,0,0,6,123,2,0,1,8,0,6,2,0,104,0,6,281,218,40,1,0,191,4,4,153,2,0,0,233,173,0,1,5,9,43,102,0,0,0,35,0,71,2,0,78,2,2,0,2,1,4,1,15,59,0,2,1,12,0,20,16,40,1,175,0,0,3,0,0,0,0,4,16,20,0
25025000201,12,0,161,0,0,5,38,2,2,0,1,0,2,0,0,0,0,0,0,12,128,0,0,3,3,0,3,0,1,13,14,8,0,0,10,7,20,5,0,4,0,0,0,7,1,4,0,8,13,0,11,0,0,1,20,13,2,4,0,0,141,0,0,0,0,0,2,5,6,0,2,4,3,250,6,0,0,7,10,17,0,0,0,0,0,0,0,2,1,1,1,7,0,0,1,4,4,0,626,0,2,5,3,0,0,12,0,36,0,0,0,3,74,0,0,0,1,0,5,0,3,119,0,0,144,314,36,1,0,88,0,7,42,1,0,0,202,136,0,0,1,19,43,52,0,0,0,12,1,85,0,0,46,0,0,0,1,0,4,1,32,90,0,2,0,10,1,2,1,28,3,135,1,0,2,0,0,0,0,0,11,9,0
25025000202,11,0,140,0,1,8,31,6,0,0,2,1,2,0,0,0,0,4,0,30,81,0,0,0,5,0,6,0,0,4,24,1,2,1,5,20,10,6,1,3,0,0,2,6,0,4,0,4,82,0,8,0,1,0,26,12,1,5,0,0,64,0,0,1,0,0,5,8,2,0,0,5,8,268,10,0,0,11,10,16,0,0,0,0,0,0,0,0,0,2,5,6,0,0,1,2,5,0,295,0,3,0,0,0,0,30,0,89,0,0,0,3,87,0,0,0,5,0,4,0,1,43,0,0,138,157,32,3,0,139,0,7,90,0,0,0,205,157,0,0,2,7,43,69,0,0,0,6,1,80,1,0,60,2,3,0,3,2,5,0,16,53,2,0,0,7,0,2,2,48,0,120,1,0,0,0,0,0,0,0,28,8,2
25025000301,9,2,148,0,0,2,16,2,2,0,2,1,4,0,0,0,0,0,0,9,63,0,0,0,4,0,0,1,2,7,12,4,0,0,8,1,3,5,0,0,0,2,0,2,0,5,0,2,2,0,19,0,0,0,11,5,0,1,1,1,75,0,0,2,0,0,0,7,2,0,0,0,24,222,5,0,0,6,5,23,0,0,0,0,0,0,0,0,0,7,0,6,0,0,1,2,2,0,355,0,5,1,0,0,0,10,0,28,0,0,0,0,42,0,0,0,13,0,2,1,0,127,0,0,61,247,35,1,1,129,0,1,23,0,0,0,181,132,0,0,2,13,43,22,0,0,0,15,0,73,1,0,35,1,2,0,5,1,2,0,19,69,1,1,0,10,0,3,3,11,1,83,0,0,1,0,0,0,0,2,16,4,1
25025000302,13,5,215,0,0,6,35,1,0,0,3,2,2,0,0,0,0,0,0,14,74,0,0,0,26,0,2,1,0,5,5,0,0,0,5,3,6,1,0,1,0,0,0,7,1,4,0,2,10,0,3,0,0,0,12,6,1,3,0,0,132,0,0,2,0,0,1,3,0,0,3,0,10,190,4,1,0,2,3,24,0,0,0,0,0,0,0,0,2,0,0,2,0,0,1,2,1,1,639,0,5,2,0,0,0,9,0,53,0,0,0,0,54,0,0,0,6,1,3,1,1,57,0,0,143,144,74,0,0,44,1,1,42,0,0,0,178,110,1,0,5,14,41,44,0,0,1,13,0,64,2,0,58,0,0,0,2,0,1,3,20,83,3,1,0,3,0,0,0,16,0,116,1,0,0,0,0,0,0,1,10,1,1
25025000401,20,0,93,1,0,2,44,2,8,0,6,1,2,0,0,1,0,0,0,22,235,0,0,2,8,0,4,0,1,5,13,0,0,1,4,13,20,0,0,2,0,1,1,6,0,8,1,17,13,0,21,0,0,2,17,4,2,1,0,0,325,0,0,1,1,0,2,3,4,1,0,5,20,171,5,0,0,1,7,19,0,0,0,0,0,0,1,1,0,3,0,7,0,1,0,2,7,0,1125,0,8,0,1,2,2,8,0,34,0,0,0,2,106,1,0,0,0,0,5,0,2,15,3,0,166,87,66,4,0,260,1,3,16,1,0,0,143,103,1,0,3,8,60,49,0,0,0,22,2,45,2,0,41,2,2,0,2,0,2,1,21,118,0,0,0,13,1,1,1,40,1,211,0,0,0,0,0,0,0,2,11,3,0
25025000402,3,4,80,0,0,3,71,2,4,3,4,0,3,0,1,0,0,0,0,21,145,0,0,0,6,0,8,0,0,5,7,5,3,0,9,4,18,1,0,6,0,0,3,4,2,2,2,13,51,0,4,0,0,0,27,2,1,1,0,0,109,1,0,0,1,0,0,5,1,1,0,4,15,229,14,0,0,4,11,33,0,0,0,0,0,0,0,1,1,1,0,7,0,0,0,3,6,0,448,0,5,5,3,0,0,8,0,50,0,0,0,1,89,0,0,0,1,0,3,0,1,92,0,0,199,186,61,2,0,125,0,3,26,0,0,0,164,123,0,1,5,12,48,66,0,0,0,4,0,88,2,0,69,0,5,1,0,0,4,1,30,82,0,0,0,14,1,2,3,24,0,300,0,0,1,0,0,0,0,2,24,2,0
25025000502,8,0,25,0,0,1,33,3,0,2,1,1,3,1,0,1,0,0,0,29,87,0,0,4,4,0,5,3,0,8,7,0,1,2,12,37,29,2,0,1,0,3,4,2,1,9,0,5,28,0,61,0,0,0,11,2,1,3,0,0,151,0,0,0,0,3,0,7,7,2,0,3,7,71,8,0,0,6,5,7,0,0,0,0,0,0,0,0,0,6,2,7,1,0,0,4,7,0,510,2,2,4,1,2,1,5,0,34,0,0,0,1,107,0,0,0,1,0,2,0,0,6,2,7,135,14,34,0,0,138,0,9,8,0,0,0,108,32,0,0,3,13,36,41,0,0,0,0,2,8,2,0,56,0,5,1,17,1,1,4,13,35,1,1,1,16,4,4,2,44,4,82,0,0,0,0,0,0,0,4,17,5,0
25025000503,8,0,4,0,0,0,14,3,1,0,1,1,2,0,0,0,0,0,0,12,97,0,0,2,0,0,2,1,0,1,1,1,0,0,3,1,0,0,0,0,0,1,0,1,0,0,0,13,0,0,14,0,0,0,4,2,0,1,0,0,50,0,0,1,1,0,0,1,2,0,0,4,8,71,5,0,0,2,1,6,0,0,0,0,0,0,0,0,0,0,0,1,1,0,1,1,5,0,291,0,1,0,0,0,0,5,0,3,0,0,0,0,21,0,0,0,0,0,2,2,0,9,0,1,43,10,25,0,0,65,0,0,2,0,0,0,36,41,1,0,3,4,16,30,0,0,0,0,0,5,1,0,25,1,2,0,0,0,1,0,2,12,0,0,0,4,0,0,0,29,2,23,0,0,1,0,0,0,0,1,7,0,1
25025000504,17,1,87,0,0,2,32,2,0,0,1,0,4,0,0,1,0,0,0,14,231,0,0,4,8,0,10,0,1,4,11,0,1,1,10,8,5,0,0,4,0,3,1,2,0,5,0,41,4,0,24,0,0,1,28,1,0,1,0,0,266,0,1,0,1,0,4,5,5,3,0,5,13,146,7,0,0,9,13,22,0,0,0,0,0,0,0,2,0,2,0,7,0,0,0,2,4,0,1323,0,1,0,1,0,0,9,0,27,0,0,0,1,48,2,0,1,0,0,2,0,1,23,0,0,120,61,49,1,0,143,1,0,21,0,0,0,98,79,1,0,0,6,17,53,0,0,0,6,0,30,1,0,37,0,11,0,3,0,3,0,18,45,0,1,0,15,0,6,5,76,2,206,0,0,0,0,0,0,0,4,12,6,0
25025000601,26,3,72,0,0,6,39,7,6,1,0,0,2,0,0,1,0,0,0,20,90,0,0,0,8,0,6,2,4,7,12,4,0,0,9,8,1,4,0,1,3,1,3,24,1,7,0,13,3,0,15,3,0,0,24,5,1,5,0,4,142,0,0,1,1,1,3,8,0,0,0,1,18,339,9,0,0,7,4,24,0,0,0,0,0,0,0,0,0,0,2,5,0,0,3,3,16,0,803,0,2,0,1,0,0,20,0,87,0,0,0,0,171,0,0,0,2,0,5,0,2,31,0,1,185,108,40,4,0,152,1,0,108,2,0,0,170,101,2,0,2,8,32,89,0,0,0,2,1,50,3,0,33,2,0,0,1,1,2,2,17,72,0,2,0,26,2,6,5,23,1,205,0,0,2,0,0,0,0,1,22,6,0
25025000602,10,0,16,1,0,3,34,6,0,0,2,0,24,1,0,0,0,3,0,16,60,0,0,0,5,0,5,2,3,12,17,7,0,1,4,5,35,5,0,1,1,3,3,0,0,12,0,34,35,0,45,0,0,0,15,2,2,6,0,0,99,0,0,1,0,1,5,5,8,1,2,17,3,100,11,0,0,10,2,8,0,0,0,0,0,0,0,2,1,7,0,13,0,0,0,5,9,1,174,0,7,3,2,0,0,32,0,26,0,0,0,1,78,0,0,0,2,0,3,0,0,7,0,1,168,52,34,1,0,73,0,1,68,5,0,0,68,42,0,0,3,2,17,40,0,0,0,1,0,19,1,0,28,3,4,0,0,0,1,8,6,27,0,2,1,11,1,5,4,92,4,88,0,0,1,0,0,0,0,4,21,18,0
25025000701,10,1,19,0,0,1,15,1,0,0,1,0,13,2,0,2,0,0,0,12,139,0,0,6,4,0,2,0,0,2,5,0,0,2,18,1,4,0,0,1,0,0,0,0,0,4,0,19,2,0,36,0,0,2,18,2,2,2,0,0,76,0,0,1,0,0,1,3,4,0,0,9,7,83,9,1,0,8,0,1,0,0,0,0,0,0,0,1,1,9,0,6,0,0,0,1,10,0,441,0,1,0,0,1,0,8,0,13,0,0,0,1,41,2,0,0,0,0,1,1,0,9,0,0,165,43,17,0,0,111,1,1,23,1,0,0,67,43,0,0,0,1,13,52,0,0,0,4,0,13,2,0,39,0,2,0,1,3,0,3,9,11,0,1,0,5,0,1,0,52,2,47,0,0,0,0,0,0,0,0,8,0,0
25025000703,18,0,5,0,0,0,16,0,0,1,0,2,5,0,0,1,0,0,0,22,155,0,0,2,9,0,1,0,0,8,5,3,0,0,9,19,0,0,0,0,0,3,3,5,0,0,0,91,0,0,17,0,0,0,13,2,1,2,0,0,37,0,0,1,0,1,1,2,6,0,0,5,5,40,14,0,0,4,1,2,0,0,0,0,0,0,0,1,1,0,1,2,1,0,0,9,26,0,139,4,0,0,0,0,1,8,0,11,0,0,0,2,61,0,0,0,0,3,0,0,0,1,0,0,115,12,6,0,0,149,1,0,32,0,0,0,22,21,2,0,1,2,14,56,0,0,0,0,1,6,1,0,12,1,1,0,5,0,0,5,7,9,0,0,0,16,2,7,7,39,6,94,0,0,3,0,0,0,0,6,4,10,0
25025000704,25,0,16,0,0,1,27,3,0,2,1,1,6,0,0,4,0,0,0,20,141,0,0,8,6,0,6,0,2,5,4,3,2,0,11,27,0,0,0,1,0,3,5,6,0,2,0,178,2,0,43,0,0,0,18,1,1,0,0,0,90,0,0,1,0,0,1,5,6,2,2,11,6,104,16,0,0,13,3,8,0,0,0,0,0,0,1,2,0,2,2,6,0,0,0,6,25,0,249,0,2,1,1,0,0,15,0,26,0,0,0,1,64,0,0,0,2,0,0,0,0,5,8,1,181,29,24,1,0,185,2,1,45,0,0,0,56,52,0,0,2,3,17,61,0,0,0,1,1,19,2,0,37,0,5,0,2,0,1,3,9,25,0,1,0,6,1,7,6,79,7,69,0,0,1,0,0,0,0,1,5,3,0
25025000802,46,1,89,0,0,5,43,10,3,2,5,0,12,0,0,1,1,1,0,48,339,0,0,10,13,0,5,1,4,14,20,6,0,4,25,26,21,2,0,3,5,9,6,7,5,12,0,386,48,0,42,0,0,0,54,16,5,5,0,0,207,1,1,4,1,2,9,10,11,0,2,8,10,283,20,2,0,22,5,10,0,0,0,0,0,1,0,3,1,9,0,20,0,0,0,4,65,0,775,1,16,3,0,0,1,25,0,107,0,1,0,4,162,1,0,0,3,0,9,2,0,59,9,4,287,191,30,3,0,358,0,4,157,2,0,3,244,141,8,0,9,7,42,126,0,0,1,10,0,71,7,0,67,15,10,0,0,1,8,9,14,50,2,0,1,35,0,32,15,111,2,201,0,0,3,0,0,0,0,17,25,21,2
25025000803,10,0,2,0,0,0,11,0,0,0,2,0,0,6,0,0,1,0,0,3,6,0,0,0,2,0,0,0,0,8,1,0,1,0,5,19,2,0,0,0,0,1,0,0,0,2,0,3,3,0,0,0,0,0,1,0,0,0,0,0,6,0,0,0,0,1,0,1,0,3,0,0,1,1,1,0,0,4,5,0,0,0,0,0,0,0,0,0,0,0,0,7,0,0,0,0,3,0,142,5,1,0,0,0,0,1,0,14,0,0,0,0,1,0,0,0,0,0,3,0,0,0,0,1,107,0,18,1,0,35,7,1,2,0,0,0,8,4,0,0,0,0,9,34,0,0,0,1,0,0,2,0,51,0,0,0,20,1,2,0,0,2,0,0,0,4,0,1,1,0,0,14,0,0,1,0,0,0,0,0,1,0,0
25025010103,17,0,4,0,0,1,7,0,0,0,0,0,0,0,0,0,0,0,0,16,4,0,0,0,2,0,0,0,0,4,1,0,0,1,12,6,2,0,0,0,0,0,2,1,0,6,0,9,1,0,1,0,0,0,0,0,1,0,0,1,3,0,0,0,0,1,0,0,0,1,0,0,2,6,0,0,0,1,2,8,0,0,0,0,0,0,0,0,0,0,0,8,0,0,0,1,2,0,265,5,0,0,1,0,0,0,0,1,0,0,0,1,4,0,0,0,0,0,0,0,0,0,0,0,28,0,7,0,0,15,4,1,0,0,0,0,4,7,0,0,2,0,9,15,0,0,0,0,0,0,1,0,45,0,0,0,3,1,4,0,0,15,0,0,0,10,0,2,4,3,0,6,0,0,1,0,0,0,0,4,1,2,0
25025010104,87,1,8,0,0,0,18,1,0,3,1,0,0,0,0,1,0,0,0,46,223,0,0,9,6,0,3,0,1,6,14,0,1,3,10,61,33,2,0,1,2,3,3,4,2,62,0,107,14,0,7,0,0,0,31,2,6,0,0,2,758,3,0,1,0,4,0,12,2,8,0,2,12,114,1,0,0,35,24,33,0,0,0,0,1,0,0,0,0,0,0,10,1,0,0,2,57,0,1059,4,0,0,3,2,0,11,0,49,1,0,0,2,319,0,0,0,3,0,3,0,0,3,0,0,172,12,41,1,0,549,0,2,64,0,0,3,43,39,0,0,3,12,98,86,0,0,0,3,1,8,9,0,255,3,1,0,7,2,5,3,5,87,0,0,0,24,3,20,7,20,1,123,1,0,0,6,0,0,0,2,15,8,0
25025010203,65,0,10,3,0,0,27,0,0,0,5,0,16,0,0,0,0,1,0,32,36,0,0,4,6,0,5,1,0,3,8,1,0,2,17,119,26,1,0,1,2,8,25,2,0,7,1,141,65,0,22,0,0,0,12,4,3,0,0,0,48,0,0,3,1,2,2,14,9,5,0,12,9,46,9,0,0,158,0,43,0,0,1,0,0,0,1,1,0,2,2,8,0,0,5,3,80,0,455,6,2,3,6,0,0,13,0,34,0,0,0,6,93,0,1,0,1,1,7,1,0,0,3,3,409,1,16,0,0,379,2,1,44,3,0,1,34,25,2,2,4,13,116,122,0,0,0,0,3,2,3,0,89,2,3,1,7,0,5,0,8,176,1,3,0,8,8,24,14,50,3,44,0,0,7,0,0,0,0,6,11,5,0
25025010204,19,0,14,2,0,0,19,0,0,1,0,1,0,0,1,1,0,0,0,19,19,0,0,3,3,0,2,1,0,7,22,0,3,1,5,4,3,4,0,0,0,0,2,1,0,9,0,43,13,0,9,0,0,0,7,3,0,0,0,0,51,1,1,0,0,1,4,3,1,3,0,3,1,96,11,0,0,24,8,11,0,0,0,0,0,0,0,0,1,1,1,4,0,0,0,1,12,1,279,1,0,2,3,0,1,4,0,4,0,0,0,0,29,0,0,0,0,0,2,0,0,3,0,0,125,16,30,0,0,54,2,2,13,1,0,1,21,16,2,0,2,5,39,65,0,0,0,0,0,6,1,0,53,0,1,0,3,0,1,1,4,23,0,1,0,6,0,0,3,24,1,31,0,0,1,0,0,0,0,6,10,24,0
25025010300,11,0,5,0,0,1,37,1,0,0,1,2,2,0,0,1,0,0,0,7,5,0,0,0,1,0,0,1,0,1,0,0,0,0,11,3,21,0,0,4,0,2,2,1,0,13,0,3,8,0,1,0,0,0,5,0,0,0,0,0,17,0,0,1,0,1,0,4,1,1,3,1,3,41,1,0,0,21,6,18,0,0,0,0,0,1,0,0,0,1,1,5,0,0,0,0,8,0,335,0,0,1,5,1,0,3,0,27,0,0,0,2,2,0,0,0,0,0,2,0,0,0,0,0,338,1,11,0,0,29,3,3,3,1,0,0,7,7,0,0,2,6,37,16,0,0,0,1,0,0,4,0,48,0,0,0,7,0,2,0,6,65,0,0,0,2,1,5,7,4,0,12,0,0,3,1,0,0,0,1,0,4,0
25025010403,61,2,7,0,0,0,11,0,0,2,4,1,8,5,0,2,0,0,0,12,40,0,0,0,5,0,8,0,0,5,10,1,0,2,6,37,15,0,1,1,1,3,3,5,0,8,0,265,15,0,14,0,0,0,5,0,1,0,0,0,64,0,0,1,1,1,2,6,5,0,0,3,6,51,0,0,0,172,4,34,0,0,0,0,0,0,0,0,0,4,0,2,0,0,0,0,75,0,340,1,1,1,2,0,0,7,0,20,0,0,0,3,40,0,0,0,0,0,1,0,0,1,0,0,60,3,37,0,0,121,2,1,21,4,0,0,30,17,0,0,2,13,33,60,0,0,0,2,0,5,1,0,19,1,7,0,4,0,1,1,1,72,0,1,0,5,2,16,4,34,1,25,0,0,3,0,0,0,0,1,7,2,0
25025010404,33,0,0,0,0,0,13,2,0,0,3,3,9,0,0,0,0,0,0,13,54,0,0,0,3,0,3,0,1,10,11,3,0,2,2,21,2,3,0,0,1,7,4,6,1,6,1,52,0,0,16,0,0,0,18,0,11,0,0,1,54,0,0,0,0,0,1,10,2,1,0,15,2,141,3,0,0,34,0,22,0,1,0,0,0,0,0,1,0,5,0,6,0,0,0,1,11,0,138,0,0,1,0,0,0,13,0,22,0,0,0,1,52,1,0,0,1,1,1,0,0,0,3,0,70,13,14,2,0,79,0,1,41,1,0,0,20,18,0,0,2,2,27,39,0,0,0,4,0,9,2,0,32,0,5,0,2,0,2,0,13,83,0,2,0,16,0,10,6,44,2,46,0,0,1,0,0,0,0,5,7,8,0
25025010405,18,0,5,0,0,0,15,1,0,0,1,0,6,0,0,0,0,0,0,17,29,0,0,1,1,0,8,2,1,3,8,0,0,3,7,15,13,1,0,2,0,2,0,5,1,4,0,67,13,0,37,0,0,0,8,0,4,1,0,0,25,0,0,0,0,1,2,6,8,1,0,9,2,58,2,0,0,74,1,15,0,1,0,0,0,0,0,3,0,4,2,8,0,0,0,2,18,0,133,2,0,0,1,1,0,11,0,28,0,0,0,2,17,0,0,0,0,0,6,0,0,0,0,0,190,0,17,1,0,56,4,0,17,0,0,0,54,10,0,0,3,7,43,25,0,0,0,0,1,0,4,0,53,0,1,0,5,0,2,0,2,38,0,0,0,10,1,2,2,47,3,25,0,0,1,0,0,0,0,1,3,8,0
25025010408,12,0,3,0,0,0,8,2,0,1,5,1,1,0,0,0,0,0,0,1,19,0,0,0,0,0,2,0,3,0,6,1,1,0,2,2,3,0,0,0,0,1,0,0,0,2,0,20,6,0,2,0,0,0,6,0,0,3,0,0,17,0,0,0,0,0,0,2,0,0,1,4,3,22,2,0,0,43,1,5,0,0,0,0,0,0,0,0,0,2,0,1,0,0,1,2,12,0,86,0,2,2,0,0,0,4,0,17,0,0,0,0,12,0,0,0,0,0,1,0,0,0,1,0,51,0,3,0,0,54,0,0,16,0,0,0,4,5,0,0,0,2,19,35,0,0,0,1,2,0,0,0,23,0,0,0,0,0,0,0,7,37,0,1,0,3,0,0,0,13,0,5,0,0,0,0,0,0,0,2,3,1,0
25025010500,36,0,8,0,0,2,8,1,0,1,2,0,3,1,0,1,0,0,0,24,90,0,0,3,8,0,5,0,1,5,14,3,1,2,9,15,17,4,0,1,1,0,0,2,1,2,1,35,20,0,14,0,0,0,19,2,7,0,0,2,237,0,0,1,0,1,9,24,1,1,1,7,5,70,5,1,0,182,4,66,0,0,0,0,0,0,0,0,0,1,0,7,0,0,2,2,40,0,562,2,2,0,1,0,0,12,0,25,0,0,0,0,52,0,0,0,2,1,2,0,0,3,0,0,147,14,18,0,0,143,2,1,43,0,0,0,36,17,0,0,7,44,679,49,0,0,0,0,0,5,1,0,71,1,2,0,2,0,4,1,7,141,0,3,0,19,0,1,6,12,3,51,0,0,0,1,0,0,0,3,11,15,1
25025010600,26,0,2,0,0,0,19,2,0,0,0,0,8,2,0,0,0,0,0,38,35,0,0,0,6,0,1,0,0,6,7,0,0,1,26,8,8,1,0,1,0,13,11,12,0,6,0,21,16,0,13,0,0,0,14,0,2,0,0,1,153,0,2,0,0,3,13,8,2,1,1,2,9,58,8,2,0,91,3,11,0,0,0,0,1,1,1,0,0,1,0,6,0,0,2,3,22,0,288,1,2,0,5,1,2,13,0,19,0,0,0,3,33,2,0,0,0,4,7,0,0,0,0,0,190,8,24,1,0,89,3,1,41,4,0,1,42,33,0,0,12,29,86,35,1,0,0,0,0,4,1,0,43,2,0,0,6,0,4,2,15,82,0,3,0,9,4,32,15,13,0,19,0,0,1,1,0,0,0,4,8,5,0
25025010701,58,0,11,1,0,0,25,2,0,0,2,0,2,3,0,0,0,0,0,53,251,0,0,9,8,0,1,1,4,18,38,3,5,5,17,53,16,3,0,0,2,11,3,9,2,26,0,553,6,0,5,0,0,0,63,3,8,6,0,6,451,0,0,2,0,1,1,19,2,2,0,1,9,144,15,0,0,64,0,48,0,0,0,0,1,1,1,1,0,1,5,8,0,0,1,3,66,0,491,12,1,0,10,0,0,14,0,45,0,0,0,0,153,0,0,0,7,2,8,0,0,3,1,1,149,22,19,0,0,304,1,2,123,5,0,0,51,70,2,0,7,89,192,62,0,0,0,0,0,8,8,0,171,2,0,0,7,0,3,1,2,62,0,9,1,39,2,25,25,7,0,112,1,0,3,0,0,0,0,6,29,27,1
25025010702,85,2,11,2,0,4,36,3,0,4,4,3,0,3,1,2,0,0,0,72,246,0,0,5,8,0,2,0,6,11,38,3,4,1,20,55,44,3,0,6,1,17,23,14,2,74,1,670,30,0,4,0,0,1,52,5,11,0,0,4,451,2,0,3,1,1,1,18,2,3,4,0,12,172,20,0,0,78,0,34,0,0,0,1,0,1,0,0,0,1,1,8,0,0,0,5,62,0,522,20,3,4,31,0,1,19,0,76,0,0,0,7,312,0,0,0,5,0,6,1,0,4,0,2,295,29,37,0,0,637,0,0,63,0,0,1,89,54,1,0,6,58,131,110,0,0,0,1,0,26,18,0,245,3,0,0,3,1,7,2,15,75,0,3,0,40,5,25,13,14,1,100,1,0,5,3,0,0,0,3,34,23,1
25025010801,20,0,7,0,0,2,7,1,0,0,6,0,1,2,0,0,0,0,0,30,212,0,0,0,6,0,5,2,2,14,25,1,1,2,10,2,1,3,0,2,0,0,0,1,5,49,0,36,2,0,8,0,0,0,30,0,4,1,0,0,429,0,0,0,0,0,0,6,3,1,0,5,3,94,3,1,0,10,3,37,0,0,0,0,0,0,0,0,0,0,0,5,0,0,0,1,13,0,340,2,0,1,2,2,1,1,0,22,0,0,0,1,53,0,0,0,1,1,6,1,0,3,1,0,160,15,8,0,0,88,0,7,43,1,0,0,62,46,1,0,3,42,79,21,0,0,0,0,0,15,1,0,96,0,1,0,0,0,2,0,11,44,0,0,0,9,0,0,0,31,1,11,0,0,1,0,0,0,0,6,13,11,1
25025010802,43,0,5,3,0,1,6,0,0,1,2,2,0,5,0,0,0,0,0,39,321,0,0,1,11,0,1,0,6,12,51,0,0,4,8,5,24,3,0,1,0,0,1,5,0,53,2,90,2,0,11,0,0,0,72,1,3,1,0,0,750,0,0,0,1,0,4,12,4,0,3,2,9,96,4,0,0,49,2,54,0,0,0,0,0,0,0,0,0,1,0,5,2,0,1,6,28,0,350,3,1,0,3,0,0,16,0,85,0,0,0,2,65,0,0,0,10,0,2,0,0,10,2,1,382,35,15,1,0,169,1,4,90,3,0,0,59,73,1,0,3,37,100,34,0,0,0,0,0,21,7,0,187,0,4,0,6,0,3,3,11,112,0,0,0,38,0,2,1,16,2,78,0,0,0,0,0,0,0,4,31,24,0
25025020101,71,2,20,1,0,0,31,1,4,3,5,0,2,2,0,1,0,0,0,72,733,0,0,2,3,0,2,1,8,33,93,1,3,4,13,73,36,21,0,0,0,3,0,12,4,311,0,38,45,0,17,0,0,0,67,2,8,0,0,4,1424,2,0,0,3,2,0,23,3,1,0,4,16,902,7,0,0,18,7,135,0,0,0,0,0,0,0,0,0,1,0,7,0,0,0,2,70,0,919,6,2,2,3,0,0,26,0,112,0,0,0,4,79,3,0,0,19,1,7,0,0,5,0,2,330,13,45,1,0,561,0,2,121,2,0,0,135,166,0,0,4,257,481,92,0,0,0,3,2,18,17,0,576,0,2,0,2,0,3,0,50,248,1,4,1,49,2,18,9,15,1,131,0,0,0,0,0,0,0,8,75,29,2
25025020200,119,0,16,0,0,2,18,2,5,0,4,1,3,6,0,0,0,0,0,32,1997,0,0,4,3,0,3,0,8,13,24,1,0,1,11,78,11,5,0,0,0,2,0,7,3,69,1,12,34,0,30,0,0,0,79,7,3,1,0,0,2458,0,1,0,0,8,4,18,4,0,2,13,3,466,5,0,0,12,2,73,0,0,0,0,0,0,0,1,0,2,1,2,0,0,0,1,22,0,379,0,1,0,1,1,0,12,0,73,0,0,0,0,67,2,0,0,6,3,6,1,0,6,3,4,174,12,16,0,0,935,0,4,44,0,0,0,136,125,0,0,7,121,193,41,0,0,0,1,1,12,2,0,234,0,7,0,1,0,7,1,10,149,0,2,0,22,1,4,5,41,2,50,0,0,0,0,0,0,0,7,14,11,1
25025020301,17,0,8,0,0,1,27,0,1,0,3,0,0,0,0,0,0,0,0,14,13,0,0,0,5,0,3,0,2,2,4,0,0,0,7,7,3,0,0,0,0,2,2,1,0,7,0,8,2,0,1,0,0,0,0,1,0,0,0,0,1,0,0,0,0,1,0,7,1,1,0,2,1,12,1,0,0,13,2,6,0,0,0,0,0,0,0,1,0,1,0,16,0,0,7,0,11,0,100,3,0,0,2,1,1,3,0,19,0,0,0,3,2,1,0,0,0,0,2,0,0,0,0,0,114,4,6,0,0,30,1,0,5,0,0,1,17,5,1,0,3,15,36,22,0,0,0,0,2,2,3,0,36,1,0,0,10,0,1,0,1,20,0,0,0,5,1,5,8,13,0,26,0,0,0,0,0,0,0,1,1,7,0
25025020302,29,1,9,1,0,0,9,2,0,0,5,2,0,4,0,0,0,0,0,21,309,0,0,0,0,0,1,0,4,15,35,1,0,3,9,14,0,4,0,0,0,3,0,13,1,51,0,22,18,0,6,0,0,0,28,0,2,1,0,0,417,0,0,0,0,0,2,3,3,0,0,4,2,166,4,0,0,16,2,26,0,3,0,0,0,0,0,0,0,2,1,3,0,0,0,3,12,0,367,1,0,0,1,0,0,20,0,45,0,2,0,1,16,0,0,0,2,0,4,0,0,5,1,0,81,9,7,0,0,206,0,1,42,1,0,0,31,39,0,0,3,29,74,21,0,0,0,2,2,3,0,0,139,0,6,0,0,0,1,0,12,58,1,0,0,13,0,8,6,14,4,32,0,0,0,0,0,0,0,5,14,18,0
25025020303,21,0,12,0,0,3,32,1,4,0,4,2,1,2,0,2,0,0,0,50,18,0,0,0,5,0,5,0,1,10,27,0,1,2,29,33,27,2,0,2,0,2,1,6,3,10,1,119,21,0,8,0,0,0,4,0,1,1,0,6,23,1,1,2,0,0,4,3,2,5,3,4,4,117,7,0,0,50,2,11,0,3,0,0,2,0,0,0,0,4,1,24,0,0,3,1,37,0,519,2,1,0,2,1,2,6,0,30,0,0,0,6,29,3,0,0,1,1,4,0,0,0,0,2,152,0,8,1,0,190,1,1,10,4,0,0,8,3,2,0,9,31,56,49,0,0,0,0,2,3,3,0,109,1,0,0,8,0,4,1,8,60,0,3,1,25,5,14,8,15,10,29,0,0,0,1,0,0,0,14,2,28,0
25025030100,13,1,14,0,0,0,15,0,3,0,12,1,2,1,0,0,0,0,0,11,717,0,0,0,4,0,0,0,4,15,18,1,1,2,6,15,21,8,0,3,0,0,0,9,2,14,0,60,41,0,12,0,0,0,63,1,0,0,0,1,899,0,0,1,0,2,1,7,5,0,0,2,7,178,16,0,1,37,2,2,0,0,0,0,0,0,0,0,3,1,1,10,0,0,3,0,20,0,667,1,1,3,6,0,0,5,0,74,0,0,0,4,41,0,0,0,4,0,6,0,0,1,5,0,67,8,28,0,0,350,2,1,63,2,0,0,77,50,2,0,0,9,28,49,1,0,0,5,0,17,3,0,80,2,6,0,0,0,7,2,3,17,2,1,0,13,0,3,1,32,0,97,0,1,0,0,0,0,0,4,19,9,0
25025030200,20,0,14,0,0,0,13,3,2,1,5,2,1,2,0,0,0,0,0,11,628,0,0,0,10,0,2,0,2,13,4,4,1,1,11,8,14,3,0,2,1,0,0,10,2,30,0,123,100,0,6,0,0,0,46,1,2,1,0,0,760,0,0,0,0,0,0,7,2,1,0,0,12,176,9,0,0,62,5,10,0,0,0,0,0,1,0,1,0,1,0,5,0,0,0,3,25,0,379,0,1,1,3,0,0,11,0,91,0,1,2,1,39,0,0,0,2,0,3,0,0,1,1,0,116,10,11,0,0,422,1,5,113,0,0,0,36,55,4,0,4,15,56,30,0,0,0,9,1,9,3,0,70,0,7,0,0,0,1,1,1,10,0,1,0,20,0,5,4,7,0,76,1,0,0,0,0,0,0,5,9,6,0
25025030300,1198,27,2302,28,117,101,1383,95,18,25,229,72,22,62,0,4,1,7,17,240,5408,13,109,4,684,61,15,48,68,1025,848,14,11,19,91,2668,2947,60,1,255,9,40,65,1260,5706,1699,150,2872,4095,0,22,1,0,75,703,38,120,9,0,102,6541,31,5,301,0,163,89,224,11,555,6,29,705,1030,1708,9,5,4638,1802,434,0,12,3,2,2,3,2,4,2,11,63,373,5,0,5,72,2726,760,32119,54,55,224,755,323,358,137,17,2896,2,9,27,20,1863,5,3,2,49,29,424,4,0,72,1,116,17876,220,2419,126,39,15880,2120,312,1038,18,0,8,444,59,5,3,490,1383,4654,10767,28,2,11,485,7,180,826,3,7206,310,73,0,18950,520,429,153,842,2122,272,48,0,526,35,157,113,140,9,5463,9,7,155,11,3,0,1,286,264,339,13
25025030400,28,1,18,1,0,2,18,1,1,2,3,1,1,1,0,0,0,0,0,31,780,0,0,1,4,0,3,0,2,16,37,3,4,1,12,261,41,5,0,2,6,2,8,21,2,49,0,84,89,0,5,0,0,0,73,4,6,1,0,1,1161,1,0,2,0,7,2,9,1,2,1,4,9,305,18,0,0,42,7,10,0,0,0,0,0,0,1,1,0,2,4,12,0,0,1,8,17,0,755,0,1,2,5,0,0,8,0,77,0,0,0,1,58,0,1,0,5,1,8,0,0,3,0,2,148,7,29,0,0,583,0,3,84,0,0,0,90,78,1,0,3,54,97,70,0,0,0,4,2,7,4,0,104,4,10,0,1,0,5,0,4,30,0,2,1,27,2,20,5,20,1,80,0,0,0,1,0,0,0,10,15,20,2
25025030500,30,0,5,0,0,1,13,1,0,0,5,1,1,2,0,0,0,0,0,16,453,0,0,1,3,0,6,0,3,5,20,2,0,2,12,39,24,6,0,1,0,0,2,13,0,10,1,37,92,0,6,0,0,0,45,0,3,0,0,1,753,0,0,0,0,0,4,8,3,15,0,4,7,154,13,0,0,40,7,6,0,0,0,0,0,0,0,0,0,1,0,5,0,0,0,0,7,0,500,0,2,3,12,0,0,6,0,26,0,0,0,2,42,0,0,0,1,1,10,0,0,3,0,2,60,6,51,0,0,387,0,1,46,1,0,0,43,58,0,0,3,20,43,38,0,0,0,3,1,3,1,0,87,1,4,0,1,0,5,0,4,36,0,0,0,10,0,3,2,10,0,69,1,0,0,0,0,0,0,3,11,9,0
25025040100,8,3,12,2,0,1,22,0,6,0,1,0,0,1,0,0,0,0,0,24,19,0,0,2,3,0,0,2,4,9,31,1,0,4,14,39,19,6,0,1,0,1,3,5,0,67,1,4,23,0,6,0,0,0,8,1,5,2,0,0,36,0,0,1,0,3,1,9,0,2,3,1,6,194,8,0,0,15,4,51,0,0,0,0,0,0,1,0,0,1,3,7,0,0,0,1,17,0,392,0,2,5,9,0,1,9,0,28,0,0,0,3,23,2,0,0,9,2,2,0,0,13,0,0,95,65,15,0,0,100,1,3,30,6,0,0,87,73,0,0,5,41,96,41,0,0,0,5,0,29,9,0,335,2,0,0,3,0,9,0,15,120,1,0,0,16,0,5,2,4,0,39,1,0,0,0,0,0,0,3,34,8,0
25025040200,3,1,14,0,0,2,10,0,0,1,1,0,0,0,0,0,0,2,0,10,18,0,0,1,3,0,7,0,1,8,12,0,0,1,1,6,9,2,0,0,0,0,1,4,0,18,0,13,7,0,4,0,0,0,7,1,1,0,0,0,58,0,0,0,0,0,0,1,0,0,1,3,4,104,5,0,1,15,3,9,0,0,0,0,0,0,0,0,0,1,0,6,0,0,0,2,7,0,187,0,0,0,2,0,0,4,0,24,0,0,0,2,12,1,0,0,2,0,4,0,0,5,0,0,51,35,26,0,0,69,1,2,7,1,0,1,60,28,0,0,4,12,27,13,0,0,0,9,1,12,1,0,78,1,0,0,0,0,0,1,3,51,0,0,0,12,0,2,0,14,1,33,0,0,0,0,0,0,0,1,9,3,0
25025040300,8,1,53,0,0,4,33,2,9,0,3,0,1,0,0,1,0,2,0,47,90,0,0,2,8,1,6,5,11,22,48,0,0,4,17,5,16,13,1,3,0,0,1,11,1,10,0,3,15,0,5,0,0,0,33,0,4,1,1,0,225,1,0,0,0,0,4,5,3,0,0,5,26,324,15,1,0,24,9,97,0,0,0,0,0,0,0,0,0,5,4,6,0,0,0,5,12,1,1033,0,1,8,6,0,0,17,0,52,0,1,0,7,43,0,0,0,7,0,5,1,0,38,1,2,144,170,55,2,0,220,1,1,42,1,0,0,127,124,1,0,5,34,54,74,0,0,0,32,1,79,1,0,122,5,0,0,0,0,4,1,27,244,1,1,0,12,0,1,4,39,5,185,2,1,0,0,0,0,0,4,44,15,0
25025040401,9,1,57,1,0,3,18,1,1,1,1,0,1,1,0,0,0,0,0,22,45,0,0,0,5,0,4,0,3,7,25,1,4,2,10,25,36,6,3,1,1,3,3,5,0,55,1,10,20,0,6,0,0,2,13,3,1,0,0,0,91,0,0,1,0,0,2,15,0,3,3,1,18,179,16,1,0,44,7,56,0,1,0,0,0,0,0,0,0,0,0,7,0,0,0,4,14,0,841,0,3,3,4,0,0,6,0,37,0,0,0,4,31,1,0,0,10,0,4,0,0,18,0,0,136,62,27,0,0,134,2,3,27,0,0,1,58,51,2,0,3,53,99,68,0,0,0,41,1,32,6,0,205,6,0,0,3,0,6,0,13,142,3,0,0,13,0,13,4,11,1,104,0,0,1,0,0,0,1,3,24,9,2
25025040600,13,4,62,0,0,6,62,5,24,1,9,2,0,1,0,1,0,0,0,43,79,0,0,1,3,0,0,1,16,23,55,0,0,3,20,15,74,6,0,1,0,0,0,10,0,26,1,106,54,0,5,0,0,0,31,1,1,2,0,0,271,1,0,7,0,1,3,6,2,7,2,2,24,288,17,0,0,47,9,42,0,0,1,0,0,0,0,0,0,2,1,15,0,0,1,2,89,0,1123,0,2,8,9,2,2,22,0,127,0,1,0,4,66,1,0,0,11,0,10,0,0,49,0,1,287,151,62,1,0,342,6,4,82,1,0,0,153,88,0,0,16,32,85,107,0,0,0,19,0,68,13,0,169,9,1,0,10,0,8,2,23,192,3,0,1,31,0,4,1,18,0,192,0,0,1,0,0,0,0,7,37,24,0
25025040801,10,0,12,0,0,6,31,3,0,0,3,1,3,0,0,0,0,2,0,17,2,0,0,2,3,0,11,0,0,0,9,2,0,1,22,7,72,0,0,4,0,0,1,4,0,11,0,6,34,0,13,0,0,1,5,0,0,2,0,0,18,0,0,0,0,0,2,1,7,2,0,6,4,21,7,0,0,27,5,19,0,0,0,0,1,0,0,0,1,0,0,11,0,0,3,2,37,0,270,3,1,5,16,0,0,17,0,33,0,0,0,2,10,1,0,0,0,1,5,0,0,0,0,0,121,1,12,0,0,71,0,3,16,1,0,0,69,6,1,0,3,10,18,35,0,0,0,1,0,0,4,0,74,1,0,0,2,0,1,0,7,45,0,1,0,11,0,4,2,47,4,13,0,0,2,0,0,0,0,0,4,2,0
25025050101,14,1,68,0,0,7,35,9,4,1,4,2,5,1,0,0,0,3,0,27,66,0,0,5,10,0,1,1,4,12,31,6,0,0,9,8,2,6,0,1,0,0,0,3,0,6,0,23,3,0,3,0,0,0,26,3,1,1,0,0,214,0,0,1,1,2,2,4,4,2,1,6,15,111,7,1,0,23,7,48,0,0,0,0,0,0,0,0,0,3,3,14,0,0,0,5,25,0,571,1,1,1,0,0,0,22,0,33,0,0,0,0,85,1,0,0,12,0,1,1,0,8,1,0,150,75,28,2,0,217,0,0,46,0,0,0,116,68,0,2,0,46,73,54,0,0,0,35,0,24,2,0,66,3,0,0,2,3,2,0,13,92,0,1,0,27,1,0,0,48,0,102,0,0,2,0,0,0,0,1,27,9,0
25025050200,7,0,65,0,0,6,28,5,2,0,5,1,5,1,0,0,0,2,0,36,136,0,0,4,16,0,6,0,7,14,34,14,0,2,13,36,6,8,0,1,0,2,0,8,1,1,0,35,26,0,22,0,0,10,54,6,2,7,0,3,289,0,0,1,2,1,5,10,9,1,0,9,15,94,22,0,0,12,7,72,0,0,0,0,0,0,0,1,2,2,1,9,0,0,1,5,31,0,747,0,1,0,0,0,1,21,0,53,0,0,0,5,119,0,0,0,13,0,7,0,0,14,1,1,267,107,22,0,0,533,0,2,65,0,0,0,115,54,1,0,0,29,48,84,0,0,0,47,0,47,4,0,58,1,2,0,2,0,1,3,8,116,1,0,1,40,1,7,6,62,4,107,0,0,0,0,0,0,0,3,32,13,0
25025050300,5,1,26,0,0,2,29,3,0,0,2,0,0,0,0,0,0,2,0,7,27,0,0,0,0,0,3,0,4,8,16,4,0,1,5,18,28,3,0,1,0,1,1,3,0,15,1,36,35,0,2,0,0,6,8,1,0,0,0,0,71,0,1,2,0,1,0,6,0,3,0,0,8,22,9,0,0,25,3,15,0,0,0,0,0,0,0,0,0,2,1,5,0,0,2,1,4,0,535,0,1,2,4,0,0,10,0,26,0,0,0,1,53,1,0,0,2,0,2,0,0,2,0,1,46,27,2,1,0,342,0,0,18,0,0,0,22,9,1,0,3,15,27,50,0,0,0,8,2,9,2,0,41,3,1,0,1,0,0,3,5,32,0,0,0,13,0,11,3,25,1,32,0,0,0,0,0,0,0,1,15,10,0
25025050400,2,3,21,0,0,1,24,1,0,0,2,0,1,0,0,1,0,2,0,24,90,0,0,0,3,0,1,1,1,8,51,5,0,5,8,46,24,13,0,1,0,3,1,8,0,6,0,41,9,0,6,0,0,6,29,3,9,1,0,0,143,0,0,0,0,1,5,12,3,1,2,0,7,64,8,0,0,14,7,31,0,0,0,0,0,1,0,0,0,2,0,10,0,0,0,4,19,0,476,0,0,2,1,0,1,10,0,21,0,0,0,5,41,0,0,0,4,0,4,0,0,6,1,0,115,58,16,1,0,307,0,2,17,1,0,0,80,36,0,0,4,21,57,61,0,0,0,15,1,39,2,0,45,0,1,0,2,0,1,3,8,72,0,1,0,38,1,13,4,27,0,69,0,0,0,0,0,0,0,0,40,25,1
25025050500,7,8,42,0,0,2,11,1,0,0,6,0,2,0,0,0,0,0,0,15,72,0,0,2,5,0,0,0,7,4,27,13,0,3,6,4,1,4,0,0,0,0,0,0,0,1,0,20,1,0,7,0,0,5,23,1,1,1,0,0,111,0,0,0,0,2,1,8,0,1,0,5,6,29,6,1,0,2,3,10,0,0,0,0,0,0,0,1,0,5,0,7,0,0,0,3,2,0,131,0,0,1,0,0,0,5,0,19,0,0,0,1,56,0,0,0,4,0,1,0,0,0,0,1,50,30,3,1,0,137,0,1,14,0,0,0,48,12,2,0,0,5,15,31,0,0,0,12,0,14,1,0,28,0,0,0,0,0,1,2,5,27,0,0,0,25,0,0,1,19,3,43,0,0,3,0,0,0,1,2,18,20,0
25025050600,8,4,9,0,0,12,22,2,0,0,2,1,4,0,0,0,0,1,0,19,75,0,0,1,5,0,3,0,1,13,19,12,0,2,7,14,30,5,0,1,0,0,0,9,0,4,2,42,9,0,8,0,0,0,19,4,7,3,0,1,201,0,0,0,0,0,4,7,1,3,1,0,11,57,7,0,0,14,5,26,0,0,0,0,0,0,0,1,0,3,2,9,0,0,0,5,18,0,574,0,0,0,3,0,2,7,0,18,0,0,0,4,54,0,0,0,5,0,2,0,0,2,0,1,218,34,18,0,0,295,2,1,27,0,0,0,46,12,0,0,1,23,39,64,1,0,0,3,1,12,3,0,53,0,0,0,4,0,3,1,3,62,1,1,0,21,0,7,0,26,2,46,0,0,2,0,0,0,0,1,19,9,0
25025050700,4,5,38,0,0,2,26,3,0,0,6,0,14,1,0,1,0,2,0,30,109,0,0,2,7,0,3,0,10,18,72,12,0,3,9,13,5,7,0,1,2,0,2,2,1,7,0,61,2,0,3,0,0,0,58,7,1,6,0,0,180,0,0,5,0,0,0,14,2,4,0,2,19,71,12,0,0,21,3,28,0,0,0,0,0,0,0,0,0,3,1,14,1,0,1,3,59,0,691,0,0,1,1,1,2,4,0,43,0,0,0,3,85,0,0,1,9,0,2,1,0,5,0,2,171,65,26,2,0,566,1,2,18,1,0,1,134,44,3,0,4,16,37,94,0,0,0,26,4,23,2,0,61,2,0,0,3,1,5,3,11,99,1,0,0,43,1,2,0,53,1,141,0,0,1,0,0,0,0,5,37,19,0
25025050901,6,6,30,1,0,6,28,7,0,0,2,0,6,3,0,0,0,0,0,20,75,0,0,2,4,0,5,1,8,21,39,6,0,2,10,16,47,10,0,1,1,1,1,3,0,4,0,24,23,0,7,0,0,4,41,5,4,1,0,0,186,2,0,4,1,0,1,4,2,0,1,11,26,75,18,0,0,20,7,41,0,0,0,0,1,0,1,0,0,1,1,16,0,0,4,6,13,0,510,0,1,8,1,0,1,8,0,42,0,1,0,3,92,0,0,0,8,1,5,0,0,12,0,1,363,92,13,0,0,331,1,0,22,0,0,0,103,29,2,0,1,32,57,114,0,0,0,40,0,38,3,0,78,4,0,0,3,2,2,1,2,84,1,1,0,22,1,8,5,29,1,103,0,0,0,0,0,0,1,2,33,14,3
25025051000,4,3,122,0,0,3,51,6,2,0,2,0,2,2,0,0,0,0,0,32,42,0,0,9,11,0,0,1,3,13,18,6,0,2,16,2,75,5,0,2,1,0,1,6,0,6,3,10,16,0,6,0,0,3,29,6,2,1,0,0,96,0,0,1,0,0,0,4,1,2,1,1,15,112,16,0,0,19,10,54,1,0,0,0,0,0,0,2,0,2,0,13,1,0,2,2,23,0,702,0,3,8,11,0,0,21,0,58,0,0,0,2,95,0,0,0,7,0,5,0,0,21,2,1,406,75,31,1,0,159,0,2,48,1,0,0,192,83,2,0,2,44,75,90,0,0,0,22,1,39,5,0,96,0,0,0,4,0,6,1,27,149,0,0,0,13,0,3,1,29,2,94,0,0,4,0,0,0,0,1,25,8,0
25025051101,15,5,138,1,0,5,56,10,3,0,11,2,1,0,0,0,0,1,0,34,71,0,0,0,25,0,12,1,6,27,35,10,0,1,23,17,13,2,1,6,2,1,0,16,0,17,0,52,7,0,9,0,0,12,48,20,2,15,0,4,199,1,0,3,0,0,3,9,4,3,0,3,23,147,27,5,0,19,22,86,0,0,0,0,0,0,0,2,2,3,0,10,1,0,2,4,38,0,1377,0,11,2,4,0,1,23,0,102,0,0,0,0,249,0,0,0,19,0,7,0,2,61,0,1,520,161,56,1,0,228,2,5,95,0,0,0,299,127,3,0,8,76,102,144,0,0,1,22,1,83,6,0,269,4,0,0,5,1,5,5,62,261,0,1,1,25,0,6,4,35,0,136,2,0,5,0,0,0,0,8,49,16,1
25025051200,7,0,40,0,0,1,23,2,0,1,2,1,0,0,1,0,1,1,0,25,85,0,0,4,8,0,2,0,6,7,44,6,0,1,10,3,54,8,0,2,0,0,0,3,0,18,0,14,43,0,3,0,0,0,25,9,5,4,0,1,152,1,0,0,0,0,5,9,2,0,2,2,5,61,10,0,0,21,11,52,0,0,0,1,0,0,1,0,0,1,0,3,0,0,2,2,27,0,876,0,4,6,9,0,0,5,0,37,0,0,0,4,99,0,0,0,10,0,9,0,0,5,3,0,92,100,26,0,0,181,0,5,25,0,0,0,76,40,1,0,4,41,69,70,0,0,0,21,2,46,4,0,58,1,1,0,1,0,2,2,18,152,2,0,0,21,0,1,0,42,2,94,0,0,0,0,0,0,0,4,54,25,0
25025060101,8,8,72,0,0,2,30,1,1,0,4,0,0,0,0,0,1,0,0,31,132,0,0,3,4,0,2,0,12,19,86,1,1,5,7,17,10,25,0,3,0,0,0,2,0,14,0,2,16,0,8,0,0,0,39,1,0,1,0,0,281,1,1,0,0,0,3,12,1,0,0,4,19,215,3,0,0,15,6,17,0,0,0,0,0,0,0,0,0,0,1,6,2,0,1,8,4,0,2558,0,3,0,5,1,0,15,0,35,0,0,0,3,141,0,0,0,16,0,3,0,1,24,1,3,74,123,28,2,1,156,0,9,46,0,0,0,327,84,0,0,3,17,66,53,0,0,0,52,0,60,4,0,67,2,5,0,0,0,0,0,11,113,0,1,0,48,1,2,2,10,0,157,0,1,0,0,0,0,0,3,93,41,1
25025060200,15,1,41,0,0,2,12,0,0,0,1,0,0,0,0,0,0,0,0,13,121,0,0,0,0,0,1,0,1,16,41,0,0,1,5,7,1,13,0,1,0,0,0,4,0,3,0,0,7,0,3,0,0,0,30,8,1,4,0,0,216,0,0,0,0,1,4,2,1,0,1,0,8,101,0,0,0,8,4,24,0,0,0,0,0,0,0,0,0,0,0,3,1,0,1,3,0,0,1254,0,14,0,0,0,0,5,0,24,0,0,0,1,52,0,0,0,9,0,4,0,0,15,0,0,55,84,35,2,0,102,0,0,23,0,0,0,161,101,0,0,1,11,60,46,0,0,0,34,1,34,0,0,30,0,4,0,1,0,4,1,15,111,0,0,0,18,1,0,0,8,0,154,0,0,2,0,0,0,0,3,54,15,2
25025060301,10,2,121,0,0,1,26,5,3,0,3,1,0,0,0,0,0,0,0,37,183,0,0,0,4,0,4,0,12,22,74,4,0,3,4,19,5,13,2,1,1,1,0,5,3,12,1,13,0,0,6,0,0,0,26,6,3,1,0,0,317,3,0,2,0,0,2,14,5,1,0,1,35,215,2,0,0,37,4,49,0,0,1,0,0,0,0,0,0,0,2,6,0,0,2,9,2,0,1685,0,1,1,0,1,1,8,0,39,0,2,0,2,149,0,0,0,11,0,9,0,0,23,0,1,64,127,39,1,1,168,1,7,23,0,0,1,261,117,1,0,1,13,73,45,0,0,0,50,0,60,5,0,40,2,2,0,2,0,5,1,32,210,0,0,0,46,0,10,3,13,0,257,1,0,0,0,0,0,0,5,82,34,1
25025060400,44,5,132,0,0,11,38,3,7,1,4,2,0,1,0,0,0,2,0,46,317,0,0,1,2,0,8,1,7,19,53,2,1,6,12,12,10,21,0,3,0,0,0,5,1,10,0,6,3,0,15,0,0,0,56,4,2,1,0,0,576,0,0,1,0,1,4,9,6,1,1,8,38,335,4,0,0,34,13,66,0,0,0,0,0,0,0,1,0,0,6,6,0,0,3,13,1,0,1895,0,3,0,1,5,2,17,0,40,0,0,0,2,250,0,0,0,15,0,8,0,1,19,1,0,115,169,32,1,0,274,1,2,42,1,0,0,323,166,1,0,4,20,102,94,0,0,0,79,0,67,2,0,58,1,11,0,1,0,4,3,35,209,0,1,0,49,0,4,0,28,3,238,1,1,1,0,0,0,0,2,80,43,1
25025060501,19,9,78,2,0,3,48,1,2,0,3,0,1,0,0,2,0,0,0,46,341,0,0,1,2,0,4,0,14,31,102,9,0,3,10,35,76,23,1,0,0,1,0,8,0,17,2,6,66,0,1,0,0,0,51,7,5,4,0,0,559,0,0,2,0,0,4,17,3,1,1,2,29,224,4,1,1,47,13,64,0,1,0,0,0,0,0,0,0,1,3,7,0,0,10,5,8,0,2845,0,4,10,3,1,1,17,0,67,0,1,0,0,223,0,0,0,22,1,7,0,0,21,0,1,88,133,70,1,0,415,0,1,47,2,0,0,269,110,3,0,6,14,114,91,0,0,0,38,0,49,3,0,61,1,4,0,0,0,8,2,28,199,2,0,0,82,0,4,0,29,0,355,0,0,0,0,0,0,0,8,102,64,1
25025060600,22,0,30,0,1,2,58,1,1,0,1,0,2,1,0,3,0,0,0,57,106,0,0,0,4,0,2,0,2,23,52,68,1,4,40,25,42,14,0,7,3,24,11,5,1,11,0,34,42,0,2,0,0,0,22,4,2,1,0,4,102,2,1,1,0,1,6,15,2,3,3,0,18,92,7,0,1,20,14,18,0,0,0,0,1,1,1,0,0,2,2,16,0,0,2,3,16,0,1762,4,6,2,13,3,2,9,0,50,0,0,1,0,85,0,0,0,13,2,2,0,0,9,0,1,135,47,35,2,0,242,3,3,35,0,0,0,74,45,3,0,1,4,75,72,0,0,0,27,1,21,6,0,103,0,1,0,8,1,4,1,7,62,0,1,2,42,4,35,13,17,0,147,0,0,2,1,0,0,0,6,30,34,0
25025060700,6,0,1,0,0,4,11,0,1,0,0,0,1,1,0,0,0,2,0,2,3,0,0,0,0,0,13,0,0,4,0,0,0,0,2,1,3,1,0,0,0,0,0,2,0,2,0,0,1,0,2,0,0,0,1,0,1,0,0,0,2,0,0,0,0,0,0,0,2,0,0,1,0,2,2,0,0,9,3,1,0,0,0,0,0,0,0,5,0,1,0,5,0,0,0,0,0,0,27,0,0,0,0,0,0,3,0,1,0,0,0,1,4,0,0,0,0,0,2,0,0,0,0,0,19,0,8,0,0,17,0,1,4,0,0,0,7,0,3,0,4,2,7,9,0,0,0,2,1,0,2,0,1,0,0,0,1,0,0,0,3,5,0,0,0,3,0,0,0,30,0,8,0,0,0,0,0,0,0,1,2,0,0
25025060800,17,1,78,0,0,8,60,7,6,1,8,1,3,0,0,1,0,0,0,47,324,0,0,2,4,0,6,0,8,27,66,6,0,7,18,13,40,11,0,5,0,0,2,13,0,7,1,27,10,0,13,0,0,0,57,6,1,1,0,0,394,0,0,1,0,0,4,17,2,4,0,5,21,236,5,1,0,55,4,64,0,0,0,0,0,0,0,1,1,2,0,14,0,0,0,12,8,0,1820,0,6,1,3,2,1,20,0,53,0,0,0,1,174,0,0,0,11,0,9,0,0,30,0,0,118,145,47,0,0,362,1,4,69,1,0,0,204,82,3,0,2,17,96,86,0,0,0,50,1,62,3,0,78,3,6,0,0,0,2,5,27,138,1,0,0,65,0,8,1,28,1,234,0,0,0,0,0,0,0,4,64,43,2
25025061000,5,0,27,0,0,10,14,2,0,0,0,0,4,0,0,0,0,12,0,10,60,0,0,1,2,0,15,0,4,7,5,0,0,2,8,1,2,8,0,0,1,0,0,3,0,0,0,1,1,0,10,0,0,1,15,1,0,1,0,0,101,0,0,1,0,0,1,2,8,0,0,2,16,54,4,0,0,29,2,14,0,0,0,0,0,1,0,0,0,2,0,7,0,0,2,2,2,0,1018,0,3,1,0,1,0,2,0,26,0,0,0,2,44,0,0,0,2,0,0,0,0,5,0,1,28,48,19,0,0,110,2,2,7,0,0,0,80,50,0,0,2,3,33,30,0,0,0,19,0,20,1,0,27,1,0,0,2,0,4,0,10,55,0,1,0,15,0,1,0,71,2,95,0,0,0,0,0,0,0,3,12,9,0
25025061101,1,0,23,0,0,1,20,3,1,3,0,0,12,0,0,0,0,5,0,1,12,0,0,1,0,0,6,1,0,0,0,0,0,0,1,2,4,0,0,3,0,0,0,1,0,5,3,1,6,0,37,0,0,0,5,2,1,0,0,1,17,0,0,0,6,0,1,5,7,1,0,10,3,6,0,1,0,38,2,2,0,0,0,0,0,0,0,0,0,29,0,6,0,0,0,1,6,0,171,0,0,0,0,0,0,7,0,6,0,0,0,1,10,0,0,0,1,0,1,1,0,0,0,0,29,4,5,0,0,38,1,0,7,0,0,0,4,3,3,0,0,2,6,9,0,0,0,3,6,1,2,0,4,0,0,0,0,0,0,1,3,6,0,1,0,7,0,0,3,103,19,24,0,0,0,0,0,0,0,0,0,0,0
25025061200,45,7,97,5,0,2,68,3,2,1,3,0,2,1,0,5,0,0,0,44,147,0,0,0,5,0,6,0,3,18,72,2,1,5,15,41,30,10,0,4,3,1,1,15,3,17,1,90,24,0,6,0,0,2,58,8,12,3,0,1,286,0,1,4,0,2,5,19,0,3,3,1,27,154,18,0,0,230,18,41,0,1,1,0,0,0,0,1,0,5,3,25,0,0,0,4,22,0,1446,2,5,1,1,1,4,28,0,110,0,0,0,0,181,0,1,0,11,1,14,1,0,12,1,0,177,81,74,5,0,423,1,3,47,0,0,0,111,75,0,2,8,5,101,94,0,0,0,20,1,33,11,0,124,3,5,0,14,0,3,2,12,106,0,2,0,41,1,9,6,24,1,245,0,0,4,0,0,0,0,19,37,40,0
25025070101,113,2,24,0,0,4,119,1,0,3,8,3,3,6,0,2,0,0,0,138,299,0,0,0,28,1,2,1,3,17,59,0,0,5,85,68,26,12,0,13,11,41,32,23,3,54,3,541,30,0,9,0,0,0,209,6,17,0,0,38,866,5,0,8,0,58,9,43,2,12,2,2,23,225,49,0,1,256,11,30,0,0,0,2,2,1,5,3,0,0,1,53,0,0,6,6,69,1,1446,8,3,11,7,1,1,25,0,60,0,1,0,5,126,2,0,1,7,11,21,0,0,2,0,3,554,10,69,0,2,487,3,3,52,3,0,2,88,38,1,0,32,157,362,248,0,0,0,3,1,10,24,0,386,4,1,0,10,0,4,6,3,68,1,6,4,82,23,104,55,34,1,90,1,2,7,0,0,0,0,24,32,55,0
25025070200,56,0,15,0,0,2,25,0,0,0,3,0,2,0,0,1,0,0,0,36,107,0,0,2,6,0,0,0,2,2,22,0,0,2,22,70,27,3,0,4,2,25,10,6,1,20,0,541,47,0,8,0,0,0,28,1,11,0,0,1,225,0,0,1,0,2,5,8,1,3,0,2,4,73,13,0,0,46,2,12,0,2,0,1,0,1,5,0,0,1,0,11,0,0,0,6,55,0,1425,2,4,2,1,1,0,20,0,39,0,0,0,3,38,1,0,2,2,1,4,0,0,0,0,1,177,8,19,1,1,336,1,2,104,3,0,1,34,18,1,0,14,87,140,76,0,0,1,1,0,2,8,0,74,4,1,0,4,4,2,1,4,41,0,9,0,18,2,46,48,23,0,79,0,0,1,0,0,0,0,3,11,24,0
25025070300,68,4,43,5,0,5,27,7,1,0,5,0,0,2,0,0,0,0,0,61,614,0,0,0,6,0,1,0,5,13,72,0,1,2,23,81,21,12,0,3,0,11,12,7,1,31,2,119,25,0,20,0,0,1,72,6,5,3,0,1,1252,1,0,1,0,2,5,25,7,8,0,3,12,388,16,0,0,86,3,124,0,0,0,0,0,1,1,2,2,4,1,15,1,0,0,7,63,0,1575,5,2,4,5,1,3,13,0,72,0,0,0,5,64,1,0,0,6,0,12,0,0,6,1,1,281,12,27,0,0,801,1,4,107,0,0,0,189,139,4,0,4,149,272,62,0,0,0,3,0,21,7,0,329,2,5,0,2,0,8,2,24,276,0,0,0,54,3,22,11,31,2,138,1,0,1,1,0,0,0,9,64,38,1
25025070402,16,0,9,0,0,2,10,1,0,0,0,0,0,1,0,2,0,0,0,10,1,0,0,0,0,0,3,0,0,4,27,1,1,0,3,12,1,2,0,0,2,1,3,2,0,8,0,152,0,0,7,0,0,0,2,2,0,0,0,0,17,1,1,0,0,0,1,5,3,2,0,3,4,51,0,0,0,39,13,4,0,0,0,0,0,0,0,0,0,1,1,4,0,0,1,1,30,0,314,2,1,0,5,0,1,2,0,8,0,0,0,2,38,0,0,0,1,0,0,0,0,0,0,2,90,4,3,2,0,72,0,1,8,0,0,1,18,3,1,0,0,17,29,21,0,0,0,1,0,0,2,0,94,1,0,0,4,0,1,1,2,29,0,2,1,7,1,18,9,14,0,48,0,0,1,0,0,0,0,2,7,11,0
25025070500,66,0,38,0,0,7,36,3,2,1,12,1,3,1,0,0,0,2,0,47,592,0,0,1,6,0,8,0,8,14,55,1,0,4,12,46,181,21,0,0,1,13,8,7,1,12,0,142,343,0,19,0,0,0,93,0,4,2,0,1,1063,1,1,0,0,0,3,20,6,7,1,6,23,577,4,1,0,268,3,130,0,0,0,0,0,0,0,2,0,3,2,11,1,0,0,2,69,0,1262,2,1,11,30,0,1,44,0,85,0,0,0,5,103,0,0,0,8,1,5,0,0,6,2,1,207,32,27,1,0,759,1,4,194,1,0,0,177,174,2,0,7,178,325,107,0,0,0,38,3,21,2,0,101,0,3,0,2,2,3,0,31,345,1,4,0,43,0,12,2,85,2,277,0,0,2,1,0,0,0,4,70,28,0
25025070600,74,0,10,0,0,1,20,3,1,0,9,1,0,1,0,0,0,0,0,32,226,0,0,0,2,0,1,0,8,24,59,1,2,4,2,52,12,13,0,3,0,1,0,10,0,11,0,72,109,0,3,0,0,0,70,1,1,1,0,0,509,0,1,0,0,2,0,12,1,4,1,2,15,286,3,0,0,76,3,78,0,0,0,0,0,0,0,1,0,2,1,4,0,0,0,10,53,0,380,0,2,1,1,0,0,6,0,40,0,1,0,4,73,0,0,0,3,0,2,0,0,9,0,0,79,34,13,0,0,228,0,1,57,0,0,0,102,78,0,0,2,66,124,44,0,0,0,6,0,17,1,0,145,0,0,0,0,0,7,4,12,207,4,1,0,30,0,2,5,6,1,123,0,0,1,0,0,0,0,2,74,31,1
25025070700,41,0,10,0,0,1,17,0,0,1,5,1,0,2,0,0,0,0,0,22,146,0,0,1,6,0,3,0,1,9,14,0,2,0,11,56,14,0,0,1,0,4,0,1,0,5,2,74,35,0,2,0,0,0,20,3,4,0,0,1,296,0,0,0,0,0,5,2,2,5,0,1,11,167,4,0,0,74,3,49,0,1,0,0,0,0,0,0,0,1,2,6,0,0,0,3,103,0,462,0,0,4,5,0,0,9,0,34,0,0,0,2,68,1,0,0,1,2,6,0,0,6,0,0,201,27,18,1,0,191,0,1,58,0,0,0,44,58,2,0,2,53,114,55,0,0,0,1,0,7,2,0,83,0,1,0,2,0,2,1,22,156,1,1,0,9,2,15,5,15,1,44,0,0,0,0,0,0,0,7,9,12,0
25025070800,55,1,19,0,0,0,18,1,1,0,8,0,3,7,0,0,0,0,0,28,338,0,0,0,5,0,2,0,9,11,33,3,1,5,14,49,106,4,0,0,1,1,1,8,0,13,0,80,94,0,12,0,0,0,63,2,3,0,0,0,614,0,0,1,0,2,2,12,7,1,3,4,18,201,6,0,0,459,2,46,0,3,0,0,1,1,0,0,0,2,2,9,0,0,1,1,107,0,999,0,2,6,6,0,0,16,0,55,0,0,0,7,119,1,0,1,5,0,6,0,0,9,1,0,245,31,25,0,0,321,0,3,80,4,0,0,81,72,4,0,6,46,104,61,0,0,0,6,2,27,1,0,36,1,7,0,4,0,0,0,27,155,1,0,0,15,1,1,7,30,3,104,0,0,1,0,0,0,0,2,49,22,1
25025070900,44,4,29,0,0,0,27,1,1,1,5,0,4,1,0,1,0,0,0,33,286,0,0,0,9,0,2,0,0,15,22,6,2,0,7,21,66,2,0,0,1,0,3,5,1,11,0,118,83,0,19,0,0,0,47,4,1,2,0,0,578,0,0,0,1,2,2,16,5,0,0,12,13,177,3,0,0,715,4,62,0,1,0,0,0,0,0,0,0,5,1,12,1,0,2,3,33,0,386,1,1,1,0,0,1,40,0,51,0,2,0,3,80,2,0,0,11,0,1,0,0,5,0,0,109,24,13,0,0,593,0,0,117,0,0,0,130,67,1,0,1,48,112,45,0,0,0,6,4,22,2,0,58,3,3,0,0,0,1,4,24,189,0,3,1,24,1,6,2,39,6,90,0,0,0,0,0,0,0,2,17,9,0
25025071101,107,7,31,0,0,5,37,1,2,0,1,0,10,2,0,1,0,0,0,31,511,0,0,0,4,0,6,1,1,11,32,0,0,2,13,30,38,9,0,2,1,4,3,13,1,13,1,48,143,0,28,0,0,0,52,3,7,1,0,0,1239,6,1,1,0,2,2,18,9,4,2,3,13,242,3,0,1,2444,1,58,0,0,0,0,0,0,0,0,2,3,3,18,0,0,2,18,32,0,892,1,0,0,4,1,1,26,0,110,0,1,0,3,135,0,0,1,5,0,8,0,0,1,0,3,96,13,26,3,0,1067,2,2,111,3,0,0,70,34,1,0,13,96,183,31,1,0,0,7,1,19,5,0,156,1,3,0,0,1,2,3,37,202,0,1,0,32,2,7,5,67,4,86,0,0,2,0,0,0,0,2,21,25,0
25025071201,25,0,20,1,0,5,30,1,1,2,1,1,3,1,0,0,0,1,0,18,28,0,0,1,7,0,5,0,1,7,20,2,3,2,9,20,32,3,0,1,2,5,1,8,1,14,0,28,50,0,11,0,0,0,11,2,1,0,0,0,81,0,0,2,0,1,3,12,2,8,1,3,4,135,8,1,0,320,1,43,0,0,0,0,0,0,0,2,0,1,0,14,1,0,0,1,30,1,756,5,2,4,1,0,0,10,0,43,0,0,0,0,17,0,0,0,0,0,3,0,0,0,0,1,120,1,21,0,0,122,0,0,20,1,0,0,46,16,0,0,7,23,47,43,0,0,0,6,2,5,2,0,66,2,1,0,4,1,1,0,8,100,1,0,0,15,0,8,6,30,3,59,0,0,1,0,0,0,0,3,26,43,0
25025080100,15,6,119,0,0,8,64,2,2,1,3,1,6,3,0,1,0,3,0,47,76,0,0,2,5,0,0,0,6,18,16,8,0,2,15,37,21,5,0,6,1,3,7,20,4,42,1,75,85,0,10,0,0,3,45,13,0,2,0,0,118,0,0,23,1,0,4,8,6,8,1,8,6,252,3,0,1,1395,13,10,0,0,0,0,0,2,0,3,2,4,1,25,0,0,0,7,17,0,472,1,6,8,2,4,0,10,0,55,0,0,0,1,98,0,0,0,4,0,7,0,0,12,2,0,281,60,26,0,0,422,3,5,65,0,0,0,155,28,3,0,2,19,59,53,0,0,0,1,2,23,18,0,76,19,0,0,14,1,5,6,14,56,4,5,0,17,6,12,19,33,1,108,0,0,2,0,0,0,0,4,21,1,3
25025080300,9,6,44,0,0,11,23,1,0,0,4,0,1,0,0,0,0,9,0,14,29,0,0,4,4,0,9,1,3,26,13,7,0,4,2,8,16,3,0,1,0,0,1,6,0,4,1,28,60,0,23,0,0,0,26,5,0,11,0,3,104,0,0,4,1,0,1,8,9,2,2,10,1,292,4,1,0,169,6,26,0,0,0,0,0,0,0,1,1,5,2,9,0,0,0,2,6,0,214,0,5,3,2,0,0,3,0,26,0,1,0,1,49,1,0,0,3,0,0,0,2,4,0,0,215,37,37,0,2,92,0,3,36,0,0,1,135,22,1,0,1,11,40,34,0,0,0,6,0,16,3,0,34,4,1,0,3,1,2,5,13,20,1,0,0,8,1,2,3,67,2,31,0,0,1,0,0,0,0,10,17,5,0
25025080401,7,0,23,0,0,5,29,3,0,0,8,0,5,0,0,2,0,3,0,24,47,0,0,3,8,0,3,4,0,9,9,1,0,1,14,12,5,1,1,1,0,4,2,5,0,26,1,79,11,0,30,0,0,0,13,3,2,1,0,1,57,1,0,3,1,1,1,7,3,4,1,4,8,98,2,1,1,585,8,29,0,0,0,0,0,0,0,1,0,0,0,16,0,0,0,2,14,0,448,0,2,0,2,0,1,8,0,17,1,0,0,2,60,0,0,0,1,1,4,1,0,2,1,3,274,16,13,0,0,436,2,6,29,0,0,1,49,14,9,0,5,16,72,31,0,0,0,10,3,5,7,0,40,5,0,0,4,0,6,0,16,101,0,1,0,12,2,5,11,57,4,43,0,0,3,0,0,0,0,2,5,5,1
25025080500,2,0,16,0,0,1,20,1,0,0,1,0,0,0,0,0,0,3,0,9,107,0,0,1,1,0,16,0,2,3,12,0,0,3,4,1,13,0,0,0,1,0,0,5,2,6,0,27,40,0,17,0,0,0,39,1,0,0,0,0,143,0,0,1,0,1,4,3,2,2,0,11,0,78,0,0,0,71,8,6,0,0,0,0,0,0,0,0,0,1,0,5,0,0,0,0,6,0,145,0,1,5,1,0,0,11,0,14,0,0,0,0,56,0,0,0,5,2,3,0,0,1,0,0,77,7,14,0,0,143,0,1,23,0,0,0,41,9,4,0,0,6,26,10,0,0,0,9,0,7,0,0,18,0,9,0,1,0,1,0,2,40,0,1,0,4,0,2,1,42,4,19,0,0,1,0,0,0,0,1,10,0,0
25025080601,3,0,15,0,0,5,38,2,1,0,2,0,13,1,0,1,0,5,0,16,123,0,0,0,9,0,8,0,1,6,10,2,1,2,2,25,11,4,0,4,0,0,1,7,0,12,1,29,13,0,4,0,0,0,9,1,1,1,0,0,92,1,0,5,0,4,3,14,9,5,0,6,6,99,0,0,2,90,9,21,0,0,0,0,0,0,1,2,0,1,1,18,0,0,1,2,22,0,302,1,1,2,6,3,0,3,0,28,0,1,0,0,34,2,0,0,2,0,4,1,0,0,0,5,163,9,21,4,0,142,3,3,30,0,0,1,41,13,3,0,5,4,62,33,0,0,0,4,2,13,9,0,26,5,4,0,20,4,6,0,8,56,1,0,0,18,1,18,5,46,5,39,0,0,0,0,0,0,0,4,7,12,0
25025080801,12,0,24,0,0,3,13,2,0,0,1,2,5,0,0,0,0,8,0,6,12,0,0,0,6,0,27,0,0,1,6,2,0,0,8,7,43,0,0,5,0,1,1,5,1,9,1,17,28,0,13,0,0,0,3,0,0,0,0,0,23,0,0,1,0,0,1,4,12,8,0,17,1,90,1,0,0,16,4,12,0,0,0,0,0,0,0,2,0,9,1,7,0,0,0,1,5,0,132,1,0,1,0,1,0,6,0,11,0,0,0,2,25,0,0,0,1,0,2,0,0,4,0,0,239,4,6,1,0,30,3,1,6,0,0,0,28,8,0,0,2,2,15,29,0,0,0,11,1,3,5,0,24,2,1,0,3,1,1,2,3,77,0,2,0,4,1,4,0,102,8,30,0,0,0,0,0,0,0,1,0,0,0
25025080900,16,1,7,0,0,2,22,0,3,0,5,0,19,0,0,2,0,4,0,14,224,0,0,2,3,0,5,0,1,5,16,17,0,2,4,29,8,3,0,1,1,0,3,2,0,15,1,82,9,0,18,0,0,0,15,5,1,0,0,0,290,1,0,1,0,2,3,4,10,4,1,9,5,226,7,0,0,24,7,35,0,0,0,1,0,0,1,2,1,2,2,13,0,0,0,5,33,0,237,2,2,2,0,1,0,4,0,33,0,0,0,0,235,1,0,0,2,0,3,0,0,10,1,0,168,117,17,1,0,158,0,0,14,0,0,0,94,52,0,0,2,8,33,61,0,0,0,1,0,33,4,0,76,2,8,3,4,1,5,0,11,59,1,0,0,22,2,5,3,55,1,94,0,0,1,0,0,0,0,3,11,15,1
25025081001,28,0,20,0,0,3,31,3,0,0,1,2,5,2,0,1,0,1,0,21,220,0,0,2,7,0,8,1,3,6,6,8,0,1,21,158,1,1,0,0,1,5,1,8,2,33,1,73,1,0,15,0,0,0,15,3,0,2,0,0,229,0,0,2,0,22,6,6,2,2,1,5,9,195,5,0,1,15,5,23,0,0,0,1,0,0,0,1,2,0,2,39,3,0,0,3,18,0,980,1,1,1,1,0,0,9,0,29,0,0,0,3,141,1,0,0,0,0,8,0,0,7,1,0,485,75,44,1,0,152,1,7,21,0,0,0,127,78,1,0,8,14,66,68,0,0,0,2,3,28,6,0,70,4,7,0,11,1,4,2,9,33,0,0,0,14,0,13,5,78,0,45,0,0,5,0,0,0,0,3,10,5,0
25025081100,6,3,63,0,0,2,33,1,1,1,4,1,11,2,0,0,0,1,0,24,147,0,0,3,7,0,4,1,1,14,12,3,1,2,9,52,29,1,0,4,0,1,0,6,0,23,2,87,28,0,27,0,0,0,22,8,1,3,0,0,167,1,0,0,0,6,4,10,6,3,0,9,8,228,6,0,0,21,13,14,0,0,0,0,0,0,0,1,1,5,4,13,0,0,1,5,60,0,417,0,2,5,0,4,0,16,0,64,0,0,0,1,158,2,0,0,1,0,8,0,0,14,3,2,401,86,33,3,0,243,2,3,42,0,0,0,110,71,1,1,5,12,77,52,0,0,0,8,4,42,1,0,26,1,10,0,1,0,2,2,9,62,1,1,0,24,1,3,5,61,3,52,0,0,0,0,0,0,0,5,16,17,1
25025081200,12,1,27,0,0,5,28,4,0,0,3,2,13,0,0,0,0,9,0,16,27,0,0,5,0,0,23,2,0,2,4,3,0,2,7,9,28,0,0,6,0,0,2,2,0,12,1,48,16,0,38,0,0,0,11,9,0,2,0,0,55,0,0,3,0,0,2,8,17,1,1,8,4,76,2,0,0,17,7,15,0,0,0,0,0,0,0,4,0,4,1,11,0,0,1,1,25,0,81,0,1,0,2,2,1,19,0,31,0,0,0,1,52,0,0,0,1,0,2,0,0,13,0,1,98,69,17,0,0,62,1,0,39,0,0,0,83,42,3,0,1,11,41,45,0,0,0,12,3,29,8,0,18,6,0,0,4,0,2,2,4,30,0,0,0,13,0,3,5,154,10,63,0,0,0,0,0,0,0,0,4,1,0
25025081300,3,4,76,0,0,1,41,3,0,0,4,0,12,0,0,3,0,7,0,15,42,0,0,3,9,0,14,0,4,5,15,4,1,1,19,46,24,2,1,6,0,1,3,12,2,9,4,98,58,0,47,0,0,6,19,9,0,2,0,0,79,1,0,4,0,8,2,2,11,3,1,29,11,297,3,0,0,57,11,6,0,0,3,0,0,0,0,4,1,9,1,14,0,0,1,6,17,0,225,0,7,5,0,0,1,24,0,47,0,0,0,3,85,2,0,0,5,0,6,0,0,7,1,3,308,53,42,2,0,195,0,7,94,0,0,0,141,36,3,1,12,13,95,52,0,0,0,27,2,14,9,0,49,3,0,0,8,1,2,5,14,37,0,1,0,15,1,7,6,94,12,103,0,0,10,0,0,0,0,4,10,5,2
25025081400,15,1,154,2,0,4,45,3,1,4,1,1,4,5,0,0,0,0,0,27,83,0,0,2,3,0,5,1,13,18,40,9,3,1,10,24,47,2,0,1,0,1,2,25,2,19,1,78,168,0,21,0,0,5,28,3,1,5,1,1,228,3,0,4,1,2,0,18,5,7,2,12,17,474,9,2,0,43,12,18,0,0,0,0,0,0,0,5,0,3,4,10,0,0,5,6,33,0,684,0,7,2,16,1,0,9,0,51,0,0,0,2,329,0,1,0,12,0,10,1,0,16,0,1,278,140,87,0,0,213,7,1,32,2,0,0,247,77,0,0,4,17,157,50,0,0,0,38,0,56,13,0,63,9,5,0,2,0,6,7,32,135,4,1,0,35,3,0,0,72,4,146,0,0,4,0,0,0,0,7,23,17,0
25025081500,5,2,120,1,0,1,38,0,6,0,2,0,1,1,0,0,0,2,0,13,25,0,0,5,10,0,5,0,1,9,29,3,0,0,4,2,2,1,0,0,0,0,0,3,0,9,1,8,10,0,31,0,0,0,21,2,1,4,0,0,82,1,0,5,1,0,1,5,11,7,1,4,13,398,1,0,0,12,10,8,0,0,0,0,0,0,0,0,2,2,0,6,0,0,1,4,24,0,223,0,3,1,1,0,0,8,0,36,0,0,0,1,149,0,0,0,8,0,4,0,0,12,0,1,126,111,49,0,0,177,1,3,22,0,0,0,188,53,3,0,2,9,31,26,0,0,0,7,0,46,9,0,28,5,2,0,1,0,3,5,25,60,0,0,0,9,0,1,0,44,5,55,0,1,0,0,0,0,0,0,12,11,0
25025081700,10,5,156,1,0,8,74,9,0,0,8,1,8,0,0,0,0,1,0,14,48,0,0,2,7,0,12,0,0,25,15,5,0,2,8,10,25,0,0,4,1,1,1,12,2,7,0,15,65,0,35,0,0,17,21,3,1,13,0,1,132,3,0,1,0,0,6,10,13,12,3,10,12,441,5,0,0,44,23,20,0,0,0,2,0,0,2,4,4,14,1,21,0,0,1,0,10,0,139,0,7,4,5,1,0,21,0,31,0,0,0,2,86,1,0,0,5,0,16,1,0,15,2,5,122,93,84,2,1,161,5,7,74,0,0,0,292,71,4,0,3,16,68,28,0,0,0,35,1,32,8,0,62,4,1,0,7,1,4,4,20,72,0,3,0,18,6,21,13,98,11,44,1,0,2,0,0,0,0,8,20,3,0
25025081800,9,7,116,0,0,2,43,7,2,1,0,1,3,0,0,0,1,4,0,16,92,0,0,3,1,0,7,1,4,18,19,8,0,1,6,16,19,3,1,1,1,0,0,5,0,7,3,31,33,0,44,0,0,5,52,6,5,14,0,0,195,3,0,1,0,0,2,9,7,3,2,8,20,299,3,0,0,35,10,24,0,0,0,0,0,0,0,2,1,6,0,18,0,0,2,8,11,0,204,0,4,1,2,0,0,16,0,56,0,0,0,4,136,0,0,0,13,0,6,2,0,14,4,5,136,108,91,5,0,231,1,2,51,3,0,1,253,67,2,0,3,8,49,61,0,0,1,20,0,41,6,0,57,2,2,0,0,0,7,7,20,47,1,1,1,33,1,6,0,98,4,114,3,0,1,0,0,0,0,3,23,2,1
25025081900,2,0,129,1,0,5,42,7,1,0,2,1,9,0,0,2,0,1,0,16,55,0,0,3,4,0,7,2,2,12,9,13,0,0,6,4,21,2,0,3,0,1,0,12,2,14,2,9,40,0,41,0,0,10,44,7,3,7,0,0,77,0,0,4,0,3,10,2,8,9,1,9,20,338,0,0,0,13,7,5,0,0,0,0,0,0,0,5,1,7,2,15,1,0,2,3,5,0,141,0,5,0,1,0,0,6,0,45,1,0,0,0,54,1,0,0,5,0,9,0,0,10,0,2,143,85,43,1,0,97,4,4,33,0,0,0,309,53,1,0,5,8,42,24,0,0,0,41,2,22,7,0,35,7,0,0,4,0,5,1,17,68,3,1,1,12,0,11,0,88,2,61,1,0,1,0,0,0,0,3,10,7,0
25025082000,5,2,90,0,0,2,29,5,6,0,4,1,21,0,0,0,0,0,0,17,66,0,0,3,7,0,7,1,2,13,11,3,0,5,10,3,23,1,2,3,0,0,1,17,3,12,0,15,11,0,39,0,0,6,20,7,1,7,0,2,145,0,1,2,1,0,1,8,23,16,1,11,6,376,2,0,0,25,9,9,0,0,0,0,0,0,0,4,0,8,0,10,0,0,1,6,3,0,133,0,4,0,2,0,0,12,0,43,0,0,0,2,88,1,0,0,10,0,9,1,0,11,0,0,160,116,25,0,0,108,3,1,38,0,0,1,306,92,2,0,4,7,43,15,0,0,0,24,1,52,7,0,68,3,0,0,2,1,2,8,14,53,1,1,1,19,0,1,3,89,6,43,1,0,2,0,0,0,0,1,22,7,0
25025082100,4,0,197,0,0,1,26,4,2,0,2,1,17,0,0,2,0,11,0,20,53,0,0,5,1,0,10,0,4,14,17,8,1,1,15,27,4,1,0,8,0,4,1,7,1,9,0,3,5,0,24,0,0,0,33,10,1,7,0,0,144,1,1,2,2,2,4,5,5,0,0,23,8,329,2,0,2,12,13,44,0,0,0,0,0,0,0,4,3,5,0,15,0,0,2,10,3,0,315,0,4,1,1,1,0,34,0,31,0,0,0,1,112,0,0,0,2,0,3,2,0,7,0,5,120,57,25,0,0,92,1,2,43,0,0,0,267,34,5,0,0,8,39,15,0,0,0,37,1,32,3,0,30,3,0,0,2,0,4,6,11,44,0,0,0,11,1,7,3,139,7,59,0,0,0,0,0,0,0,2,12,7,1
25025090100,3,1,110,0,0,7,40,2,4,0,8,0,15,0,0,3,0,7,0,26,62,0,0,5,10,0,13,2,6,10,10,15,0,6,21,21,9,3,0,5,0,1,1,8,5,13,0,27,14,0,81,0,0,4,46,22,0,15,0,1,108,0,0,6,5,1,1,6,13,10,0,20,14,289,3,0,0,10,22,21,0,0,0,0,0,0,0,0,3,21,0,26,0,0,1,18,10,0,308,0,9,3,0,0,0,25,0,56,0,0,0,2,173,0,0,0,4,0,7,0,0,36,3,4,231,120,81,1,0,149,2,4,75,0,1,0,437,94,2,0,2,21,36,41,0,0,0,44,2,41,10,0,65,7,0,0,1,2,7,15,33,99,1,0,0,14,1,15,2,161,12,45,1,0,1,0,0,0,0,0,11,2,1
25025090200,0,3,118,0,0,6,43,2,1,0,0,0,12,0,0,0,0,4,0,18,44,0,0,0,1,0,2,1,2,1,5,5,0,0,4,12,1,0,0,5,0,2,1,4,1,7,0,34,1,0,26,0,0,2,27,5,0,4,0,0,61,1,0,5,0,1,2,4,7,4,1,14,8,111,7,0,0,18,18,5,0,0,0,0,0,4,0,2,0,5,2,10,0,0,5,5,6,0,187,0,7,0,0,1,0,12,0,33,0,0,0,2,110,0,0,0,1,0,3,0,0,12,0,1,85,41,24,1,0,176,5,0,35,0,0,0,122,21,0,0,0,7,15,30,0,0,0,15,0,7,5,0,34,6,0,0,1,1,7,6,6,32,0,0,0,10,2,18,11,70,4,43,0,0,0,0,0,0,0,0,8,3,0
25025090300,10,5,88,1,0,6,56,3,3,1,0,1,6,2,0,0,0,10,0,11,38,0,0,4,14,0,12,1,5,19,8,6,0,5,16,1,25,0,0,2,0,0,0,9,4,8,1,13,54,0,47,0,0,3,45,9,1,10,0,2,78,0,0,6,0,1,4,6,15,3,1,27,14,286,3,0,0,19,11,7,0,0,3,0,0,0,0,0,0,5,1,10,0,0,1,11,4,0,254,0,16,5,0,0,0,13,0,40,0,0,0,1,116,0,0,0,4,0,1,0,1,21,1,2,107,81,33,2,2,122,1,1,107,0,0,0,289,51,4,0,6,2,14,32,0,0,0,20,3,29,10,0,32,6,0,0,3,0,2,7,4,28,0,1,0,16,1,1,0,137,8,36,0,0,2,0,0,0,0,1,16,3,0
25025090400,2,9,153,0,0,11,37,13,4,1,4,0,2,2,0,0,1,1,0,21,55,0,0,5,7,0,9,1,5,11,13,16,0,2,4,0,9,1,0,3,0,1,3,12,2,9,0,4,23,0,30,1,0,2,39,4,0,11,0,1,70,0,0,2,2,0,1,4,11,4,0,15,5,314,4,0,0,15,16,8,0,0,0,0,0,0,0,1,1,5,0,17,0,0,0,5,5,0,147,0,7,1,1,0,0,23,0,42,0,0,0,0,125,1,0,0,7,0,10,0,0,28,0,4,82,109,65,0,0,145,0,4,69,0,0,0,306,58,3,0,3,6,27,26,0,0,1,11,3,44,10,0,48,2,0,0,0,0,3,18,17,45,1,1,0,18,1,6,2,90,11,22,0,0,0,0,0,0,0,1,19,5,2
25025090600,1,1,107,0,0,5,19,6,1,0,5,1,2,1,0,0,0,4,0,6,62,0,0,0,3,0,0,0,4,6,16,8,0,2,5,3,13,0,0,0,0,2,0,4,2,5,0,39,116,0,7,0,0,4,37,5,1,2,0,1,50,0,0,3,0,0,1,4,7,8,0,8,3,185,1,0,0,69,4,4,0,0,0,0,0,0,0,1,2,1,0,9,0,0,1,6,4,0,113,0,3,2,1,1,1,10,0,35,0,0,0,1,77,0,0,0,4,0,2,1,1,8,0,4,77,74,34,0,0,152,1,1,27,0,0,0,163,36,1,0,2,4,20,18,0,0,0,2,3,20,6,0,30,5,0,0,2,1,1,2,11,16,1,0,0,16,0,2,5,47,1,27,0,0,1,0,0,0,0,0,24,8,2
25025090700,28,1,146,0,0,8,51,3,1,3,3,0,5,1,0,0,0,1,0,34,108,0,0,1,9,0,1,0,1,13,46,2,3,3,9,12,19,13,1,6,2,5,1,10,5,18,2,29,72,0,19,0,0,2,50,11,4,11,0,0,260,0,2,8,0,1,1,5,2,4,1,4,17,392,8,0,0,276,12,34,0,0,2,0,0,0,0,0,0,1,1,16,0,0,1,4,21,1,1102,0,5,2,1,0,0,41,0,137,0,0,0,4,164,1,1,1,11,0,8,1,0,41,0,2,170,174,25,0,0,343,0,2,104,1,0,0,299,109,0,0,3,18,69,90,0,0,0,20,1,107,15,0,104,9,1,0,4,0,6,2,27,129,0,1,0,29,3,26,8,24,4,128,1,0,1,0,0,0,0,4,62,38,1
25025090901,6,0,5,0,0,0,17,1,2,0,0,0,5,0,0,0,0,0,0,4,0,0,0,2,0,0,11,0,0,1,2,0,0,0,3,4,5,0,0,1,0,0,4,1,0,2,1,0,9,0,4,0,0,0,0,1,0,0,0,0,3,0,0,2,0,0,0,1,1,1,0,0,0,8,0,0,0,2,1,8,0,0,0,0,0,0,0,0,0,2,0,6,0,0,0,0,17,0,4,0,0,0,1,3,2,3,0,12,0,0,0,1,3,0,0,0,0,0,0,0,0,0,0,0,50,0,4,0,0,15,0,1,1,2,0,0,0,0,1,0,1,1,5,7,0,0,0,0,0,0,3,0,6,2,0,0,2,0,0,0,1,16,0,0,0,2,0,0,3,12,1,10,0,0,0,0,0,0,0,4,0,5,0
25025091001,10,5,84,0,0,2,46,4,2,0,5,0,1,1,0,0,0,0,0,25,41,0,0,0,9,0,4,2,5,14,26,6,0,3,4,15,31,5,0,6,0,3,1,16,3,21,2,45,115,0,8,0,0,5,20,5,2,5,0,0,150,1,0,3,0,1,0,7,5,4,0,2,5,309,6,1,0,73,5,34,0,0,0,0,0,0,0,0,0,0,1,8,0,0,3,2,13,0,822,0,7,5,8,2,3,33,0,71,0,0,0,3,111,0,0,0,7,0,7,0,0,28,0,1,115,115,33,0,0,141,2,1,57,0,0,1,216,126,0,0,1,21,61,44,0,0,0,14,0,66,11,0,111,11,0,0,3,0,2,2,18,107,3,0,0,17,1,8,4,25,2,111,0,0,8,0,0,0,0,1,29,4,3
25025091100,15,2,123,0,0,7,36,3,2,0,1,1,4,0,0,1,0,0,0,26,98,0,0,3,6,0,4,1,1,7,26,8,0,1,7,6,19,3,0,1,0,1,1,17,5,11,0,52,16,0,9,0,0,1,28,5,4,7,0,0,213,0,0,1,0,1,4,8,3,2,0,6,20,278,7,0,0,67,11,59,0,0,2,0,0,0,0,0,0,0,5,9,0,0,2,8,24,0,1031,0,5,0,1,2,2,54,0,93,0,1,0,0,189,0,0,0,6,0,6,0,0,62,1,1,91,187,25,0,0,160,0,0,108,0,0,0,347,172,1,0,4,12,45,78,0,0,0,46,4,79,2,0,96,2,2,0,4,0,8,0,15,118,0,0,0,21,1,6,3,39,3,151,0,0,2,0,0,0,0,5,52,10,0
25025091200,5,5,143,2,0,4,21,3,5,1,5,0,4,0,0,0,0,1,0,20,59,0,0,2,6,0,4,0,4,14,14,6,0,0,13,10,1,0,0,1,0,0,0,8,2,17,0,19,23,0,14,0,0,0,23,4,0,2,0,0,132,0,1,4,0,0,4,5,7,3,1,10,13,290,8,0,0,54,11,61,0,0,0,0,0,0,1,2,0,2,1,12,0,0,0,1,12,1,690,0,4,3,1,0,0,42,0,64,0,0,0,2,120,0,0,0,2,0,8,0,1,17,0,4,65,135,38,1,0,338,0,0,79,0,0,1,213,112,1,0,1,11,34,44,0,3,0,24,0,52,8,0,93,4,0,0,3,1,2,4,35,114,0,0,0,13,1,4,1,55,2,78,0,0,1,0,0,0,0,4,19,10,1
25025091300,5,5,84,0,0,3,23,5,3,0,2,2,4,1,0,1,0,4,0,12,47,0,0,0,3,0,3,0,0,11,4,12,0,2,9,5,0,0,0,4,2,1,0,6,1,7,1,31,22,0,25,0,0,2,28,13,0,6,0,0,69,1,0,1,0,0,0,5,5,3,2,9,3,127,1,1,1,48,13,5,0,0,0,0,0,0,0,2,1,6,0,16,1,0,1,1,8,0,118,0,0,0,1,1,0,14,0,53,0,1,0,4,75,0,0,0,3,0,5,0,0,21,0,0,147,92,38,0,1,237,0,6,36,0,0,1,157,31,1,0,0,9,23,28,0,0,0,6,1,35,5,0,40,1,0,0,3,0,1,8,6,30,1,0,0,14,1,3,0,45,5,33,0,0,4,0,0,0,0,1,9,2,0
25025091400,3,2,87,0,0,1,29,3,2,1,7,1,5,0,0,0,1,3,0,8,52,0,0,1,5,0,2,0,0,9,5,3,0,1,1,3,0,3,0,0,0,0,0,3,3,10,0,19,2,0,21,0,0,8,35,3,0,0,0,1,63,1,0,6,0,0,0,1,6,11,0,6,6,223,3,0,0,21,12,14,0,0,0,0,0,0,0,2,0,2,0,10,0,0,0,7,4,0,228,0,3,0,0,0,0,11,0,43,0,0,0,0,47,1,0,0,4,0,3,0,1,22,0,0,52,57,36,3,0,358,3,0,24,0,0,1,201,40,0,0,0,15,54,19,0,0,0,16,0,27,11,0,27,7,0,0,1,0,1,22,16,41,0,1,0,6,0,1,3,41,2,46,0,0,0,0,0,0,0,0,8,2,1
25025091500,11,2,185,0,0,4,46,7,3,0,4,0,7,0,0,1,0,3,0,16,71,0,0,3,7,0,12,0,8,16,17,13,0,0,13,4,8,5,0,3,0,1,0,11,2,10,2,4,23,0,42,0,0,9,35,18,0,5,0,0,183,0,0,4,2,0,3,14,34,0,1,4,11,277,14,0,0,22,11,29,0,0,1,1,0,0,0,1,0,21,0,20,1,0,2,3,9,0,723,0,5,2,1,0,0,31,0,77,0,0,0,3,226,2,1,0,3,0,7,0,0,21,0,1,120,134,31,0,0,445,1,2,102,0,0,0,304,116,3,0,1,25,64,52,0,0,0,23,0,44,10,0,47,5,1,0,1,0,1,5,17,123,0,0,1,17,0,4,1,83,18,100,0,0,4,0,0,0,0,1,36,10,1
25025091600,3,3,96,0,0,6,33,6,1,0,2,1,1,2,0,0,0,3,0,13,50,0,0,4,0,0,5,0,3,1,8,10,0,4,7,10,45,4,0,16,0,1,1,6,1,10,1,11,42,0,21,0,0,3,27,6,2,6,0,4,148,1,1,6,0,1,2,4,1,3,1,14,9,204,3,3,0,29,10,9,0,0,0,0,0,0,0,2,3,4,0,12,1,0,0,1,7,0,302,0,7,2,4,0,0,19,0,56,0,1,0,0,118,1,0,0,2,0,9,0,0,35,0,2,113,120,30,2,0,238,4,0,86,0,0,1,216,63,2,0,6,10,30,40,0,0,0,19,4,53,6,0,29,5,1,0,1,1,2,5,12,41,1,0,0,21,0,4,3,59,5,72,0,0,9,0,0,0,0,0,14,3,3
25025091700,2,5,51,0,0,3,35,5,3,0,1,0,4,0,0,0,0,3,0,19,47,0,0,5,1,0,8,0,1,5,4,8,1,0,9,9,36,4,0,5,0,1,0,8,1,7,1,6,49,0,29,0,0,10,22,8,1,6,0,2,66,0,0,2,0,1,7,7,6,0,0,16,3,207,5,0,0,8,3,6,0,0,0,0,0,0,0,2,0,0,1,17,0,0,1,5,2,0,108,0,2,0,1,0,0,15,0,53,0,0,1,0,91,0,0,0,4,0,3,0,0,34,0,2,46,137,33,0,0,148,0,1,49,0,0,0,284,73,0,1,0,7,19,24,0,0,0,22,0,59,2,0,12,2,0,0,1,0,1,1,12,33,2,0,1,13,1,2,0,78,7,80,0,0,0,0,0,0,0,0,23,5,1
25025091800,3,5,96,0,0,8,43,4,2,0,4,0,7,0,0,0,0,7,0,14,41,0,0,4,3,0,8,0,3,4,12,12,0,0,7,13,1,3,0,2,0,1,1,13,1,6,1,9,8,0,20,0,0,3,19,7,0,11,0,1,65,1,0,4,0,0,1,1,6,2,4,18,10,223,10,0,0,9,10,5,0,0,0,0,0,0,0,1,2,11,3,19,1,0,0,10,1,0,170,0,6,0,3,0,1,17,0,42,0,0,0,2,88,0,0,0,4,1,7,1,1,15,0,0,103,109,55,1,1,144,2,1,65,0,0,0,302,73,1,0,1,7,21,25,1,0,0,10,1,36,3,0,33,5,0,0,1,0,1,5,9,25,0,0,0,13,0,4,0,85,4,32,1,0,1,0,0,0,0,0,17,2,0
25025091900,2,9,161,0,0,6,52,10,1,0,3,0,11,4,0,1,0,7,0,17,48,0,0,3,7,0,11,2,2,4,5,15,0,1,4,2,9,0,0,2,0,0,0,19,3,13,3,12,20,0,40,0,0,4,42,9,2,4,0,3,64,0,2,2,1,1,2,9,17,14,1,5,6,240,5,0,2,7,15,19,0,0,0,0,0,0,0,6,2,12,0,18,0,0,2,2,13,0,227,0,5,1,0,0,0,10,0,47,0,0,0,2,89,0,0,0,7,1,10,0,2,30,0,4,288,97,65,1,0,233,2,3,53,0,0,1,331,56,2,0,1,15,41,31,0,0,0,14,1,32,6,0,41,4,0,0,3,1,3,14,25,65,0,0,0,14,0,2,2,115,3,59,1,0,4,0,0,0,0,1,13,2,0
25025092000,5,2,69,0,0,11,61,8,2,0,10,0,11,1,0,2,0,3,0,23,72,0,0,3,2,0,9,0,5,5,14,8,0,1,10,9,12,3,0,2,1,1,2,13,3,9,1,7,34,0,50,0,0,10,43,9,3,6,0,1,170,0,0,6,1,2,3,8,8,6,4,18,22,369,10,0,0,15,11,38,0,0,0,0,0,0,0,8,6,10,2,27,0,0,1,2,6,0,308,0,14,1,4,1,1,12,0,74,0,0,0,1,223,0,0,0,7,1,11,0,1,53,1,2,112,169,51,2,0,335,1,2,63,0,0,1,418,114,6,0,2,18,40,64,0,0,0,23,0,62,7,0,50,6,0,0,1,0,2,19,25,91,0,0,0,19,0,9,7,114,13,127,0,0,0,0,0,0,0,1,45,2,0
25025092101,13,16,298,0,0,18,102,8,4,0,7,1,6,0,0,0,0,0,0,54,100,0,0,1,14,0,8,1,7,13,36,5,0,2,16,11,61,9,1,3,1,1,3,19,3,16,1,54,89,0,47,0,0,23,82,14,3,4,0,0,232,0,2,3,2,0,9,18,7,7,2,14,23,472,7,3,0,76,21,24,0,1,0,0,0,0,0,2,5,3,4,20,4,0,0,16,11,0,657,0,15,9,1,0,1,40,0,107,0,0,1,4,370,0,0,0,13,1,18,0,2,83,1,4,335,266,89,4,0,563,1,4,96,1,0,0,473,173,2,0,8,7,55,74,1,1,0,69,2,132,11,0,100,3,0,0,3,1,3,6,28,86,3,1,0,39,3,9,5,65,5,214,0,0,0,0,0,0,0,1,80,16,1
25025092200,2,6,78,0,0,10,41,7,0,1,4,0,1,0,0,0,0,1,0,21,39,0,0,3,4,0,5,2,3,8,26,3,1,2,15,12,17,4,0,3,0,6,2,12,2,16,0,11,79,0,26,0,0,1,17,8,0,3,0,1,142,0,0,3,1,0,2,12,3,8,3,4,27,346,8,0,0,25,7,36,0,0,0,0,0,0,0,1,3,1,3,13,0,0,1,5,3,0,398,0,4,4,4,0,0,9,0,67,0,0,0,2,105,0,0,0,7,1,11,0,0,67,0,2,99,141,96,1,1,337,0,4,23,2,0,2,342,144,2,5,3,6,44,69,0,0,0,24,1,58,3,0,119,2,0,0,0,1,1,0,35,143,1,1,2,26,4,19,17,45,1,119,1,0,0,0,0,0,0,2,46,8,3
25025092300,8,7,98,0,0,8,34,5,3,2,3,0,6,1,0,0,0,2,0,20,61,0,0,1,5,0,7,0,4,12,8,8,0,0,9,9,1,0,0,7,0,0,0,7,0,15,2,10,4,0,26,0,0,8,20,6,0,3,0,1,148,0,0,10,1,0,3,4,15,3,0,10,4,231,10,0,0,6,11,36,0,0,0,0,0,0,0,6,3,15,1,10,0,0,2,3,0,0,292,1,13,0,0,0,0,15,0,43,0,0,0,3,164,0,0,0,7,0,3,0,0,27,0,1,105,108,51,1,0,354,1,5,41,0,0,0,354,56,3,0,1,4,36,45,0,0,0,5,1,36,7,0,37,7,0,0,0,0,3,3,10,76,0,0,0,9,1,7,4,91,6,35,0,0,2,0,0,0,0,1,7,4,3
25025092400,4,4,152,0,0,7,78,7,10,0,4,2,8,1,0,1,0,8,0,23,34,0,0,6,9,0,13,0,1,14,9,9,0,3,12,7,3,2,0,7,1,2,2,12,2,27,6,12,9,0,110,0,0,12,30,7,2,4,0,0,65,1,0,10,2,1,5,11,14,13,7,28,16,267,11,0,0,6,23,24,0,0,0,0,0,0,0,9,1,15,1,15,0,0,0,9,3,0,205,0,15,1,0,0,0,18,0,83,0,0,0,3,129,0,0,0,9,1,5,0,4,33,0,2,193,131,58,0,0,242,3,2,70,0,0,0,379,118,3,0,5,7,41,51,0,0,0,34,2,51,13,0,87,7,0,0,4,1,5,6,24,88,0,0,0,24,0,10,5,198,10,46,1,0,9,0,0,0,0,1,24,2,0
25025100100,3,5,133,0,0,14,76,11,6,3,6,2,12,0,0,0,0,16,0,18,34,0,0,5,7,0,18,0,7,10,10,9,0,3,10,8,19,1,1,4,1,0,1,23,1,24,2,3,66,0,72,0,0,3,40,4,0,3,0,2,40,4,0,4,5,0,7,8,18,4,0,26,16,243,6,0,0,15,11,67,0,0,0,1,0,1,0,5,2,9,3,27,0,0,0,3,7,0,170,0,12,2,2,0,1,10,0,46,1,0,0,3,84,0,0,0,7,0,7,0,0,37,1,2,108,145,51,1,0,164,2,4,31,0,0,0,416,91,6,0,4,2,35,61,0,0,0,44,2,47,9,0,90,6,0,0,1,0,5,2,11,87,1,0,0,8,0,9,5,201,14,59,0,0,1,0,0,0,0,0,13,2,0
25025100200,3,1,84,0,0,5,41,3,1,1,2,0,6,1,0,0,0,4,0,15,29,0,0,4,4,0,9,1,0,4,10,11,0,0,8,2,1,2,0,0,0,0,0,5,1,7,0,5,3,0,36,0,0,4,22,7,1,4,0,0,60,1,0,4,3,0,1,8,10,5,2,12,5,196,8,0,0,2,5,1,0,0,0,0,0,0,0,2,1,7,5,14,0,0,0,2,9,0,219,0,5,0,0,1,0,3,0,30,0,0,0,1,58,0,0,0,5,0,0,0,1,33,1,1,52,90,46,0,0,150,0,6,19,0,0,0,304,59,2,0,0,4,21,44,0,0,0,4,1,30,7,0,28,3,0,0,3,1,2,5,11,20,0,1,0,9,1,1,3,106,0,47,0,0,1,0,0,0,0,1,17,5,0
25025100300,3,4,212,0,0,4,40,6,0,0,3,1,3,1,0,0,0,8,0,18,54,0,0,2,11,0,7,1,5,9,7,11,0,2,8,3,12,4,0,2,0,1,2,4,0,9,1,18,4,0,19,0,0,11,27,6,2,7,0,0,51,2,0,0,6,0,4,10,4,3,5,14,10,220,8,0,0,6,14,3,0,0,0,0,0,0,0,5,1,5,0,9,0,0,0,2,19,0,179,1,17,0,0,0,0,10,0,75,0,0,0,1,71,0,0,0,6,0,8,0,0,59,2,1,69,141,31,3,0,252,2,3,14,0,0,0,405,116,4,0,5,4,50,25,0,0,0,11,3,59,5,0,54,2,0,0,1,0,7,2,14,48,0,1,0,9,0,3,4,91,3,26,1,0,0,0,0,0,0,3,23,2,4
25025100400,9,8,121,0,0,8,53,3,1,1,1,2,9,1,0,2,0,0,0,27,92,0,0,3,7,0,11,1,3,14,18,8,1,1,12,4,2,3,0,5,0,0,1,17,1,11,1,13,4,0,48,0,0,0,39,8,2,5,0,2,123,3,0,5,3,1,2,12,10,2,3,11,16,365,5,0,0,2,11,40,0,0,0,0,0,0,0,4,1,14,0,19,0,0,1,7,22,0,686,0,16,0,0,0,0,20,0,71,0,0,0,7,121,0,0,0,6,0,9,1,3,78,1,1,62,215,63,2,0,314,0,1,53,0,0,1,523,200,0,1,5,10,69,66,0,0,1,22,1,92,8,0,109,5,0,0,2,0,6,3,37,121,0,1,1,32,0,7,3,93,13,136,1,0,1,0,0,0,0,2,32,7,1
25025100500,15,2,267,0,0,15,76,7,0,1,9,1,5,0,0,4,0,3,0,49,79,0,0,5,12,0,15,2,2,18,16,22,0,1,14,9,79,11,0,3,0,0,2,7,2,20,1,31,95,0,65,1,0,28,45,18,3,4,0,2,286,1,0,6,0,0,4,8,17,2,1,21,39,498,16,1,0,14,12,38,0,0,0,0,0,0,0,3,1,5,3,21,0,0,2,8,6,0,1378,0,13,7,4,2,0,36,0,70,0,0,0,3,139,0,0,0,5,1,8,0,0,54,0,5,160,167,72,3,0,434,3,2,91,0,0,0,623,201,5,0,5,9,66,67,0,0,0,45,2,76,5,0,100,10,1,0,2,0,7,10,42,154,0,1,0,22,0,7,2,146,12,133,0,0,0,0,0,0,0,1,70,8,0
25025100601,9,7,202,2,0,9,46,8,2,2,4,0,2,0,0,1,1,0,0,25,86,0,0,2,8,0,2,3,5,17,30,5,2,1,11,9,45,8,1,1,0,0,0,20,3,19,1,5,50,0,28,0,0,6,29,8,2,5,0,0,209,3,0,0,0,0,2,11,17,1,0,10,32,364,4,0,0,23,14,64,0,0,0,0,0,1,0,1,0,21,1,17,1,0,3,1,0,0,593,0,8,2,2,0,0,21,0,57,0,1,1,1,119,0,0,0,5,0,5,0,1,54,0,1,112,194,49,4,0,318,2,4,54,0,0,0,526,233,1,0,5,8,117,30,0,0,0,61,0,101,8,0,64,3,1,0,3,0,6,1,24,137,2,1,0,27,1,7,4,65,19,165,0,0,0,0,0,0,0,4,57,10,0
25025100603,6,2,132,0,0,4,26,8,9,0,1,0,2,0,0,0,0,0,0,20,34,0,0,3,2,0,3,0,1,5,10,1,0,1,6,12,18,5,0,3,0,0,2,8,1,6,0,7,36,0,6,0,0,5,11,9,1,3,0,0,56,2,0,2,0,0,1,6,2,0,0,2,17,201,0,0,0,22,5,2,0,0,0,0,0,1,0,2,1,1,0,10,0,0,0,6,9,0,285,0,7,1,1,0,0,22,0,25,0,0,0,0,106,0,0,0,4,0,1,0,2,27,0,1,99,86,48,0,0,96,2,1,29,0,0,1,156,80,1,1,3,3,32,25,0,0,0,7,0,61,4,0,51,3,0,0,2,0,2,2,8,34,0,0,0,8,0,10,4,25,2,62,0,0,0,0,0,0,0,0,38,12,0
25025100700,4,0,173,0,0,10,48,9,4,0,4,1,0,0,0,1,0,0,0,28,37,0,0,1,7,0,4,3,9,11,17,2,2,2,10,15,54,10,0,5,1,1,1,10,2,7,2,0,74,0,11,0,0,2,27,4,0,1,0,1,83,0,0,1,0,0,0,6,2,0,2,0,18,521,2,0,0,26,11,29,0,0,0,1,0,0,0,0,0,0,0,13,1,0,1,6,0,1,537,0,7,1,0,1,1,10,0,81,0,2,0,7,98,0,0,0,6,0,2,0,1,57,0,0,92,176,83,0,0,122,4,3,52,2,0,0,431,276,2,5,9,13,107,32,0,0,2,15,0,120,11,0,104,2,0,0,3,0,2,6,43,118,1,0,0,20,2,15,2,14,1,86,0,1,1,0,0,0,0,2,29,12,2
25025100800,3,2,194,0,1,12,73,6,6,0,6,3,3,0,0,2,1,0,0,45,53,0,0,1,10,0,2,2,7,27,21,5,0,2,14,4,34,5,0,9,0,2,2,26,2,21,0,12,33,0,7,0,0,1,44,6,1,7,0,2,63,1,0,9,1,0,6,8,6,7,0,6,25,615,6,0,0,37,8,43,0,0,0,0,0,0,0,3,1,5,0,18,0,0,0,2,16,0,722,1,16,3,3,1,0,21,0,90,0,0,0,3,86,0,0,0,15,0,14,3,3,63,0,1,107,203,116,3,0,185,2,11,72,0,0,0,450,243,2,0,9,3,94,50,0,0,0,18,2,119,12,0,120,10,0,0,3,2,5,1,51,161,5,1,0,19,0,4,3,44,4,102,0,0,1,0,0,0,0,2,51,8,3
25025100900,8,9,156,0,0,8,49,5,0,0,7,3,1,1,0,1,0,2,0,39,49,0,0,2,8,0,9,1,1,19,26,9,0,2,22,4,28,7,0,4,0,0,1,17,2,17,2,13,45,0,8,0,0,3,34,7,6,6,0,2,107,2,4,8,0,2,1,4,7,7,2,6,14,422,11,0,0,17,18,48,0,0,0,0,0,0,0,4,0,5,1,17,0,0,2,3,7,0,145,0,8,2,0,0,0,10,0,70,0,0,0,1,145,0,0,3,4,0,11,1,1,49,2,1,153,140,58,3,1,165,3,6,31,1,0,0,429,141,4,0,5,8,82,68,0,0,0,3,0,82,15,0,167,10,0,0,7,2,3,3,39,193,2,1,0,19,1,8,6,41,1,87,0,0,2,0,0,0,0,2,37,22,0
25025101001,9,8,231,0,0,4,60,6,2,0,9,2,5,0,0,0,0,4,0,34,66,0,0,2,12,0,7,0,3,17,10,18,1,1,25,10,24,4,0,3,1,0,0,18,3,18,3,54,57,0,22,0,0,20,99,13,0,8,0,7,95,0,1,5,0,3,5,4,10,5,9,8,22,409,5,1,0,9,19,18,0,0,1,0,0,0,0,12,6,11,0,24,0,0,0,7,11,1,147,0,20,8,1,0,0,9,0,95,0,0,0,2,176,1,1,0,6,1,16,0,3,62,1,4,190,134,117,1,0,362,0,9,15,2,0,0,550,122,1,1,3,8,61,40,0,0,0,17,2,63,10,0,125,1,0,0,1,0,7,10,29,146,5,3,0,20,0,10,3,100,1,77,3,0,0,0,0,0,0,1,21,5,1
25025101002,3,0,66,0,0,1,55,4,1,0,3,1,12,0,0,1,0,4,0,20,20,0,0,1,10,0,21,1,2,14,5,7,0,1,14,13,4,1,0,4,0,0,0,22,2,25,3,4,10,0,33,0,0,7,34,7,2,2,0,1,66,1,0,5,0,0,2,7,19,2,3,9,14,377,17,0,0,8,12,30,0,0,0,0,0,0,3,3,1,8,0,22,0,0,2,8,3,0,101,0,5,2,0,0,0,31,0,88,1,0,0,3,115,3,0,0,16,0,10,2,1,41,2,3,70,103,58,4,0,153,5,5,17,0,0,0,447,122,3,0,3,5,56,69,0,0,0,5,3,53,4,0,105,2,0,0,7,0,5,4,39,136,1,1,0,17,2,5,7,82,3,107,0,0,0,0,0,1,0,2,14,5,1
25025101101,4,2,78,0,0,2,34,5,2,0,3,0,6,1,0,0,0,2,0,20,26,0,0,3,3,0,9,0,4,4,6,14,0,0,5,5,1,0,0,3,1,0,2,6,2,5,3,4,1,0,34,0,0,4,23,5,2,7,0,0,47,0,0,1,0,0,5,9,8,3,1,12,7,204,10,0,0,5,9,11,0,0,0,0,0,0,0,3,5,7,0,14,0,0,0,1,3,0,95,0,3,0,0,0,0,7,0,42,0,1,0,2,96,0,0,0,3,0,7,1,0,13,0,1,41,63,34,1,0,143,0,3,16,0,0,0,359,84,3,0,1,4,25,51,0,1,0,25,2,27,3,0,37,2,0,0,0,0,5,4,14,58,0,0,0,13,1,3,1,82,5,27,0,0,0,0,0,0,0,1,12,2,1
25025101102,7,5,85,0,0,8,49,6,1,0,4,2,12,1,0,0,0,6,0,25,71,0,0,9,6,0,14,1,2,4,7,20,1,1,15,5,34,0,0,1,0,3,1,12,2,6,1,8,21,0,66,1,0,10,26,5,2,2,0,1,60,0,0,3,1,1,3,7,16,3,1,30,13,254,10,0,0,6,17,19,0,0,0,0,0,0,0,4,1,10,0,23,0,0,0,4,10,0,103,0,6,2,3,1,0,10,0,54,0,0,0,2,71,1,0,0,4,0,5,0,1,34,0,7,103,109,55,0,0,186,1,0,20,0,0,1,476,134,0,2,1,3,28,58,0,2,0,25,2,47,5,0,46,4,0,0,4,2,2,6,15,54,0,0,0,20,1,3,1,152,16,56,0,0,1,0,0,0,0,4,12,5,0
25025110103,16,3,136,2,0,10,56,7,4,3,3,4,2,2,1,1,1,4,0,47,108,0,0,2,6,1,10,2,3,23,36,2,0,0,12,9,31,5,0,5,0,0,1,14,1,18,0,158,13,0,10,0,0,1,36,4,2,4,0,0,203,1,0,7,2,0,2,13,6,13,2,13,19,373,12,0,0,46,22,46,0,0,0,0,0,0,0,2,0,10,0,19,2,0,2,4,24,0,1294,0,6,3,8,0,0,13,0,106,0,0,0,3,90,0,0,0,9,0,8,0,0,17,0,4,242,89,104,1,0,304,9,5,17,0,0,1,334,178,2,0,7,42,107,99,0,0,0,62,3,96,11,0,117,14,5,0,21,2,9,4,34,127,0,3,0,43,2,4,5,64,5,291,0,0,0,0,0,0,0,2,37,21,0
25025110201,1,1,78,1,0,4,18,5,0,0,1,0,1,0,0,0,0,0,0,8,21,0,0,1,2,0,2,0,5,2,5,3,0,1,4,4,1,2,0,3,0,0,1,6,2,2,0,26,1,0,11,0,0,1,26,9,0,2,0,1,28,0,0,1,0,0,1,2,4,2,0,2,6,151,1,0,0,5,1,29,0,0,0,0,0,0,0,2,0,4,0,6,0,0,0,1,3,0,71,0,6,0,0,0,0,4,0,31,0,0,0,0,40,1,0,1,2,0,0,0,0,7,0,0,102,30,22,1,0,184,3,2,10,0,0,0,106,48,2,0,0,10,23,22,0,0,0,0,1,23,7,0,31,2,0,0,1,0,3,1,13,58,0,0,1,6,0,1,2,34,0,35,0,1,2,0,0,0,0,0,10,3,2
25025110301,0,3,92,2,0,8,41,4,1,1,3,2,1,0,0,0,0,0,0,21,34,0,0,0,5,0,1,1,4,10,8,8,0,1,8,1,22,2,0,4,0,2,4,14,1,9,2,37,16,0,6,0,0,4,24,11,2,0,0,1,44,1,0,0,1,1,2,7,0,1,3,2,5,262,1,0,0,5,13,27,0,0,0,0,0,0,0,0,0,2,0,5,0,0,1,2,8,0,173,0,4,1,0,1,0,5,0,66,0,0,1,5,116,0,0,0,4,0,7,0,1,7,1,1,113,48,49,1,1,207,1,3,14,0,0,0,210,100,0,0,1,11,34,36,0,0,0,14,1,81,4,0,95,0,0,0,2,0,2,6,22,131,0,1,0,11,3,18,11,16,0,93,0,0,0,0,0,0,0,1,24,7,1
25025110401,1,0,98,1,0,0,32,2,1,0,6,0,2,0,0,0,1,0,0,21,32,0,0,0,1,0,0,0,0,11,16,12,0,0,1,2,52,3,0,2,0,2,1,25,3,3,2,7,57,0,5,0,0,3,22,2,3,1,0,0,47,0,0,1,0,0,2,1,0,1,0,5,10,271,7,0,0,17,13,25,0,0,0,0,0,0,0,1,0,0,0,8,0,0,0,2,5,0,369,0,3,8,2,2,1,7,0,65,0,0,0,0,35,1,0,0,4,1,3,0,0,11,0,0,105,60,57,0,0,134,2,2,21,0,0,1,243,142,2,0,2,22,50,52,0,0,0,33,0,54,4,0,73,3,0,0,3,0,2,1,38,93,2,0,0,5,0,3,0,23,0,113,0,0,0,0,0,0,0,0,23,6,1
25025110403,2,0,146,3,0,8,54,8,2,1,7,1,5,0,1,0,1,1,0,18,33,0,0,0,10,0,3,0,3,12,14,4,0,2,12,0,1,10,0,3,0,0,0,11,3,17,0,6,0,0,8,0,0,12,25,7,0,2,0,2,39,0,0,1,1,0,3,1,3,3,0,7,16,302,5,3,0,10,16,32,0,0,0,0,0,0,0,1,1,4,0,11,2,0,3,3,12,0,195,0,10,2,1,0,0,5,0,75,0,0,0,4,85,0,0,0,20,0,6,0,0,17,0,0,178,75,67,3,0,124,1,4,30,0,0,0,357,214,6,0,9,19,95,42,1,0,0,14,2,72,4,0,122,2,0,0,5,0,4,4,32,90,3,5,1,15,0,0,1,26,2,124,2,0,0,0,0,0,0,2,28,3,4
25025110501,2,0,89,0,0,1,33,2,2,0,2,0,0,0,0,0,0,0,0,33,17,0,0,0,7,0,2,0,1,9,15,4,0,0,5,3,2,3,0,1,0,0,0,10,0,16,0,11,1,0,4,0,0,5,13,2,0,4,0,0,44,0,1,1,2,0,1,5,2,8,5,2,10,297,3,0,0,5,8,70,1,0,0,0,0,0,0,2,0,0,0,6,0,0,1,0,1,0,130,0,3,0,1,0,0,22,0,52,0,1,0,6,51,0,0,0,1,0,3,0,0,24,2,0,72,62,35,1,0,114,0,1,38,1,0,0,300,202,0,0,0,13,84,35,1,0,0,26,0,66,2,0,102,2,0,0,2,0,0,2,17,122,0,0,1,6,0,2,1,12,1,150,0,0,0,0,0,0,0,2,24,9,0
25025110502,3,5,172,2,0,7,39,3,4,0,4,2,2,0,0,0,0,0,0,41,40,0,0,1,12,0,4,4,7,6,13,4,0,1,18,42,10,4,0,7,2,2,2,9,4,13,0,57,10,0,15,0,0,3,22,7,11,6,0,6,98,1,0,1,0,1,3,10,3,1,1,4,18,212,3,0,0,12,8,42,0,0,0,1,0,0,0,0,1,6,1,12,1,0,0,3,16,0,499,0,4,2,3,1,0,8,0,62,0,0,0,2,110,0,0,0,6,0,5,2,0,7,0,3,121,47,44,0,0,241,0,3,41,1,0,1,339,161,0,0,3,19,113,101,0,0,0,29,2,56,1,0,93,1,0,0,1,1,2,0,12,91,0,0,2,28,3,8,10,31,3,250,0,0,0,0,0,0,0,1,21,6,6
25025110601,0,2,20,0,0,3,26,3,2,0,2,1,0,0,0,0,0,0,0,49,12,0,0,0,10,0,0,0,0,8,9,0,0,0,9,0,1,4,0,3,0,0,0,8,2,9,0,0,4,0,1,0,0,0,16,1,1,1,0,1,36,0,0,2,0,0,0,3,0,0,0,1,10,332,6,1,0,1,9,54,0,0,0,0,0,0,0,0,0,0,0,6,1,0,0,0,0,0,36,0,0,2,0,3,2,4,0,64,0,0,1,0,13,0,0,0,0,0,5,0,0,10,0,0,169,42,42,0,0,57,5,5,12,0,0,0,225,222,0,0,4,37,118,33,0,0,0,1,2,76,3,0,91,2,0,0,0,0,2,0,64,239,0,0,0,3,0,2,1,4,1,62,0,0,1,0,0,0,0,2,7,0,0
25025110607,10,3,157,0,0,5,86,10,0,3,8,3,1,1,0,1,1,0,0,71,55,0,0,0,9,0,0,2,2,17,21,3,0,0,16,12,76,9,1,4,1,1,0,9,4,15,1,26,57,0,3,0,0,1,18,6,6,2,0,1,106,1,0,1,0,0,1,2,2,1,1,5,31,496,4,0,3,8,18,110,0,0,0,1,0,0,0,0,0,4,0,5,0,0,1,1,23,1,531,0,16,5,9,5,8,13,0,118,0,0,0,4,67,1,0,0,8,0,18,1,0,28,0,1,143,64,69,1,0,231,1,9,40,0,0,1,440,314,0,0,7,36,171,132,0,0,0,26,0,105,7,0,116,2,0,0,5,2,6,3,62,250,1,0,0,30,2,6,1,13,1,188,2,1,1,0,0,0,0,4,27,18,0
25025120103,7,1,50,1,0,1,28,0,1,0,1,0,0,1,0,0,0,0,0,21,17,0,0,0,6,0,0,0,0,10,9,0,0,0,7,9,31,1,0,0,0,1,1,10,0,13,1,20,19,0,11,0,0,0,7,1,2,0,0,0,25,0,0,1,0,1,0,3,0,1,0,0,4,201,3,0,1,9,7,26,0,0,0,0,0,0,0,0,0,1,0,2,0,0,0,2,17,0,136,0,1,0,2,0,0,1,0,32,0,0,0,0,16,0,0,0,0,0,3,0,0,40,0,0,45,81,31,2,0,84,1,0,5,0,0,0,96,87,0,0,3,19,56,44,0,0,0,6,0,58,2,0,57,5,0,0,2,0,0,1,13,70,0,1,0,7,0,10,3,4,0,57,1,0,1,0,0,0,0,2,8,2,0
25025120104,2,4,92,1,0,2,16,3,1,1,1,0,1,0,0,0,0,1,0,22,13,0,0,2,7,0,0,0,8,4,9,0,0,0,7,4,1,1,0,4,0,0,0,1,1,12,0,28,0,0,3,0,0,0,7,0,0,1,0,0,18,0,0,0,0,1,0,3,1,4,0,3,9,275,1,0,0,13,10,3,0,0,0,0,0,0,0,1,0,1,0,4,0,0,0,1,18,0,233,0,1,0,0,0,0,8,0,26,0,0,0,0,32,0,0,0,5,0,4,0,0,46,0,0,41,99,13,0,0,56,0,1,40,0,0,0,87,74,1,0,1,12,29,54,1,0,0,9,1,47,0,0,46,0,0,0,0,0,1,2,7,13,0,0,0,8,0,1,1,18,2,31,0,0,0,0,0,0,0,2,9,4,0
25025120105,1,0,12,0,0,0,34,1,2,0,5,0,0,0,0,0,1,0,0,28,12,0,0,0,10,0,0,0,2,11,15,0,0,0,5,0,2,4,0,11,0,0,1,7,0,6,2,2,14,0,0,0,0,0,10,1,3,1,0,0,28,1,0,0,0,0,0,3,0,6,2,0,11,285,0,0,0,3,2,24,0,0,0,0,0,0,0,0,0,0,0,5,1,0,0,2,0,0,118,0,1,0,0,0,0,1,0,67,0,0,0,3,31,0,0,0,3,0,5,0,0,29,0,0,138,59,39,0,0,79,6,7,11,1,0,0,133,121,0,0,5,21,64,35,0,0,0,0,2,55,6,0,94,0,0,0,14,0,1,0,53,98,0,1,0,6,0,0,0,1,1,109,0,0,0,0,0,0,0,1,18,8,1
25025120201,24,7,95,0,1,3,42,4,4,0,5,0,6,2,0,0,0,0,0,22,61,0,0,0,11,0,2,1,8,29,78,9,0,4,11,6,22,11,0,2,0,0,0,14,2,8,1,116,40,0,15,0,0,2,26,7,2,2,0,2,126,0,0,5,5,0,1,10,5,2,0,4,24,365,9,0,0,41,17,27,0,0,1,0,0,0,0,6,3,21,1,17,0,0,0,2,23,0,413,0,3,2,16,0,0,20,0,112,0,0,0,1,112,1,0,0,5,0,8,1,0,25,0,1,177,101,31,0,0,294,1,4,73,0,0,0,144,113,4,0,2,11,75,85,0,0,0,27,0,78,6,0,66,6,0,0,4,0,9,3,11,62,0,0,0,22,1,1,0,41,13,214,0,0,1,0,0,2,0,9,44,34,1
25025120301,9,4,162,7,0,7,59,6,2,0,4,2,2,4,0,2,0,0,0,50,90,0,0,0,4,0,5,0,2,17,46,11,0,1,24,16,81,6,0,1,0,0,1,8,3,20,0,64,37,0,26,0,0,0,31,6,1,2,0,0,145,3,0,2,0,1,2,9,5,6,3,9,12,315,3,1,0,89,16,10,0,0,1,0,1,0,0,3,1,4,5,11,1,0,0,3,41,0,658,0,5,3,3,0,0,27,0,109,0,0,0,3,153,0,0,0,10,0,8,1,1,32,1,2,132,192,46,0,0,246,0,5,86,1,0,1,268,125,2,0,7,24,219,110,0,0,0,31,1,117,12,0,97,5,2,0,2,0,8,7,34,108,3,1,0,39,1,8,2,71,1,256,1,0,2,0,0,0,0,6,30,22,1
25025120400,31,1,179,4,0,6,74,9,1,0,5,4,2,1,0,2,0,0,0,49,61,0,0,0,11,0,2,2,4,27,45,3,3,2,21,46,70,8,0,8,2,4,8,16,4,23,1,140,41,0,24,0,0,1,32,9,7,1,0,0,149,1,0,6,0,11,1,15,3,7,2,4,26,721,5,1,1,37,31,37,0,0,0,1,1,0,2,0,0,4,2,9,0,0,1,3,81,0,1116,0,7,3,12,2,3,15,0,136,0,1,0,3,110,0,1,0,6,0,16,1,1,76,1,4,217,196,118,1,0,271,6,7,59,3,0,2,283,220,2,1,6,40,134,169,0,0,0,19,0,160,8,0,158,12,1,0,4,0,14,7,39,142,0,2,0,54,2,12,3,30,3,338,2,0,0,0,0,1,0,8,47,15,1
25025120500,8,4,47,0,0,2,19,6,0,1,2,0,0,1,0,0,0,0,0,19,67,0,0,2,2,0,4,1,3,4,11,3,0,0,6,29,22,5,0,0,0,0,1,5,0,2,0,47,14,0,7,0,0,3,25,3,2,7,0,2,73,0,0,0,0,1,2,1,4,1,3,4,19,155,4,0,0,29,2,8,0,0,0,0,1,0,0,2,0,3,5,5,4,0,1,1,12,0,203,0,7,1,2,0,1,12,0,80,0,0,0,0,90,1,0,0,1,0,2,0,1,16,2,2,78,102,13,0,0,97,1,2,43,0,0,0,104,54,1,0,1,11,40,71,0,0,0,16,1,48,0,0,42,3,0,0,1,0,2,3,6,39,1,1,0,14,1,4,5,22,4,140,0,0,1,0,0,0,0,1,12,2,3
25025120600,10,2,63,1,0,3,35,6,4,1,3,0,1,0,0,0,1,0,0,17,74,0,0,0,0,0,2,0,3,8,12,4,0,1,3,16,2,3,0,0,0,0,1,2,1,9,0,26,19,1,6,0,0,1,20,2,0,1,0,0,164,0,0,0,0,8,3,3,2,0,0,3,15,263,3,0,1,12,6,23,0,0,0,0,0,0,0,5,2,2,0,3,0,0,1,2,9,0,523,0,0,0,0,0,0,13,0,62,0,0,0,1,80,0,0,0,5,0,8,0,0,32,0,0,77,110,42,0,0,154,0,0,37,0,0,0,148,77,0,0,2,7,47,35,0,0,0,27,1,63,0,0,39,0,0,0,1,0,1,8,7,31,1,2,0,11,0,5,1,15,0,139,0,0,2,0,0,0,0,5,9,2,1
25025120700,16,0,30,0,1,40,47,0,0,0,2,0,3,0,0,0,0,0,0,11,32,0,0,0,1,0,0,0,1,5,11,3,0,0,7,11,7,2,0,1,0,1,2,5,0,3,0,46,20,0,3,0,0,0,11,3,0,1,0,0,75,0,0,0,0,4,0,3,1,1,0,0,12,225,2,0,0,19,6,14,0,0,0,0,0,0,0,0,0,0,2,2,1,0,0,1,17,0,354,0,1,1,0,1,1,4,0,28,0,0,0,2,50,0,0,0,3,0,5,0,0,28,0,0,187,90,21,0,0,63,0,2,29,0,0,0,80,42,1,0,1,5,29,39,0,0,0,4,0,36,1,0,35,1,0,0,1,0,2,1,19,70,0,0,0,3,0,3,1,6,1,35,0,0,1,0,0,0,0,3,4,6,0
25025130100,1,2,50,0,0,1,102,8,5,0,4,2,2,0,0,0,0,0,0,60,22,0,0,0,9,0,3,0,3,10,14,0,0,0,23,5,94,4,2,4,0,0,0,22,0,20,2,10,46,0,5,0,0,0,27,2,1,1,0,1,28,0,0,2,0,0,0,11,1,2,3,1,19,556,4,1,0,2,12,108,0,0,0,0,0,0,0,2,1,1,0,13,1,0,0,2,1,0,109,0,2,12,12,3,1,8,0,103,0,0,0,7,32,1,0,1,4,0,16,0,0,17,0,0,325,57,72,3,0,145,4,14,46,0,0,0,519,357,0,0,9,41,184,68,0,0,0,1,2,111,3,0,187,0,0,0,5,0,3,2,93,399,2,1,0,12,0,3,1,13,4,78,0,0,0,0,0,0,0,1,23,2,0
25025130200,3,5,54,3,0,6,75,11,5,1,7,1,0,4,0,0,0,1,0,65,20,0,0,2,16,0,0,1,2,16,16,1,1,1,10,25,9,5,0,7,0,1,3,17,0,52,1,13,5,0,0,0,0,2,18,9,3,3,0,1,41,2,0,4,1,0,5,12,1,2,0,3,22,496,8,0,0,10,17,114,0,0,0,0,0,0,0,0,1,0,0,11,0,0,2,1,1,0,239,0,4,4,1,2,4,17,0,107,0,0,0,4,79,0,0,0,11,0,26,0,2,25,0,0,221,58,55,3,2,140,4,5,68,0,0,1,484,351,2,0,8,36,205,102,0,1,0,9,0,82,9,0,169,2,0,0,9,0,5,3,77,355,1,1,1,19,2,11,3,15,0,202,1,0,1,0,0,0,0,2,22,9,1
25025130300,4,4,50,0,0,12,44,6,1,1,11,4,2,0,0,0,0,0,0,53,34,0,0,2,22,0,1,1,4,19,10,1,1,1,15,8,86,3,0,2,0,1,1,18,6,49,1,6,42,0,3,0,0,0,24,5,1,6,0,1,54,1,0,0,0,0,1,7,0,2,4,5,14,659,3,1,0,6,19,117,0,0,0,0,0,0,0,0,0,1,0,8,0,0,0,7,5,0,227,0,0,9,6,12,8,10,0,78,0,0,0,4,61,0,0,0,12,0,17,0,1,21,0,0,246,57,73,6,0,152,3,9,21,0,0,0,520,341,1,0,5,26,160,93,0,0,0,0,2,61,3,0,144,1,0,0,3,0,2,0,100,316,0,0,0,13,0,3,1,14,0,136,0,1,0,0,0,0,0,1,18,5,1
25025130402,1,2,57,0,0,14,64,8,2,2,6,2,3,0,0,0,0,0,0,47,23,0,0,1,11,0,1,1,3,21,23,7,0,1,13,2,10,4,1,4,0,2,1,10,2,12,2,16,7,0,3,0,0,0,32,7,2,3,0,0,51,0,0,0,0,1,1,4,1,0,3,4,14,386,15,0,0,6,13,54,0,0,2,0,0,0,0,0,0,1,0,14,0,0,0,8,14,0,126,0,4,2,0,0,0,8,0,79,1,0,0,4,92,0,0,0,1,0,11,0,1,23,0,1,315,76,66,2,1,125,1,6,13,0,0,0,492,303,1,1,9,17,112,93,0,0,0,1,2,92,1,0,131,0,0,0,7,0,4,8,52,185,0,3,1,16,2,19,4,18,1,105,0,0,1,0,0,0,0,2,23,8,1
25025130404,1,0,87,0,0,7,27,6,4,0,6,0,0,0,0,0,0,1,0,27,21,0,0,0,5,0,3,1,4,6,15,6,0,2,6,4,12,2,0,1,0,1,0,6,0,15,0,12,6,0,10,0,0,0,19,5,0,1,0,0,52,3,0,0,1,2,1,4,3,0,0,6,11,166,2,0,0,8,17,22,0,0,1,0,0,0,1,1,2,6,0,7,0,0,4,0,9,0,95,0,4,3,0,0,1,5,0,25,0,0,0,2,49,1,0,0,10,0,9,0,0,14,0,1,166,25,103,1,0,67,0,5,24,1,0,0,200,127,6,0,2,5,45,26,0,0,2,1,3,33,1,0,84,0,0,0,4,1,0,0,28,86,0,1,0,4,1,5,2,28,2,39,1,0,1,0,0,0,0,1,12,4,1
25025130406,1,0,21,0,0,3,32,4,1,0,2,2,4,0,0,0,0,4,0,23,14,0,0,1,9,0,14,0,1,3,18,1,0,0,9,1,2,2,2,0,0,0,1,3,1,2,0,2,9,0,13,0,0,0,9,1,0,0,0,1,26,0,0,0,1,0,0,5,8,0,1,5,9,140,0,1,0,5,11,15,0,0,0,0,0,0,0,1,0,1,0,4,0,0,0,2,2,0,91,0,4,0,0,0,0,4,0,31,0,0,0,2,22,0,0,0,7,0,4,0,0,8,1,0,146,28,21,0,0,58,0,7,6,0,0,0,185,64,1,0,5,0,19,35,0,0,0,0,2,18,1,0,54,0,0,0,2,0,2,0,21,69,0,0,0,5,0,2,0,44,1,27,0,1,1,0,0,0,0,2,5,8,1
25025140102,2,1,162,2,0,10,58,7,6,0,6,1,4,0,0,0,0,0,0,23,45,0,0,1,15,0,3,0,3,19,20,5,0,1,17,0,27,5,0,0,0,0,0,16,2,12,2,8,29,0,12,0,0,11,40,8,1,4,0,1,90,1,0,8,1,0,2,9,3,4,0,9,11,398,2,2,0,6,6,30,0,0,0,0,0,0,0,2,0,5,0,14,0,0,1,4,5,0,265,0,19,4,1,0,0,13,0,97,0,0,0,3,102,0,0,0,11,0,6,0,5,79,0,2,382,209,107,0,0,267,2,7,47,0,0,0,365,194,1,0,7,13,65,110,0,0,0,2,2,95,6,0,99,5,0,0,1,0,3,4,40,116,0,0,0,15,0,2,2,44,1,107,0,0,1,0,0,0,0,6,43,9,0
25025140105,0,4,145,1,0,8,36,7,6,0,2,2,3,0,0,0,0,0,0,25,49,0,0,1,7,0,2,0,0,6,8,3,0,2,13,0,12,6,0,5,1,0,0,9,1,9,1,21,7,0,7,0,0,0,26,3,1,2,0,0,69,1,1,0,1,1,0,2,1,0,2,3,8,252,1,2,0,19,10,42,0,0,0,0,0,1,0,0,0,3,0,11,0,0,0,6,18,0,114,0,8,0,1,0,0,11,0,73,0,0,0,2,89,2,0,0,2,0,11,0,0,55,1,5,475,126,51,0,0,287,1,9,29,0,0,0,351,160,0,2,14,36,73,32,0,0,0,2,2,82,1,0,101,0,0,0,1,0,4,0,58,157,1,1,0,12,0,1,2,22,1,59,0,0,0,0,0,0,0,1,16,2,3
25025140106,1,0,25,0,0,0,8,3,0,1,2,1,2,0,0,0,0,0,0,4,3,0,0,0,3,0,4,0,2,2,2,0,0,0,3,0,1,1,0,0,0,1,0,3,0,5,0,0,1,0,5,0,0,0,3,1,0,0,0,0,7,0,0,0,0,0,1,0,3,3,1,5,4,55,1,1,0,1,1,0,0,0,0,0,0,1,1,1,0,2,0,2,0,0,0,0,0,0,58,0,2,0,0,0,0,3,0,6,0,0,0,0,19,0,0,0,0,1,2,0,0,3,0,0,14,14,32,1,0,14,1,0,2,0,0,0,71,10,0,0,1,1,10,9,0,0,0,4,0,7,0,0,15,0,0,0,0,0,1,1,1,2,0,0,0,5,1,3,2,10,3,19,0,0,0,0,0,0,0,0,3,1,0
25025140107,3,1,136,0,0,6,34,2,1,1,2,0,1,0,0,0,0,0,0,20,32,0,0,0,4,0,6,0,4,5,6,4,0,1,8,1,8,1,0,4,0,0,0,16,4,3,1,1,2,0,23,0,0,1,48,6,1,3,0,1,50,0,0,1,2,0,4,4,5,0,1,3,10,328,4,0,0,6,8,5,0,0,0,0,0,0,0,3,0,4,0,7,1,0,2,3,3,0,343,0,7,0,0,0,0,5,0,71,0,0,0,2,55,0,0,0,2,0,8,0,2,54,0,0,139,106,49,0,0,152,0,7,4,0,0,0,269,102,0,0,2,6,20,36,0,2,0,10,0,58,3,0,49,1,0,0,0,0,4,2,32,33,1,2,0,5,0,0,0,20,3,68,0,0,0,0,0,0,0,3,19,2,3
25025140201,2,2,34,0,0,3,10,5,11,0,2,1,2,0,0,0,0,1,0,16,32,0,0,0,2,0,2,0,2,4,4,3,0,2,16,27,3,0,0,1,1,0,1,6,0,7,0,8,11,0,4,0,0,1,14,3,0,0,0,0,34,2,0,8,1,0,0,0,0,1,1,1,10,172,1,1,0,6,3,8,0,0,0,0,0,0,0,0,0,1,0,8,0,0,0,1,2,0,51,0,2,2,0,0,0,7,0,35,0,0,0,2,52,0,0,0,2,0,3,0,0,20,0,1,163,48,42,3,0,160,0,1,17,0,0,2,182,115,0,0,2,9,32,29,0,0,0,2,2,32,8,0,66,6,0,0,2,0,1,2,12,93,0,0,0,6,1,5,1,16,0,208,0,1,1,0,0,0,0,1,4,4,0
25025140202,6,4,109,0,0,13,74,5,1,0,4,4,4,1,0,0,0,1,0,23,50,0,0,1,10,0,4,4,1,21,16,5,0,0,17,4,17,6,1,5,0,0,0,20,4,5,3,0,26,0,7,0,0,0,30,13,2,7,0,0,64,0,0,1,0,0,1,9,0,0,0,12,16,525,3,0,0,7,17,23,0,0,0,0,0,0,0,1,0,4,0,8,0,0,1,2,2,0,184,0,10,0,2,0,0,8,0,88,0,0,0,1,89,0,0,0,8,0,8,1,1,70,0,1,253,184,134,2,0,337,2,7,16,1,0,0,464,239,1,0,6,14,78,48,0,0,0,4,0,95,7,0,120,0,0,0,4,0,3,4,35,119,0,0,0,32,1,5,0,29,2,63,0,0,1,0,0,0,0,3,29,9,3
25025140300,1,10,209,0,0,16,81,12,2,0,4,0,11,0,0,1,0,2,0,53,94,0,0,5,13,0,7,4,5,13,20,11,0,4,31,31,30,1,4,11,2,2,4,16,1,16,6,54,82,0,38,0,0,13,58,22,2,8,1,0,147,1,0,7,3,2,7,11,11,1,5,20,23,418,10,0,1,25,23,42,0,1,0,0,0,0,0,4,2,11,0,25,0,0,4,7,37,0,295,0,12,4,1,3,2,8,0,156,0,0,0,4,211,1,0,0,12,0,18,0,0,54,0,5,485,145,79,1,0,555,4,8,24,2,0,2,525,151,8,0,5,20,81,151,0,0,0,10,1,90,7,0,163,8,0,0,9,1,6,9,39,145,0,3,1,58,1,29,19,101,12,138,0,0,1,0,0,0,0,4,33,19,2
25025140400,3,8,324,0,0,7,81,6,3,1,8,2,4,0,0,0,1,6,0,34,75,0,0,8,21,0,8,5,4,20,18,21,0,2,25,9,12,3,1,5,0,2,1,24,4,17,0,11,16,0,48,0,0,5,83,28,9,17,0,1,105,5,0,1,6,0,2,7,19,3,3,17,41,626,9,1,0,14,25,59,0,0,1,0,0,0,1,4,3,9,0,26,1,0,3,2,13,0,250,0,59,2,0,1,1,20,0,129,0,0,0,4,141,0,0,0,14,0,17,0,1,92,0,4,219,239,125,1,0,452,5,11,33,0,0,1,795,174,2,1,4,19,88,100,0,0,0,12,5,129,5,0,151,2,0,0,5,3,2,6,58,193,0,2,0,23,4,11,10,118,5,85,1,0,0,0,0,0,0,5,36,5,2
25025980300,1,0,2,0,0,2,21,2,0,2,1,0,0,0,0,0,0,0,0,1,0,0,0,0,1,0,0,1,0,0,0,0,0,0,2,1,64,0,0,0,0,0,0,4,0,6,0,4,94,0,0,0,0,0,0,0,0,0,0,0,0,0,0,4,0,0,7,0,0,1,0,0,0,1,0,0,0,28,0,1,0,0,0,0,0,0,0,0,0,0,0,3,0,0,0,0,1,0,8,0,0,23,4,1,1,0,0,17,0,0,0,0,0,0,0,0,0,0,1,0,0,0,0,0,21,0,6,0,0,22,1,0,3,0,0,0,0,0,0,0,1,0,1,3,0,0,0,1,0,0,3,0,10,0,0,0,1,0,0,0,6,24,2,0,0,0,0,2,1,0,0,13,0,0,0,0,0,0,0,0,0,0,0
25025980700,0,0,0,0,0,0,1,0,0,0,0,0,0,0,0,0,0,0,0,0,0,0,0,0,1,0,0,0,0,1,0,0,0,0,1,0,17,0,0,0,0,0,0,0,0,0,0,0,6,0,0,0,0,0,0,0,0,0,0,0,0,0,0,0,0,0,0,0,0,0,0,0,0,0,0,0,0,1,0,3,0,0,0,0,0,0,0,0,0,0,0,1,0,0,0,0,0,0,0,0,0,0,0,0,0,0,0,1,0,0,0,0,0,0,0,0,0,0,0,0,0,0,0,0,0,0,0,0,0,5,0,0,0,0,0,0,0,0,0,0,0,0,5,0,0,0,0,0,0,0,0,0,3,0,0,0,0,0,0,0,2,9,1,0,0,0,0,0,0,0,0,3,0,0,0,0,0,0,0,0,0,0,0
25025981000,0,0,0,0,0,1,16,1,0,0,0,0,0,0,0,0,0,0,0,1,1,0,0,0,0,0,0,0,0,0,0,0,0,0,1,0,4,0,0,1,0,0,0,0,0,1,0,0,2,0,0,0,0,0,0,0,0,0,0,0,0,1,0,0,0,0,0,0,0,0,0,0,0,0,0,0,0,1,0,0,0,0,0,0,0,0,0,0,0,0,0,1,0,0,0,0,1,0,1,0,0,3,0,0,0,0,0,3,0,0,0,0,0,0,0,0,0,0,0,0,0,1,0,0,94,1,0,0,0,3,0,0,0,0,0,0,0,0,0,0,0,1,2,4,0,0,0,0,0,0,1,0,2,0,0,0,2,0,0,0,0,5,0,0,0,0,0,0,0,0,0,0,0,0,0,0,0,0,0,0,0,0,0
25025981100,0,0,15,0,0,0,6,0,0,0,1,0,0,0,0,0,0,0,0,1,1,0,0,0,1,0,0,0,0,0,1,0,0,0,3,1,8,0,0,1,0,0,0,0,1,8,0,0,3,0,1,0,0,0,1,0,1,0,0,0,0,0,0,0,0,0,0,1,0,0,0,0,0,42,0,0,0,1,3,1,0,0,0,0,0,0,0,0,0,0,0,1,0,0,0,0,1,0,5,0,0,1,3,0,0,1,0,12,0,0,0,2,5,0,0,0,1,0,0,0,0,1,0,0,22,27,0,0,0,25,0,0,0,0,0,0,14,0,0,0,1,2,8,2,0,0,0,0,0,5,1,0,20,0,0,0,0,0,0,0,5,28,0,0,0,2,2,0,0,8,0,0,0,0,0,0,0,0,0,0,1,0,0
25025981201,3,0,1,0,0,0,23,1,0,0,1,0,0,0,0,0,0,0,0,1,0,0,0,0,0,0,0,0,0,0,3,0,0,0,0,6,123,0,0,0,0,0,0,3,0,0,0,2,86,0,0,0,0,0,1,0,0,0,0,0,1,0,0,0,0,0,0,1,0,0,0,0,0,0,0,0,0,52,0,0,0,0,0,0,0,0,0,0,0,0,0,5,0,0,0,0,1,0,8,0,0,11,1,0,0,0,0,14,0,0,0,0,1,0,0,0,0,0,1,0,0,0,0,0,10,0,3,0,0,14,1,2,1,0,0,0,0,0,0,0,0,0,8,6,0,0,0,0,0,0,1,0,1,0,0,0,3,0,0,0,1,8,0,0,0,0,0,1,1,1,0,7,0,0,0,0,0,0,0,0,0,0,0
25025981202,3,0,6,0,0,1,31,0,0,0,2,0,0,0,0,0,0,0,0,5,1,0,0,0,2,0,0,0,0,0,2,0,1,0,11,1,25,0,0,1,0,0,0,1,0,0,0,0,13,0,0,0,0,0,1,0,0,0,0,0,5,0,0,0,0,0,1,0,0,0,0,0,5,1,0,0,0,6,4,1,0,0,0,0,0,0,0,0,0,0,0,7,0,0,0,0,3,0,121,0,0,0,11,0,1,1,0,49,0,0,0,0,10,0,0,0,0,0,1,0,0,0,0,0,41,1,4,0,0,24,0,1,2,0,1,0,2,1,0,0,4,0,8,9,0,0,0,1,0,3,0,0,18,0,0,0,0,0,0,0,0,2,0,0,0,4,0,1,1,0,0,23,0,0,0,0,0,0,0,0,8,2,0
25025981300,2,1,0,2,0,0,21,1,0,0,1,0,0,0,0,0,0,0,0,2,4,0,0,0,1,0,0,0,0,1,1,0,0,0,3,0,50,0,0,0,2,4,7,0,0,1,0,0,19,0,0,0,0,0,0,0,1,0,0,0,5,0,0,0,0,0,1,1,0,0,0,0,0,8,1,0,0,4,0,2,0,0,0,0,0,0,3,0,0,0,0,2,0,0,0,0,2,0,31,0,0,7,5,0,0,1,0,14,0,0,0,0,0,0,0,1,0,0,0,0,0,0,0,1,11,3,4,0,0,15,1,1,0,0,0,0,4,2,1,0,0,1,4,5,0,0,0,0,0,1,2,0,10,0,0,0,0,0,0,1,1,15,1,0,0,0,2,11,7,2,0,8,0,0,1,0,0,0,0,0,2,1,0
25025981501,6,0,0,1,0,0,18,0,0,0,0,0,0,0,0,0,0,0,0,0,1,0,0,0,0,0,0,0,0,0,0,0,0,0,0,6,36,0,0,0,0,0,0,0,0,0,0,1,23,0,0,0,0,0,0,0,0,0,0,0,1,0,0,0,0,0,0,0,0,0,0,0,0,0,0,0,0,9,1,0,0,0,0,0,0,0,0,0,0,0,0,0,0,0,0,0,9,0,5,0,0,2,3,0,1,0,0,22,0,0,0,0,1,0,0,0,0,2,0,0,0,0,0,0,36,0,1,0,0,5,0,0,3,0,0,0,1,0,0,0,0,0,5,6,0,0,0,0,0,0,0,0,7,0,0,0,0,0,0,0,0,2,0,0,0,0,0,2,0,0,0,4,0,0,0,0,0,0,0,0,0,0,0
25025981502,0,0,0,0,0,0,0,0,0,0,0,0,0,0,0,0,0,0,0,0,0,0,0,0,0,0,0,0,0,0,0,0,0,0,0,0,0,0,0,0,0,0,0,0,0,0,0,0,1,0,0,0,0,0,1,0,0,0,0,0,0,0,0,0,0,0,0,0,0,0,0,0,0,0,0,0,0,1,0,0,0,0,0,0,0,0,0,0,0,0,0,0,0,0,0,0,0,0,0,0,0,0,0,0,0,0,0,0,0,0,0,0,0,0,0,0,0,2,0,0,0,0,0,0,3,0,1,0,0,0,0,0,1,0,0,0,0,0,0,0,0,0,0,0,0,0,0,0,0,0,0,0,0,0,0,0,0,0,0,0,0,0,0,0,0,0,0,0,0,0,0,0,0,0,0,0,0,0,0,0,0,0,0
25025981600,0,0,0,0,0,0,0,0,0,0,0,0,0,0,0,0,0,0,0,0,1,0,0,0,0,0,0,0,0,0,0,0,0,0,0,0,0,0,0,0,0,0,0,0,0,0,0,1,0,0,0,0,0,0,0,0,0,0,0,0,1,0,0,0,0,0,0,0,0,0,0,0,0,0,0,0,0,3,0,0,0,0,0,0,0,0,0,0,0,0,0,0,0,0,0,0,1,0,1,0,0,0,0,0,0,0,0,1,0,0,0,0,0,0,0,0,0,0,0,0,0,0,0,0,2,1,0,0,0,2,0,0,0,0,0,0,0,0,0,0,0,0,1,0,0,0,0,0,0,0,0,0,0,0,0,0,0,0,0,0,0,1,0,0,0,1,2,0,1,0,0,3,0,0,0,0,0,0,0,0,0,0,0
25025981700,7,0,2,1,1,1,42,1,0,0,0,0,0,1,0,0,0,0,0,1,2,0,0,0,0,0,0,0,0,0,1,0,0,0,0,5,174,1,0,0,0,0,0,4,0,4,0,5,119,0,0,0,0,0,0,0,0,0,0,0,3,0,0,0,0,1,1,1,0,2,0,0,1,0,0,0,0,38,0,2,0,0,0,0,0,0,0,0,0,0,0,3,0,0,0,0,10,0,23,0,0,69,59,0,0,0,0,55,0,0,0,0,0,0,0,0,0,3,1,0,0,0,0,1,34,0,5,0,0,16,0,0,29,0,0,0,0,0,0,0,2,4,35,11,0,0,0,0,0,0,0,0,21,0,0,0,1,0,0,0,2,10,0,1,0,1,0,0,0,1,0,12,0,0,1,0,0,0,0,0,0,0,0
25025981800,5,0,1,0,0,1,30,2,0,0,0,0,0,0,0,0,0,0,0,0,0,0,0,0,0,0,0,0,0,0,0,0,0,0,1,5,87,0,0,0,0,0,0,1,0,1,0,7,183,0,0,0,0,0,0,0,0,0,0,0,4,0,0,0,0,0,0,0,0,1,0,0,0,2,0,0,0,182,0,0,0,0,0,0,0,0,0,0,0,0,0,0,0,0,0,0,6,0,6,0,0,15,10,0,0,0,0,42,0,0,0,0,0,0,0,0,0,0,0,0,0,0,0,0,26,0,4,0,0,5,0,0,1,0,0,0,0,0,0,0,0,0,4,5,0,0,0,0,0,0,0,0,19,0,0,0,2,0,0,0,8,40,4,0,0,1,0,0,0,0,0,12,0,0,0,0,0,0,0,0,0,0,0
