tract2010,311Force Reported Issues,Abandoned Bicycle,Abandoned Vehicle - On Private Property,Abandoned Vehicle - On Public Property,Alley Cleaning,Alley Repair,Automation Activity,Automation Activity Outcome,Automation All Questions,Automation Auto Close,Automation Dep Picklist,Automation Reallocate,Automation Schedule,Bed Bugs,Bicycle Services,Bulk Collection,Bus/Rail Issues,Child Safety Seat Program,Christmas Tree Collection Concerns,Christmas Tree Removal-Seasonal,Container Removal,DC Facilities Landscaping and Grounds Maintenance,DC Facilities Landscaping and Grounds Maintenance(DGS),DC Government Information,DCRA - Illegal Construction,DCRA - Vacant Private Property Inspection,DCRA - Vacant Property Inspection,DDS - Improper Use of Restraints,DDS - Serious Medication Error,DDS - Theft of Personal Property,DFHV - For Hire Vehicle Concerns,DFHV - Lost and Found Claims (DC Taxi),DGS-SRT-TEST,DMV - Adjudication Supervisor,DMV - Appeal,DMV - Copy of Ticket,DMV - Driver Record Issues,DMV - Driver and Vehicle Services Refund,DMV - Drivers License/ID Issues,DMV - Drivers License/ID Reinstatement,"DMV - Forms, Applications, and Manuals Request",DMV - Hearings,DMV - Offset Tracking,DMV - Online Processing Issues,DMV - Processing Center Manager,DMV - Refunds - Tickets,DMV - Ticket Payment Dispute,DMV - Vehicle Inspection Issues,DMV - Vehicle Insurance Lapse,DMV - Vehicle Registration Issues,DMV - Vehicle Title Issues,DMV - eTIMS Ticket Alert Services Issues,DOEE - Bag Law Tips,DOEE - Ban on Foam Food Containers,DOEE - Construction – Erosion Runoff,DOEE - Energy Benchmarking,DOEE - Engine Idling Tips,DOEE - Foam Ban / Food Container Requirements,DOEE - Foam Ban / Food Service Ware Requirements,DOEE - General Environmental Concerns,DOEE - Nuisance Odor Complaints,DOEE - Reporting Electronics in Trash,DOEE – Foam and Straw Ban,Dead Animal Collection,Emergency - Flooding,Emergency - Heating and Cooling,Emergency - Power Outage/Wires Down,Emergency - Senior Assistance,Emergency - Transportation,Emergency No-Parking Verification,Eviction,FEMS - 20/20 Vision Plan,FEMS - Community Events,FEMS - Fire Safety Education,FEMS - Fire Safety Inspection,FEMS - Honor Guard,FEMS - Smoke Alarm Application,Graffiti Removal,Grass and Weeds Mowing,Homeless Services - Winter/Hypothermia Season,How Is My Driving - Complaint,How Is My Driving - Compliment,Hypothermia Shelter Information,Illegal Dumping,Illegal Fireworks,Illegal Poster,Insect Treatment,Issue,Junk Motor Vehicle - CCS,Leaf Season Collection,Neighborhood Clean-Up,OUC NYE Test,Out of State Parking Violation (ROSA),Parking Enforcement,Parking Meter Repair,Pet Waste Complaint,Playground Maintenance,Pothole,Public Space Litter Can- Installation/Removal/Repair,Public Space Litter Can-Collection,Rat Replacement Containers,Recycling - Commercial Only,Recycling - School Program,Recycling Cart - Repair,Recycling Cart Delivery,Recycling Collection - Missed,Recycling- Information Request,Resident Parking Permit,Residential Parking Permit Violation,Residential Snow Removal (ServeDC),Roadway Marking Modification,Roadway Repair,Roadway Signs,Roadway Striping / Markings,Rodent Inspection and Treatment,Rodent Inspection and Treatment- Follow Up,SalesForce DC311 Application Request,Sanitation Enforcement,School Crossing Guard,Shut the Door (DOEE),Sidewalk Repair,Sidewalk Shoveling Enforcement Exemption,Sign New Investigation,Sign Removal investigation,Sign Replacement,Signed Street Sweeping Missed,Snow Metro Bus Shelter/Stop,Snow Other,Snow Other (Snow Vehicle / Property Damage),Snow Removal Complaints for Sidewalks,Snow Sidewalk Shoveling Enforcement Exemption,Snow Towing,Snow/Ice Removal,Snow/Ice Removal (Roadways AND Bridge walkways ONLY),Street Cleaning,Streetcar,Streetlight Repair Investigation,Supercan - Delivery,Supercan - Repair,TRU Report,Test,Test Animal - Vaccination Investigation - DAS,Ticket Ombudsman,Traffic Safety Investigation,Traffic Signal Issue,Trash Cart - Delivery,Trash Cart Repair,Trash Collection - Missed,Tree Inspection,Tree Planting,Tree Pruning,Tree Removal,Utility Repair Issue,Vacant Lot,Vacant Lot - Public Property Only,Wire Down/Power Outage,Yard Waste - Missed
11001000100,1,78,4,34,28,27,0,0,0,0,0,0,0,0,13,873,6,0,0,49,74,0,1,12,14,120,0,0,0,0,0,0,0,1,1,1,1,2,48,0,7,2,0,8,2,2,1,0,3,51,6,1,0,0,10,0,3,0,0,5,2,0,0,57,0,0,0,0,0,1294,0,0,4,1,0,0,3,308,12,0,4,0,0,89,0,2,5,0,0,17,0,0,11,1546,4683,1,0,308,7,27,10,0,0,9,152,169,1,3,115,0,0,76,1000,35,200,0,0,158,0,3,524,9,0,0,0,0,0,0,0,2,9,0,20,7,94,0,307,14,4,64,0,0,0,29,58,230,17,479,299,217,198,91,28,7,1,1,81
11001000201,0,0,1,1,1,0,0,0,0,0,0,0,0,0,1,11,1,0,0,0,0,0,0,0,0,0,0,0,0,0,0,0,0,0,0,0,0,1,2,0,0,0,0,0,0,0,0,0,1,1,0,0,0,0,0,0,0,0,0,1,0,0,0,5,0,0,0,0,0,14,0,0,5,0,0,0,0,4,2,0,0,0,0,1,0,1,0,0,0,0,0,0,0,37,437,0,0,33,1,3,0,0,0,0,0,0,0,0,0,0,0,7,14,3,3,0,0,2,0,0,9,0,0,0,0,0,0,0,0,0,0,0,1,0,2,0,7,0,0,11,0,0,0,10,12,0,0,0,6,1,4,5,1,0,0,0,0
11001000202,0,99,3,42,24,37,0,0,0,0,0,0,0,0,14,862,6,0,0,15,75,0,2,8,13,87,0,0,0,0,0,0,0,0,0,1,3,0,79,0,3,0,0,2,5,0,0,0,2,34,13,1,1,0,3,0,0,0,0,7,1,0,1,58,0,0,0,0,0,928,0,0,26,0,0,0,1,275,10,0,2,0,0,102,0,11,7,0,0,20,0,0,4,983,1734,1,1,324,11,6,5,0,0,6,145,81,0,1,178,0,0,67,819,57,281,0,0,479,1,4,576,2,0,0,0,1,1,0,0,5,2,0,12,4,93,0,268,9,1,64,0,0,0,35,149,216,15,401,227,169,291,80,37,14,11,2,114
11001000300,0,29,4,48,118,19,0,0,0,0,0,0,0,0,2,2172,12,0,0,37,88,0,0,6,24,51,0,0,0,0,0,0,0,0,1,1,0,0,61,0,4,0,0,7,1,1,3,1,4,61,6,0,0,0,13,0,0,0,0,5,2,0,0,55,0,0,0,0,0,587,0,0,4,0,0,0,5,116,58,0,0,0,0,174,0,7,8,0,0,10,0,0,50,707,518,1,0,164,7,13,6,0,0,18,104,212,1,2,259,0,0,39,341,18,214,0,0,583,0,0,89,5,0,0,0,0,0,0,0,13,5,0,5,0,71,0,331,123,41,31,0,0,0,17,32,68,35,225,182,68,125,78,25,0,2,3,88
11001000400,0,5,4,18,11,14,0,0,0,0,0,0,0,0,4,258,7,0,1,5,19,0,0,2,3,10,0,0,0,0,0,0,0,0,0,0,0,1,11,0,1,0,0,4,1,1,1,0,0,13,0,0,0,0,2,0,0,0,0,3,0,0,0,31,0,0,0,0,0,160,0,0,7,0,0,0,0,50,10,0,3,1,0,22,0,11,1,0,0,10,0,0,5,310,43,0,1,222,2,18,3,0,0,2,41,71,0,0,53,0,0,27,359,29,22,0,0,32,0,0,59,5,0,0,0,0,0,0,0,4,5,0,3,3,22,0,337,42,10,14,1,0,0,22,82,11,6,51,85,29,44,36,5,1,0,3,31
11001000501,0,21,2,8,6,0,0,0,0,0,0,0,0,0,4,187,7,0,0,4,10,0,0,2,3,2,0,0,0,0,0,0,0,0,0,1,0,1,38,0,3,0,0,2,0,0,0,0,3,19,5,0,0,0,0,0,4,0,0,1,0,0,0,16,0,0,0,0,0,236,0,0,0,0,0,0,1,279,7,0,4,1,0,15,0,35,0,0,0,3,0,0,0,430,640,0,0,144,17,202,0,0,0,2,7,39,0,0,11,0,0,28,109,17,30,0,0,65,0,0,42,1,0,0,0,0,0,0,0,14,0,0,3,2,14,0,173,8,1,19,0,0,0,18,73,2,3,24,66,9,20,18,5,0,1,0,5
11001000502,0,6,0,27,14,14,0,0,0,0,0,0,0,0,1,636,1,0,0,14,51,0,0,3,5,6,0,0,0,0,0,0,0,0,0,2,0,2,28,0,6,0,0,4,1,1,2,1,5,30,3,0,0,0,1,0,2,0,0,0,1,0,1,26,0,0,2,0,0,353,0,0,5,0,1,0,2,77,10,0,1,0,0,16,0,10,3,0,0,39,0,0,19,398,261,0,0,136,13,104,0,0,0,6,59,121,1,2,77,0,0,43,154,16,26,0,0,59,0,0,52,3,0,0,0,0,0,0,0,1,8,0,4,0,25,0,203,57,15,11,0,0,0,6,66,10,15,80,114,29,59,38,4,0,0,0,23
11001000600,0,8,2,34,16,8,0,0,0,0,0,0,0,0,4,918,15,0,0,28,44,0,1,4,7,21,0,0,0,0,0,0,0,0,0,0,0,0,41,0,3,1,0,4,2,0,2,0,8,45,1,0,0,0,4,0,3,0,0,9,0,0,0,113,0,0,3,0,0,379,0,0,26,0,0,0,3,92,10,0,6,0,0,23,0,16,4,0,0,38,0,0,28,646,749,1,0,381,9,24,0,0,0,12,59,296,0,2,143,0,0,82,505,22,43,0,0,76,2,0,123,15,0,0,0,1,0,0,0,21,9,0,20,2,42,0,331,52,15,24,0,0,0,35,139,11,6,209,164,52,84,65,7,0,2,4,108
11001000701,0,28,3,28,10,22,0,0,0,0,0,0,0,0,1,308,6,0,0,7,17,0,0,2,1,5,0,0,0,0,0,0,0,0,0,3,1,0,62,0,7,0,0,6,2,0,1,3,7,31,11,1,0,0,1,0,4,0,0,2,1,0,0,45,0,0,0,0,0,180,0,0,5,0,0,0,1,32,3,0,0,0,0,23,0,6,1,0,0,26,0,0,36,481,84,0,0,242,4,4,1,0,0,3,28,55,2,3,80,0,0,27,247,15,9,0,0,26,0,0,84,1,0,0,0,0,0,0,0,3,4,0,5,0,15,0,246,31,4,15,0,0,0,20,36,1,3,61,79,37,38,39,0,0,0,2,17
11001000702,0,4,0,4,7,0,0,0,0,0,0,0,0,0,1,83,0,0,0,0,1,0,0,1,5,0,0,0,0,0,0,0,0,1,0,0,0,0,52,0,2,2,0,4,0,0,1,0,5,19,3,0,0,0,4,0,0,0,0,0,1,0,0,9,0,0,0,0,0,208,0,0,3,0,0,0,1,5,2,0,1,0,0,26,0,1,0,0,0,0,0,0,2,281,3,0,0,82,3,2,0,0,0,0,3,29,0,2,8,0,0,14,55,10,12,0,0,10,0,0,15,0,0,0,0,0,0,0,0,0,2,0,2,1,9,0,47,1,0,17,0,0,0,2,6,0,2,47,31,6,9,3,3,1,0,0,2
11001000801,0,5,2,38,4,3,0,0,0,0,0,0,0,0,2,598,2,0,0,14,75,0,0,10,4,4,0,0,0,0,0,0,0,0,0,0,1,2,55,0,16,2,1,8,3,2,0,2,6,39,6,1,0,0,8,0,0,0,0,0,0,0,0,99,0,0,0,0,0,251,0,0,11,0,0,0,3,16,30,0,0,0,0,35,0,22,1,0,0,24,0,0,11,296,659,0,0,581,7,14,0,0,0,19,69,230,0,4,75,0,0,95,256,25,19,0,0,48,0,0,98,4,0,0,0,0,0,0,0,4,6,0,9,12,37,0,251,78,35,21,0,0,0,23,136,28,18,235,159,17,47,79,8,0,1,2,109
11001000802,0,7,2,45,26,9,0,0,0,0,0,0,0,0,3,1043,2,0,0,25,69,0,3,5,11,20,0,0,0,0,0,0,0,0,0,1,1,2,28,0,3,0,0,4,4,0,0,1,6,35,4,0,0,0,6,0,2,0,0,0,1,0,0,122,0,0,0,0,0,318,0,0,23,0,1,0,8,5,30,0,1,0,0,63,0,12,1,0,0,18,0,0,105,403,135,0,0,246,4,4,1,0,0,4,41,140,3,1,296,0,0,56,227,12,45,0,0,247,0,0,52,10,0,0,0,0,0,0,0,9,7,0,3,1,46,0,150,51,12,13,0,0,0,15,52,24,6,207,108,35,45,52,13,0,0,5,157
11001000901,0,2,1,25,1,9,0,0,0,0,0,0,0,0,0,1123,3,0,0,26,99,0,2,2,3,6,0,0,0,0,0,0,0,0,0,1,0,1,32,1,11,0,0,1,0,0,2,1,9,43,7,0,0,0,4,0,0,0,0,3,0,0,0,51,1,0,1,0,0,206,0,0,3,0,0,0,2,7,24,0,1,0,0,21,0,11,8,0,0,50,0,0,20,251,863,0,0,424,7,10,0,0,0,5,58,162,0,2,66,0,0,64,177,26,3,0,0,53,0,0,97,7,0,0,0,0,1,0,0,3,4,0,6,3,26,0,456,92,27,23,0,0,0,31,52,27,26,202,224,53,58,85,12,0,1,5,174
11001000902,0,7,0,22,12,18,0,0,0,0,0,0,0,0,3,801,0,0,0,18,54,0,0,9,2,7,0,0,0,0,0,0,0,0,0,2,0,2,12,0,4,1,0,3,1,0,0,0,4,28,1,0,0,1,5,0,0,0,0,3,0,0,0,51,0,0,0,0,0,167,0,0,5,0,0,0,0,26,21,0,0,0,0,15,0,13,0,0,0,30,0,0,39,124,197,0,0,236,1,8,0,0,0,5,27,53,0,4,135,0,0,37,187,16,6,0,0,36,0,0,31,6,0,0,0,0,0,0,0,3,6,0,8,4,31,0,117,50,11,18,0,0,0,21,48,12,8,158,110,37,46,51,7,0,0,3,99
11001001001,0,4,8,74,79,38,0,0,0,0,0,0,0,0,2,3315,5,1,0,74,154,0,1,8,18,18,0,0,0,0,0,0,0,1,0,3,1,0,61,0,13,1,0,8,1,0,0,0,8,60,6,1,1,0,11,0,0,0,0,4,2,0,0,142,0,0,2,0,0,621,0,0,14,0,0,0,7,106,28,1,6,0,0,107,0,45,9,1,0,129,3,0,70,722,3933,1,0,831,9,13,0,0,0,38,161,498,1,12,378,0,0,135,775,42,39,0,0,117,0,0,312,26,0,0,0,0,3,0,0,14,26,0,4,1,89,0,688,145,56,47,0,0,0,33,103,42,55,566,506,153,240,183,29,1,2,15,562
11001001002,0,10,2,13,3,1,0,0,0,0,0,0,0,0,0,55,3,0,0,3,5,0,0,3,4,5,0,0,0,0,0,0,0,0,1,1,0,1,33,0,6,1,0,1,0,0,0,0,4,26,3,0,0,0,2,0,1,0,0,1,1,0,0,18,0,0,0,0,0,292,0,0,43,0,0,0,0,43,10,0,0,0,0,9,0,29,0,0,0,3,0,0,66,486,437,0,0,139,2,5,1,0,0,0,8,15,0,1,110,0,0,27,190,10,13,0,0,25,0,0,26,0,0,0,0,0,1,0,0,0,0,0,5,1,5,0,99,8,0,8,0,0,0,17,72,4,0,21,30,11,15,9,5,0,1,3,3
11001001100,0,9,3,49,31,47,0,0,0,0,0,0,0,0,14,1604,9,0,0,29,69,1,3,4,6,20,0,0,0,0,1,0,0,1,1,1,0,1,49,0,8,1,0,8,3,1,0,2,5,49,3,0,1,0,7,0,2,0,0,11,9,0,1,82,0,0,1,0,0,400,0,0,34,0,0,0,6,135,22,1,4,1,0,60,0,13,17,0,0,70,0,0,120,624,3713,0,1,797,12,57,0,0,0,14,80,281,0,0,193,0,0,138,835,32,91,0,0,120,0,0,221,16,0,0,0,0,1,0,0,26,16,0,16,3,33,0,473,66,18,33,0,0,0,53,211,27,26,252,267,124,191,105,10,1,1,12,152
11001001200,0,16,2,49,49,18,0,0,0,0,0,0,0,0,0,1142,1,0,0,18,35,0,0,6,2,19,0,0,0,0,0,0,0,0,0,0,0,1,62,0,8,0,0,8,1,0,0,0,3,33,2,0,0,0,8,0,0,0,0,0,0,0,0,72,0,0,2,0,0,329,0,0,20,0,0,0,1,53,9,1,5,1,0,29,0,11,8,0,0,30,0,0,23,335,1137,1,0,448,2,1,1,0,0,8,58,160,0,3,143,0,0,99,690,59,24,0,0,66,0,0,178,15,0,0,0,0,2,0,1,8,21,0,4,2,38,0,275,44,12,38,1,0,0,24,84,11,13,155,189,61,118,72,20,0,1,5,74
11001001301,0,4,2,31,6,4,0,0,0,0,0,0,0,0,1,522,1,0,0,15,29,0,1,6,4,3,0,0,0,0,0,0,0,0,0,1,0,1,30,0,2,0,0,4,1,1,1,2,6,29,3,0,0,0,2,0,0,0,0,2,0,0,0,26,0,0,3,0,0,208,0,0,2,0,0,0,1,3,17,0,2,0,0,25,0,0,6,0,0,46,0,0,16,227,2,0,0,360,1,10,1,0,0,8,38,113,0,1,43,0,0,66,220,8,0,0,0,33,0,0,71,1,0,0,0,1,0,0,0,2,6,0,17,8,25,0,123,39,11,25,0,0,0,14,20,4,11,162,117,38,43,56,8,1,1,5,66
11001001302,0,20,4,9,4,8,0,0,0,0,0,0,0,0,5,191,6,0,0,4,14,1,0,2,3,2,0,0,0,0,0,0,0,1,0,1,4,2,53,0,6,0,0,8,1,0,0,0,6,58,14,0,0,0,7,0,0,0,0,2,2,0,0,40,0,0,0,0,0,243,0,0,6,0,0,0,3,87,15,0,4,0,0,35,0,3,2,0,0,20,0,0,5,511,253,0,0,212,0,16,0,0,0,2,9,37,0,2,22,0,0,32,215,9,10,0,0,54,1,0,112,2,0,0,0,0,1,0,0,13,1,0,8,8,41,0,66,10,3,24,0,0,0,16,44,3,5,38,68,29,34,29,12,0,4,1,15
11001001401,0,6,1,62,27,31,0,0,0,0,0,0,0,0,0,873,0,0,0,24,36,0,1,4,1,8,0,0,0,0,0,0,0,0,0,3,1,0,19,0,6,0,0,3,6,0,0,0,0,37,1,0,0,0,1,0,0,0,0,3,0,0,1,35,0,0,0,0,0,174,0,0,4,0,0,0,4,8,4,0,1,0,0,27,0,0,1,0,0,34,0,0,20,124,298,0,0,275,5,4,0,0,0,8,48,186,0,1,24,0,0,46,180,12,9,0,0,24,0,0,71,10,0,0,0,0,0,0,0,2,18,0,1,1,9,0,265,49,24,18,0,0,0,12,11,16,11,183,125,49,74,80,7,0,0,2,119
11001001402,0,3,3,32,28,36,0,0,0,0,0,0,0,0,0,1000,1,0,0,24,57,0,0,6,4,11,0,0,0,0,0,0,0,1,0,1,0,0,27,0,3,0,0,6,2,0,0,1,1,35,0,0,0,0,3,0,0,0,0,5,0,0,0,34,0,0,1,0,0,160,0,0,4,0,0,0,6,12,18,0,3,1,0,22,1,9,2,0,0,21,0,0,34,282,11,2,0,282,4,19,1,0,0,6,36,141,1,3,38,0,0,36,142,12,11,0,0,37,0,0,90,3,0,0,0,0,0,0,0,1,1,0,4,3,24,0,244,64,22,20,0,0,0,15,31,15,18,262,160,44,101,86,8,1,4,2,134
11001001500,0,5,6,59,30,34,0,0,0,0,0,0,0,0,1,2260,2,0,0,38,96,0,4,8,2,8,0,0,0,0,0,0,0,0,0,2,0,1,45,0,9,1,0,6,6,0,0,1,7,48,7,0,0,0,6,0,0,0,0,3,0,0,0,70,0,0,1,0,0,209,0,0,19,0,0,0,5,16,19,0,1,0,0,25,0,2,9,0,0,92,0,0,67,117,2,0,5,360,5,4,0,0,0,13,57,287,1,0,12,0,0,69,166,13,21,0,0,90,0,0,74,15,0,0,0,1,0,0,0,7,21,0,15,4,72,0,460,102,51,40,0,0,0,23,6,32,42,344,258,149,112,166,18,0,0,8,192
11001001600,0,12,27,89,74,50,0,0,0,0,0,0,0,0,5,2287,2,0,0,24,86,0,2,6,7,47,0,0,4,0,0,0,0,1,0,3,2,1,47,0,17,1,1,8,2,0,1,0,8,37,4,0,0,0,3,0,1,0,1,8,3,0,0,137,0,0,1,0,0,151,0,0,16,0,2,0,23,74,33,0,1,1,0,62,0,15,10,0,0,46,0,0,95,327,85,1,0,461,17,17,1,0,0,18,68,199,1,6,305,0,0,99,561,31,31,0,0,112,1,0,194,28,0,0,0,4,1,0,0,4,29,0,22,1,55,0,640,146,40,37,0,0,0,24,43,45,45,501,285,185,211,140,20,3,1,11,454
11001001702,0,17,26,133,70,11,0,0,0,0,0,0,0,0,2,1056,0,0,0,7,31,0,1,5,6,21,0,0,0,0,0,0,0,4,1,0,1,2,46,0,6,0,0,3,0,0,0,0,2,43,4,0,1,0,7,0,1,0,1,4,2,0,0,68,0,0,0,0,0,148,0,0,4,0,0,0,19,160,26,0,5,0,0,112,1,8,5,0,0,16,0,0,56,558,507,1,0,314,6,8,0,0,0,8,36,153,0,4,195,0,0,80,258,30,59,0,0,114,0,0,100,13,0,0,0,3,0,0,0,5,21,0,14,2,60,0,183,38,7,34,0,0,0,39,93,19,12,231,89,166,66,65,17,1,2,3,143
11001001803,0,5,8,51,18,16,0,0,0,0,0,0,0,0,0,337,8,0,0,8,10,0,0,3,0,1,0,0,0,0,0,0,0,0,0,1,0,0,68,0,12,0,0,0,1,0,1,0,2,28,8,0,0,0,0,0,0,0,0,0,2,0,0,30,0,0,2,0,0,38,0,0,0,0,0,0,3,20,3,0,0,0,0,25,1,3,6,0,0,7,0,0,35,417,0,1,0,116,4,7,2,0,0,1,4,49,0,4,99,0,0,23,129,2,52,0,0,54,1,0,27,4,0,0,0,1,0,0,0,0,2,0,9,5,30,0,116,10,2,19,0,0,0,9,37,2,4,72,86,41,47,38,3,1,1,3,26
11001001804,0,3,20,143,144,14,0,0,0,0,0,0,0,0,1,986,2,0,0,12,45,0,2,7,15,15,0,0,0,0,0,0,0,2,0,2,0,0,56,0,15,0,1,5,1,1,1,0,2,38,5,0,1,0,11,0,0,0,1,2,1,0,0,68,0,0,1,0,0,130,0,0,9,2,0,0,19,74,14,0,3,0,0,167,2,8,8,0,0,23,0,0,88,731,62,5,0,174,4,17,0,0,0,10,34,94,1,5,324,0,0,35,243,5,116,0,0,178,1,0,40,31,0,0,0,2,0,0,0,1,18,0,12,2,86,0,186,41,13,28,0,0,0,17,7,27,15,144,116,93,95,50,8,7,8,5,84
11001001901,0,3,25,177,204,33,0,0,0,0,0,0,0,0,4,2310,1,1,0,18,74,0,0,5,15,35,0,0,0,0,0,0,0,0,0,3,1,0,37,0,13,1,0,4,4,0,0,0,2,45,5,0,0,0,4,0,0,0,0,2,2,0,0,124,0,0,3,0,0,130,0,0,6,0,0,0,44,66,33,0,0,0,1,109,0,9,15,0,0,22,0,0,162,325,195,5,0,167,6,8,3,0,0,18,76,192,1,5,129,0,0,47,301,25,137,0,0,272,0,0,89,25,0,0,0,6,0,1,0,4,35,0,18,2,60,0,332,113,21,37,0,0,0,14,33,45,42,393,169,103,109,70,7,4,0,2,90
11001001902,0,7,20,112,51,30,0,0,0,0,0,0,0,0,3,1075,2,0,0,12,38,0,1,7,3,25,0,0,0,0,0,0,0,0,0,1,1,0,24,1,5,0,0,3,0,0,0,0,0,27,3,0,0,0,4,0,0,0,0,3,0,0,0,54,0,0,0,0,0,162,0,0,12,0,0,0,25,18,9,0,1,0,0,61,0,0,8,0,0,23,0,0,66,263,2,0,0,154,15,16,0,0,0,9,28,182,1,2,183,0,0,27,162,8,28,0,0,96,0,0,58,20,0,0,0,0,0,0,0,1,22,0,7,2,24,0,242,37,10,17,0,0,0,24,74,23,11,146,128,56,54,52,8,7,0,5,42
11001002001,0,9,5,52,59,9,0,0,0,0,0,0,0,0,2,605,2,0,0,6,16,0,0,3,2,22,0,0,0,0,0,0,0,1,0,0,0,1,51,0,8,0,0,3,1,0,0,0,5,17,4,0,0,0,3,0,0,0,0,1,0,0,0,44,2,0,1,0,0,96,0,0,12,0,0,0,2,26,15,0,0,0,0,54,1,4,1,0,0,21,0,0,26,332,0,0,0,180,4,7,0,0,0,2,14,79,0,1,140,0,0,25,197,6,78,0,0,76,0,0,33,13,0,0,0,1,0,0,0,1,16,0,9,1,59,0,164,33,8,21,0,0,0,10,31,12,17,144,93,71,39,48,1,0,2,1,79
11001002002,0,10,28,121,206,65,0,0,0,0,0,0,0,0,5,1546,9,0,0,25,52,0,1,7,13,45,0,0,0,0,0,0,0,0,0,6,1,0,50,1,6,1,0,3,0,1,2,1,6,37,2,0,0,1,5,0,0,0,0,6,0,0,0,98,0,0,0,0,0,221,0,0,22,0,0,0,18,192,20,0,5,0,0,172,1,13,14,0,0,20,0,0,114,612,13,0,0,221,11,16,5,0,0,10,72,205,0,4,160,0,0,42,385,14,250,0,0,282,0,0,106,15,0,0,0,8,1,0,0,6,16,0,7,1,49,0,399,86,12,44,2,0,0,23,51,38,25,327,150,103,116,71,7,4,3,3,153
11001002101,0,14,85,119,323,50,0,0,0,0,0,0,0,0,2,1697,3,0,0,23,74,0,2,10,18,48,0,0,0,0,0,0,0,1,0,0,0,2,94,0,7,0,0,5,3,1,2,0,4,62,7,0,0,0,7,0,0,0,0,8,3,0,0,115,0,0,1,0,0,265,0,0,40,0,1,0,33,116,25,0,5,0,0,356,0,11,9,0,0,16,0,0,77,764,142,1,0,181,20,52,9,0,0,6,73,160,1,4,173,0,0,45,210,11,302,0,0,365,0,0,46,21,0,0,0,12,0,0,0,2,22,0,7,0,77,0,380,145,15,34,0,0,0,20,37,58,23,370,86,119,95,49,9,7,5,5,66
11001002102,0,14,65,165,224,53,0,0,0,0,0,0,0,0,5,2104,4,0,0,15,94,0,0,9,12,38,0,0,0,0,0,0,0,0,0,0,0,2,64,0,13,1,0,7,2,0,1,0,1,53,11,0,0,1,12,0,2,0,0,10,31,0,0,73,0,0,2,0,0,303,0,0,14,1,1,0,47,136,24,0,8,0,0,246,1,12,11,0,0,28,0,0,139,743,42,8,0,390,12,25,1,0,0,15,85,184,1,5,172,0,0,51,245,21,120,0,0,342,0,0,90,27,0,0,0,14,1,0,0,1,44,0,5,0,147,0,335,108,19,42,0,0,0,48,74,48,17,383,147,167,84,55,18,1,1,11,72
11001002201,0,11,30,129,221,26,0,0,0,0,0,0,0,0,2,1638,4,0,0,21,100,0,0,9,19,15,0,0,0,0,0,0,0,0,0,1,0,1,47,1,14,2,0,1,1,1,1,0,0,26,6,0,0,0,11,0,0,0,0,4,3,0,0,82,0,0,2,0,0,136,0,0,6,0,0,0,14,65,14,0,4,1,0,187,2,2,3,0,0,12,0,0,107,317,20,2,0,123,9,16,5,0,0,6,79,121,0,3,115,0,0,19,211,12,241,0,0,211,0,0,63,17,0,0,0,5,0,0,0,0,17,0,10,0,39,0,410,98,15,26,0,0,0,13,34,36,19,180,99,69,64,48,7,3,2,5,51
11001002202,0,5,10,109,205,34,0,0,0,0,0,0,0,0,1,981,8,0,0,5,38,0,0,6,6,17,0,0,0,0,0,0,0,0,2,3,1,1,56,0,7,0,0,3,1,3,0,0,1,28,6,0,0,0,2,0,0,0,0,5,3,0,0,53,1,0,3,0,0,116,0,0,4,0,0,0,9,19,7,0,0,1,0,219,0,0,2,0,0,7,0,0,133,306,1,0,0,166,14,19,4,0,0,4,65,73,1,3,187,0,0,26,175,8,205,0,0,214,1,0,35,9,0,0,0,4,0,0,0,2,7,0,6,3,118,0,229,110,17,32,0,0,0,18,23,44,21,128,90,67,50,50,13,0,0,6,35
11001002301,0,12,27,127,150,37,0,0,0,0,0,0,0,0,4,1495,0,1,0,27,56,0,0,3,9,38,0,0,0,0,0,0,0,1,0,2,1,1,53,0,12,2,0,10,3,0,1,1,3,24,4,0,0,0,6,0,1,0,0,1,1,0,0,83,0,0,1,0,0,197,0,0,4,0,0,0,19,36,18,0,2,0,0,224,0,2,13,0,0,20,0,0,86,377,12,2,0,189,27,27,9,0,0,7,68,151,0,2,131,0,0,32,223,19,299,0,0,221,0,0,91,12,0,0,0,2,0,0,0,4,16,0,7,2,69,0,358,135,17,28,0,0,0,18,17,51,27,279,124,58,93,37,33,2,0,6,87
11001002302,0,1,15,11,3,0,0,0,0,0,0,0,0,0,3,6,3,0,0,0,0,0,1,2,0,0,0,0,0,0,0,0,0,0,0,0,0,0,15,0,4,0,0,0,1,0,1,0,2,12,5,0,0,0,0,0,0,0,0,0,0,0,0,28,0,0,0,0,0,7,0,0,5,0,0,0,0,30,11,0,3,0,0,36,0,5,0,0,0,2,0,0,0,200,6,2,0,93,3,6,0,0,0,0,1,0,0,0,20,0,0,13,65,15,5,0,0,34,0,0,9,0,0,0,0,0,0,0,0,0,0,0,2,0,23,0,18,0,0,22,0,0,0,21,34,1,0,3,26,5,8,10,3,0,0,0,0
11001002400,0,15,16,108,222,24,0,0,0,0,0,0,0,0,6,1757,6,0,0,29,67,0,0,8,14,37,0,0,0,0,0,0,0,0,0,1,0,1,67,0,5,1,0,2,2,2,1,0,2,35,4,1,0,0,15,0,2,2,0,4,6,0,0,104,0,0,0,0,0,400,0,0,22,1,0,0,18,148,37,0,3,0,0,256,1,31,6,0,0,13,2,0,263,558,276,3,1,357,27,28,9,0,0,11,83,196,1,4,162,0,0,51,227,25,443,0,0,279,0,0,89,9,0,0,0,1,0,0,0,3,11,0,18,2,88,0,359,146,32,37,0,0,0,43,82,64,24,352,141,97,91,44,14,7,3,6,100
11001002501,0,22,26,63,120,25,0,0,0,0,0,0,0,0,1,925,9,0,0,21,32,0,1,3,5,21,0,0,0,0,0,0,0,0,0,0,0,1,42,0,4,0,0,4,0,1,0,0,1,28,4,0,0,1,3,0,1,0,0,4,1,0,0,28,0,0,0,0,0,147,0,0,25,0,0,0,10,136,23,0,3,0,0,189,0,6,2,0,0,9,0,0,74,578,76,2,0,125,15,13,0,0,0,11,44,173,0,2,662,1,0,21,280,15,53,0,0,152,0,0,56,10,0,0,0,7,0,0,0,0,9,0,6,2,32,0,202,52,9,14,0,0,0,16,44,22,14,196,88,91,96,43,9,4,3,4,49
11001002502,0,36,38,105,356,25,0,0,0,0,0,0,0,0,11,1327,8,0,0,25,65,1,0,9,21,49,0,0,0,0,0,0,0,1,0,0,2,1,114,0,16,0,0,9,4,0,0,1,4,31,8,0,0,0,20,0,3,0,1,3,4,0,0,50,0,0,0,0,0,470,0,0,21,0,2,0,13,425,22,1,7,2,0,545,2,14,8,0,0,9,0,0,35,1120,79,2,0,339,29,110,3,0,0,13,82,153,2,5,141,0,0,67,349,27,230,0,0,374,1,0,111,15,0,0,0,7,0,0,0,11,16,0,10,5,108,0,332,113,26,40,0,0,0,33,99,52,20,284,145,131,89,64,12,7,3,2,56
11001002600,0,6,10,86,42,23,0,0,0,0,0,0,0,0,6,1041,1,0,0,21,60,0,0,1,5,12,0,0,0,0,0,0,0,0,0,1,0,1,29,0,5,1,0,3,0,1,0,0,2,28,8,0,0,0,2,0,0,0,0,2,0,0,0,58,1,0,3,0,0,149,0,0,17,0,0,0,5,24,16,0,2,0,0,27,0,0,2,0,0,43,0,0,54,169,0,1,0,172,1,3,0,0,0,11,26,107,1,4,30,0,0,37,223,2,5,0,0,52,0,0,78,10,0,0,0,0,0,0,0,1,4,0,1,3,17,0,325,67,20,23,0,0,0,5,16,20,20,200,162,244,92,71,5,0,1,4,182
11001002701,0,39,5,54,89,6,0,0,0,0,0,0,0,0,3,1097,3,0,0,18,32,0,2,3,6,29,0,0,0,0,0,0,0,0,0,0,0,0,88,0,6,0,0,5,4,0,0,0,3,23,1,0,0,0,3,0,1,0,0,2,2,0,0,56,0,0,0,0,0,411,0,0,4,0,0,0,4,211,11,0,3,0,0,169,0,2,0,0,0,9,0,0,13,743,1,0,0,192,8,5,5,0,0,4,55,119,0,5,36,0,0,31,361,17,140,1,0,192,0,0,49,3,0,0,0,0,0,0,1,4,4,0,12,3,37,0,116,30,12,22,0,0,0,12,34,50,8,148,55,26,58,25,7,0,1,1,20
11001002702,0,121,6,56,151,19,0,0,0,0,0,0,0,0,16,1467,8,0,0,23,53,0,0,8,13,51,2,0,0,0,0,0,0,1,0,0,0,0,63,0,1,1,0,1,1,1,1,0,4,37,4,0,0,0,8,0,6,0,0,5,5,0,0,63,0,0,0,0,0,620,0,0,8,0,1,0,4,618,19,1,3,0,0,222,1,7,2,0,0,11,0,0,13,723,297,0,0,172,11,59,3,0,0,11,85,102,0,5,37,0,0,23,454,37,143,0,0,497,0,0,147,3,0,0,0,0,0,0,0,12,10,0,5,3,72,0,266,68,21,25,0,0,0,19,60,19,11,120,182,130,155,72,16,2,0,1,32
11001002801,0,24,8,42,144,18,0,0,0,0,0,0,0,0,4,493,6,0,0,4,10,0,0,3,8,18,0,0,0,0,0,0,0,0,0,0,0,2,64,0,2,0,0,3,0,0,3,0,0,26,6,0,0,0,2,0,0,0,0,4,3,0,0,31,0,0,0,0,0,270,0,0,26,0,0,0,0,113,5,0,4,0,1,198,0,1,2,0,0,2,1,0,5,617,19,1,0,73,7,4,0,0,0,0,28,44,0,1,33,0,0,27,166,8,143,0,0,209,0,0,28,3,0,0,0,3,0,0,0,3,5,0,6,1,50,0,138,1,2,23,0,0,0,3,17,57,6,40,54,21,18,19,2,3,4,3,6
11001002802,0,97,12,26,61,3,0,0,0,0,0,0,0,0,6,362,24,0,0,7,12,0,2,7,12,15,0,0,0,0,0,0,0,0,0,1,0,4,82,0,2,1,0,4,1,0,0,0,1,33,1,0,0,1,2,0,1,0,0,2,1,0,2,35,0,0,0,0,0,368,0,0,15,0,0,0,4,416,15,0,14,2,2,185,0,5,2,0,0,1,0,0,2,1308,198,0,0,95,8,32,1,1,0,1,24,46,0,1,35,0,0,41,223,44,160,0,0,129,1,0,62,2,0,0,0,1,0,0,0,3,3,0,5,2,55,0,169,1,1,41,0,0,0,22,116,26,2,75,45,29,25,21,8,4,1,1,5
11001002900,0,59,12,44,328,21,0,0,0,0,0,0,0,0,8,1311,10,0,0,5,40,0,0,7,33,58,0,0,0,0,0,0,0,1,0,1,2,1,55,0,1,1,0,3,1,0,0,0,2,24,5,0,0,0,14,0,5,0,0,4,2,0,1,34,0,0,0,0,0,518,0,0,7,0,0,0,7,497,20,1,0,0,0,491,0,62,1,0,0,2,0,0,19,893,272,0,0,146,19,25,4,0,0,14,96,126,2,5,107,0,0,32,297,26,223,0,0,676,0,0,83,5,0,0,0,8,0,0,0,0,5,0,3,1,89,0,241,12,2,36,0,0,0,24,33,172,9,362,113,77,46,32,11,9,2,3,45
11001003000,0,35,10,14,75,13,0,0,0,0,0,0,0,0,6,728,5,0,0,6,10,0,0,3,6,43,0,0,0,0,0,0,0,1,0,1,1,0,40,0,1,1,0,1,0,2,0,0,2,19,4,0,0,0,0,0,5,0,0,5,1,0,1,42,0,0,0,0,0,380,0,0,4,0,0,0,5,305,20,0,5,2,0,180,0,26,0,0,0,5,0,0,14,976,6,0,0,87,10,24,3,0,0,3,64,40,0,3,86,0,0,16,122,15,205,0,0,183,1,1,30,1,0,0,0,6,0,0,0,5,3,0,0,1,60,0,119,3,1,20,0,0,0,4,29,69,7,86,57,23,30,23,6,4,5,2,5
11001003100,0,23,11,54,248,12,0,0,0,0,0,0,0,0,15,1207,3,0,0,11,34,0,2,5,17,26,0,0,0,0,0,0,0,0,1,2,0,1,54,0,6,0,0,4,0,0,0,0,3,29,3,0,0,0,3,0,0,0,0,3,3,0,0,77,0,0,0,0,0,461,0,0,4,0,0,0,10,582,40,0,3,3,0,423,0,171,1,0,0,6,0,0,17,933,109,1,0,186,20,21,2,1,0,8,91,136,0,2,128,0,0,46,216,4,371,0,0,312,1,0,82,4,0,0,0,3,0,0,0,2,4,0,6,1,78,0,158,6,1,27,0,0,0,30,63,178,20,330,69,54,49,28,12,7,3,0,21
11001003200,0,16,39,104,440,15,0,0,0,0,0,0,0,0,8,2146,9,0,0,16,59,0,2,13,27,61,0,0,0,0,0,0,0,0,0,3,0,1,88,1,5,2,0,8,3,2,0,0,3,40,8,1,0,1,6,0,0,0,0,9,4,0,0,159,0,0,0,0,0,500,0,0,6,0,2,0,25,340,33,0,10,0,0,501,0,71,5,0,0,17,0,0,52,1342,246,2,0,286,21,11,13,0,0,25,162,118,0,5,372,0,0,53,376,18,600,1,0,467,0,0,74,16,0,0,0,17,2,0,0,3,16,0,20,1,115,0,288,26,14,37,0,0,0,57,64,340,34,531,69,43,86,16,18,14,2,5,41
11001003301,0,16,14,46,180,10,0,0,0,0,0,0,0,0,5,1532,2,0,0,15,75,0,0,6,29,38,1,0,0,0,0,0,0,0,0,0,0,0,55,0,1,1,0,4,2,1,0,1,1,29,6,0,0,0,6,0,6,0,0,6,3,0,0,38,0,0,1,0,0,369,0,0,1,0,0,0,2,60,19,0,7,0,0,289,0,3,3,0,0,10,0,0,90,791,28,0,0,90,11,7,0,0,0,15,140,180,0,3,274,0,0,40,187,13,108,1,0,389,0,0,38,6,0,0,0,4,0,0,0,2,9,0,9,1,75,0,211,126,18,38,1,0,0,18,23,41,23,327,88,66,70,45,16,1,1,8,30
11001003302,0,17,7,40,134,17,0,0,0,0,0,0,0,0,9,1173,0,0,0,34,70,0,0,8,21,19,0,0,0,0,0,0,0,0,0,0,0,0,38,0,3,0,0,3,1,0,0,0,0,29,5,0,0,0,7,0,1,0,0,0,3,0,0,58,0,0,0,0,0,370,0,0,10,0,0,2,4,85,10,0,6,0,0,235,1,0,6,0,0,10,0,1,18,610,10,0,0,54,12,15,8,0,0,8,66,102,0,2,73,0,0,17,120,1,303,1,0,240,0,0,38,10,0,0,0,7,0,0,0,4,3,0,1,1,85,0,164,99,4,38,0,0,0,11,20,33,24,300,66,32,43,23,7,2,1,3,26
11001003400,0,50,44,54,221,19,0,0,1,0,0,0,0,0,7,1162,5,0,0,11,56,0,5,13,16,24,0,0,0,0,0,0,2,0,1,1,0,2,36,0,2,0,0,5,1,1,1,0,0,29,2,0,0,0,6,0,4,0,1,6,5,0,0,90,0,0,0,0,0,330,0,0,20,2,0,0,7,152,38,0,12,0,0,242,0,4,2,0,0,12,0,0,61,1049,765,0,0,296,18,113,9,1,0,8,70,84,1,4,226,0,0,60,317,18,257,0,0,427,2,0,83,11,0,0,0,17,3,0,3,18,13,1,13,5,234,0,192,6,6,57,0,0,0,38,43,144,21,476,54,28,42,31,18,5,0,3,42
11001003500,0,19,14,19,112,5,0,0,0,0,0,0,0,0,5,733,0,0,0,5,32,0,0,7,27,9,0,0,0,0,0,0,0,0,0,1,1,0,59,0,0,1,0,1,0,0,1,0,2,27,5,2,0,0,5,0,4,1,0,15,21,0,0,62,0,0,1,0,0,387,0,0,17,0,0,0,8,305,16,0,5,1,0,229,0,8,2,0,0,6,0,0,8,658,964,1,0,64,9,9,4,0,1,4,64,92,1,0,107,0,0,13,118,16,199,0,0,202,0,0,51,3,0,0,0,2,0,0,0,4,6,0,4,1,64,0,125,5,0,28,0,0,0,17,29,102,6,209,36,46,33,12,17,2,9,4,11
11001003600,0,30,8,45,76,11,0,0,0,0,0,0,0,0,3,957,5,0,0,3,10,0,0,4,15,25,0,0,0,0,0,0,0,0,0,1,0,0,56,0,5,3,0,4,0,0,1,1,2,38,7,0,0,0,19,0,2,0,0,3,2,0,0,51,0,0,0,0,0,558,0,0,12,0,0,0,3,288,9,0,5,0,0,244,1,10,1,0,0,4,0,0,12,1410,95,0,0,100,6,9,0,0,0,1,63,119,1,2,129,0,0,13,222,26,163,0,0,196,0,0,61,2,0,0,0,2,0,0,0,0,2,0,15,0,82,0,158,10,0,31,0,0,0,11,26,59,6,226,47,24,34,21,11,7,4,4,16
11001003700,0,41,5,50,42,5,0,0,0,0,0,0,0,0,11,393,6,0,0,3,5,0,0,3,14,7,0,0,0,0,0,0,0,0,0,2,0,4,83,0,6,2,0,9,1,0,1,0,0,34,6,0,0,1,12,0,1,0,0,3,4,0,0,45,0,0,0,0,0,479,0,0,6,0,0,0,4,222,11,0,2,0,0,177,2,3,6,0,0,0,0,0,10,1480,21,0,1,125,6,9,2,0,0,0,12,42,0,3,73,0,0,20,274,35,67,0,0,154,0,1,38,2,0,0,0,0,0,0,0,5,4,0,7,0,55,0,136,2,0,38,0,0,0,20,38,15,0,88,32,60,39,27,11,2,6,3,1
11001003800,0,48,1,28,41,2,0,0,0,0,0,0,0,0,15,385,2,0,0,8,23,0,0,8,14,21,0,0,0,0,0,0,0,0,0,6,0,0,73,0,4,1,0,7,1,0,0,0,3,35,4,1,1,1,10,0,2,1,0,7,5,0,1,49,0,0,2,0,0,799,0,0,9,0,0,0,3,208,11,2,9,0,0,234,1,0,2,0,0,2,0,0,2,1361,1290,1,0,198,8,12,3,0,0,4,27,49,0,3,33,0,0,27,487,33,165,0,0,195,0,0,63,0,0,0,0,2,0,0,0,1,1,0,7,0,75,0,182,2,2,38,0,0,0,18,36,64,12,78,86,50,60,50,31,0,1,0,8
11001003900,0,38,4,40,39,7,0,0,0,0,0,0,0,0,6,324,3,0,0,5,12,0,1,5,13,10,0,0,0,0,0,0,0,0,0,1,0,0,57,0,1,0,0,9,2,0,1,1,2,22,8,1,0,0,1,0,3,0,0,4,1,0,0,45,0,0,0,0,0,681,0,0,14,0,0,0,10,177,8,0,1,0,0,143,0,4,3,0,0,2,0,0,1,852,180,0,0,147,5,12,0,0,0,3,29,27,0,1,24,0,0,50,285,23,110,0,0,100,0,0,82,0,0,0,0,0,0,0,0,0,2,0,3,2,39,0,258,0,2,23,0,0,0,13,53,26,4,60,118,33,62,37,9,0,2,1,11
11001004001,0,31,2,39,16,7,1,0,0,0,0,0,0,0,2,426,3,0,0,2,37,0,0,2,10,8,0,0,0,0,0,0,0,1,0,2,0,1,30,0,2,2,0,4,0,0,0,0,2,35,1,0,0,0,0,0,1,0,0,3,0,0,1,31,0,0,0,0,0,818,0,0,3,0,0,0,1,69,11,0,2,0,0,54,0,0,0,0,0,9,0,0,4,783,76,0,0,107,6,10,21,0,0,3,36,31,0,0,33,0,0,32,257,2,62,0,0,87,0,0,79,0,0,0,0,0,0,0,0,2,2,0,4,0,26,0,194,5,4,19,1,1,0,13,17,58,14,81,80,47,54,36,8,0,1,0,21
11001004002,0,53,0,58,29,10,0,0,0,0,0,0,0,0,4,279,4,0,0,2,20,1,0,1,5,13,0,0,0,0,0,0,0,0,1,1,0,0,20,0,0,1,0,3,0,0,0,0,0,17,1,0,0,0,1,0,0,0,0,4,3,0,0,37,0,0,0,0,0,604,0,0,0,0,0,0,2,210,7,0,5,0,0,68,0,2,0,0,0,2,0,0,8,727,624,0,0,89,3,20,1,0,0,3,20,37,1,1,27,0,0,18,346,15,142,0,0,94,1,0,23,0,0,0,0,0,0,0,0,3,0,0,2,0,23,0,128,3,0,33,0,0,0,17,55,46,5,48,66,30,45,28,4,0,1,1,2
11001004100,0,11,1,22,10,6,0,0,0,0,0,0,0,0,7,247,6,0,0,14,7,0,6,3,6,13,0,0,0,0,0,0,0,2,1,1,0,0,29,0,2,0,0,6,1,1,0,1,3,18,0,0,0,0,3,0,1,0,0,1,1,0,0,21,0,0,0,0,0,572,0,0,10,0,0,0,2,130,11,0,2,1,1,34,0,4,1,0,0,7,0,0,6,803,165,1,0,324,9,34,2,0,0,1,52,41,0,0,162,0,0,58,550,34,50,0,0,71,0,0,70,1,0,0,0,0,0,0,0,5,2,0,5,2,44,0,220,8,0,15,0,0,0,22,64,57,4,138,147,87,80,47,17,1,0,1,32
11001004201,0,34,5,20,61,8,0,0,0,0,0,0,0,0,7,655,3,0,0,9,29,0,0,5,11,11,0,0,0,0,0,0,0,0,0,2,0,0,34,0,2,0,1,5,0,0,1,0,3,18,6,0,0,0,14,0,0,0,0,5,6,0,0,66,0,0,0,0,0,753,0,0,17,0,0,0,0,156,13,0,9,0,0,200,0,3,0,0,0,8,0,0,11,697,184,1,0,69,9,13,5,0,0,6,44,94,3,0,51,0,0,18,299,15,210,0,0,274,0,0,100,1,0,0,0,7,0,0,0,5,1,0,1,0,82,0,198,2,0,17,0,0,0,10,33,87,9,154,66,52,47,29,11,0,1,2,23
11001004202,0,67,0,27,27,21,0,0,0,0,0,0,0,0,7,354,2,0,0,3,33,0,0,2,11,19,0,0,0,0,0,0,0,1,0,1,0,1,29,0,3,0,0,2,0,0,0,0,4,19,2,0,0,0,1,0,0,0,0,2,4,0,0,45,0,0,0,0,0,679,0,0,0,0,0,0,1,239,1,1,3,0,0,104,1,9,0,0,0,5,0,0,6,740,1742,0,0,119,8,7,1,0,0,2,42,67,4,2,112,0,0,15,283,42,175,0,0,81,0,3,73,1,0,0,0,1,0,0,0,25,2,0,2,2,61,0,193,3,3,21,1,0,0,11,67,73,14,106,80,72,56,32,13,0,1,2,5
11001004300,0,86,3,31,62,19,0,0,0,0,0,1,0,0,21,493,14,0,0,13,28,0,1,8,17,36,0,0,0,0,0,0,0,0,0,1,0,0,40,0,4,0,0,4,0,0,0,0,3,24,7,1,1,0,2,0,2,0,0,7,4,0,0,34,0,0,0,0,0,551,0,0,20,0,0,0,11,486,5,0,6,0,0,104,0,15,4,0,0,11,0,0,8,1106,663,1,0,130,6,12,9,0,0,10,38,57,0,1,81,0,0,37,250,26,195,0,0,168,0,4,42,3,0,0,0,4,0,0,0,3,1,0,3,2,62,0,206,8,1,29,0,0,0,18,53,58,7,160,83,75,76,36,10,3,5,1,18
11001004400,0,79,11,76,277,19,0,0,0,0,0,0,0,0,18,1550,10,0,0,16,61,0,1,10,26,54,0,0,0,0,0,0,0,0,0,2,0,2,69,0,3,0,0,7,1,0,0,0,6,43,13,0,0,0,6,0,5,2,3,7,8,0,2,111,0,0,1,0,0,897,0,0,12,0,0,0,9,1058,34,0,21,1,3,392,0,9,3,0,0,6,0,0,27,2325,1676,0,0,191,14,73,15,0,0,7,131,226,0,2,336,0,0,45,442,32,499,0,0,502,0,4,182,2,0,0,0,10,0,0,0,10,1,0,6,1,178,0,411,10,5,107,0,0,0,32,89,186,31,543,114,90,109,71,27,5,5,1,50
11001004600,0,17,15,94,374,23,0,0,0,0,1,0,0,0,9,1547,6,0,0,20,99,0,0,8,28,53,0,0,0,0,0,0,0,0,0,2,1,0,105,0,4,0,0,2,1,1,0,0,6,51,10,0,1,0,7,0,2,0,0,15,9,0,0,35,0,0,2,0,0,354,0,0,24,0,0,0,11,182,47,3,8,0,2,534,1,6,5,0,0,34,0,0,129,1244,33,1,0,104,26,21,2,0,0,15,92,148,2,7,446,0,0,28,262,11,260,0,0,435,0,0,58,9,0,0,0,7,0,0,0,8,17,0,12,3,203,0,234,138,11,53,0,0,0,39,42,49,13,390,87,77,83,29,13,12,6,7,29
11001004701,0,5,21,58,15,4,0,0,0,0,0,0,0,0,1,83,2,0,0,0,4,0,0,7,5,8,0,0,0,0,0,0,0,0,0,1,0,1,62,1,5,1,0,1,1,0,1,1,2,16,4,0,1,0,2,0,2,0,0,3,3,0,0,14,0,0,0,0,0,144,0,0,17,0,0,0,1,18,24,0,9,0,0,63,0,4,0,0,0,0,1,0,15,750,220,0,0,165,8,4,0,0,0,0,2,24,0,2,15,0,0,12,151,19,56,0,0,71,0,0,47,0,0,0,0,1,0,0,0,0,1,0,8,2,63,0,105,1,0,49,0,0,0,39,89,12,0,82,12,12,23,7,7,4,4,0,10
11001004702,0,22,3,23,4,0,0,0,0,0,0,0,0,0,2,32,10,0,0,0,1,0,0,3,3,10,0,0,0,0,0,0,0,0,0,0,2,0,59,0,3,0,0,1,0,0,0,1,2,15,2,0,0,0,2,0,6,0,0,1,2,0,1,5,0,0,0,0,0,171,0,0,4,0,0,0,0,27,4,2,5,0,1,6,0,0,3,0,0,0,0,0,2,456,430,0,0,76,2,0,0,0,0,0,1,11,0,1,7,0,0,14,168,19,49,0,0,22,0,0,55,0,0,0,0,0,0,0,0,2,2,0,4,1,19,0,123,0,0,39,0,0,0,15,52,5,0,16,17,13,20,10,13,0,1,0,3
11001004801,0,42,12,51,129,10,0,0,0,0,0,0,0,0,9,1024,16,1,0,11,53,1,1,1,15,28,0,0,0,0,0,0,0,1,1,0,0,2,38,0,0,2,0,0,0,3,0,0,1,38,5,1,2,0,17,0,6,0,1,12,4,0,1,45,0,0,2,0,0,451,0,0,9,1,0,0,5,331,26,0,7,1,0,314,0,8,2,0,0,8,0,0,27,887,180,1,0,139,30,45,1,0,3,4,73,200,1,2,155,0,0,23,327,16,213,0,0,380,0,0,95,2,0,0,0,10,0,0,1,2,2,0,5,1,231,1,156,9,4,41,1,0,0,34,99,115,11,414,54,40,47,26,37,6,2,4,48
11001004802,0,32,5,30,20,15,0,0,0,0,0,0,0,0,5,452,7,0,0,2,18,0,0,1,11,29,0,0,0,0,0,0,0,1,0,1,1,2,36,0,2,0,0,4,2,0,0,1,3,25,2,1,0,0,3,0,1,0,0,0,1,0,0,28,0,0,0,0,0,452,0,0,25,0,0,0,3,90,8,0,8,1,0,148,0,4,1,0,0,6,0,0,9,721,63,0,0,99,10,12,5,0,0,2,43,37,1,0,40,0,0,24,120,10,118,0,0,106,1,0,65,0,0,0,0,4,0,0,0,1,2,0,2,0,57,0,107,3,0,27,0,0,0,25,49,82,4,106,40,16,46,17,7,7,2,0,9
11001004901,0,36,7,25,88,17,0,1,0,0,0,0,0,0,5,567,1,0,0,6,29,0,2,7,12,15,0,0,0,0,0,0,0,0,0,0,0,2,41,0,3,0,0,4,0,1,0,0,0,18,5,0,0,0,4,0,2,0,0,15,3,0,1,28,0,0,0,0,0,293,0,0,19,1,0,0,2,216,9,1,7,0,0,196,0,2,3,0,0,4,0,0,27,676,57,1,0,77,11,51,0,0,0,6,71,195,2,1,118,0,0,25,177,11,143,0,0,164,0,0,59,1,0,0,0,1,0,0,0,6,1,0,4,1,86,0,111,8,3,32,0,0,0,25,61,126,20,376,59,17,45,32,23,2,0,1,46
11001004902,0,30,3,21,28,16,0,0,0,0,0,0,1,0,21,212,0,0,0,1,25,0,0,9,14,12,0,0,0,0,0,0,0,0,0,2,1,1,42,0,1,0,0,6,1,0,0,1,2,21,4,0,0,0,2,0,3,0,0,1,1,0,0,33,0,0,0,0,0,397,0,0,10,0,0,0,0,134,2,1,6,0,0,61,0,1,2,0,0,1,0,0,6,861,223,0,0,48,13,14,0,0,0,1,24,24,0,1,34,0,0,12,144,11,126,0,0,79,0,0,17,0,0,0,0,0,0,0,0,4,0,0,4,0,43,0,76,1,0,37,0,0,0,8,32,47,2,95,29,29,34,17,12,0,3,1,10
11001005001,1,25,4,27,47,6,1,1,0,0,0,1,0,0,12,578,1,0,0,9,34,1,0,2,11,18,0,1,0,0,0,0,0,1,0,0,0,0,18,1,1,0,1,1,0,0,0,0,2,12,0,0,0,0,5,0,1,0,0,5,2,0,0,27,0,0,0,0,0,481,0,0,6,0,0,0,2,257,8,0,5,0,0,100,0,1,3,1,0,5,0,0,22,655,346,1,1,95,18,29,9,0,0,3,65,97,0,2,92,0,0,32,188,19,120,0,0,194,0,0,85,2,0,0,0,1,0,0,0,4,3,0,4,1,119,0,146,6,1,28,0,0,0,27,68,87,12,195,43,44,45,20,24,1,0,1,31
11001005002,0,81,1,28,36,13,0,0,0,0,0,0,0,0,14,243,4,0,0,12,8,0,0,8,5,7,0,0,0,0,0,0,0,0,0,0,0,1,63,0,2,0,0,1,0,3,0,0,3,32,6,1,0,0,1,0,2,1,0,5,0,0,0,29,0,0,0,0,0,577,0,0,4,0,0,0,6,204,26,0,7,0,1,101,0,0,2,0,0,4,0,0,9,971,503,0,0,74,19,30,0,0,1,0,7,63,0,1,53,0,0,19,171,20,80,0,0,108,0,0,68,0,0,0,0,2,0,0,0,16,0,0,5,1,73,0,153,1,1,34,1,0,0,19,100,24,4,116,64,54,52,31,26,1,1,0,19
11001005201,0,83,3,29,63,53,1,1,0,0,0,0,0,0,21,463,11,0,0,16,24,0,0,5,40,20,0,0,0,0,0,0,0,0,0,1,0,0,71,0,3,0,0,2,3,0,3,0,6,27,5,2,0,0,11,0,23,0,0,3,10,0,0,49,0,0,1,0,0,912,0,3,7,0,0,7,4,345,23,0,7,0,2,162,0,2,1,0,0,12,0,0,19,1433,648,1,0,167,18,17,2,0,0,2,40,82,0,2,87,0,0,27,387,26,268,0,0,189,0,3,152,2,0,0,0,6,0,0,0,10,0,0,10,3,129,0,234,4,0,68,4,0,0,28,122,64,12,205,100,45,109,46,25,1,1,3,19
11001005301,0,64,3,24,39,36,0,0,0,0,0,0,0,0,4,349,0,0,0,18,24,0,1,4,22,5,0,0,0,0,0,0,0,1,0,2,0,1,51,0,4,1,0,6,0,1,1,0,2,28,3,0,0,0,3,0,3,0,0,10,13,0,1,35,0,0,0,0,0,1271,0,0,10,0,0,0,1,167,6,2,5,0,0,151,0,17,2,0,0,6,0,0,11,1144,808,0,0,95,7,14,6,0,0,7,48,87,0,0,84,0,0,20,433,28,112,0,0,136,0,0,150,1,0,0,0,7,0,0,0,9,1,0,6,2,97,0,165,2,0,26,0,0,0,14,41,74,10,120,114,58,72,44,6,0,0,2,6
11001005500,0,115,6,22,30,29,0,0,0,0,0,0,0,0,25,383,13,0,0,4,17,0,2,9,19,17,0,0,0,0,0,0,0,1,0,0,1,6,56,2,3,0,0,5,2,0,1,1,5,35,4,1,0,0,4,0,8,1,0,8,7,0,0,78,0,0,0,0,0,864,0,0,28,0,0,0,4,353,22,1,6,0,1,115,0,15,1,0,0,5,0,0,5,1734,7291,1,0,335,8,23,4,0,0,4,55,60,1,1,31,0,0,65,641,80,189,0,0,258,0,1,205,0,0,0,0,2,1,0,0,6,2,0,7,0,111,0,294,8,1,91,4,0,0,41,185,82,9,212,131,108,101,50,8,1,0,0,17
11001005600,0,32,1,15,35,5,0,0,0,0,0,0,0,0,4,311,4,0,0,3,5,0,0,1,10,8,0,0,0,0,0,0,0,0,0,0,0,1,62,0,10,0,0,3,1,1,1,1,2,16,2,0,0,0,1,0,2,0,1,5,2,0,0,17,0,0,0,0,0,293,0,0,4,0,1,0,0,136,21,1,2,0,0,146,0,3,0,0,0,7,1,0,10,802,1914,2,0,255,4,18,10,0,0,3,52,15,0,2,28,0,0,30,306,26,153,0,0,225,0,0,76,3,0,0,0,0,1,0,0,1,1,0,0,3,75,0,105,3,1,26,0,0,0,33,96,79,11,96,44,31,48,15,12,3,2,1,11
11001005800,0,109,4,30,21,19,1,1,0,0,0,0,7,0,44,16,19,0,0,1,8,0,2,9,19,26,0,0,0,0,1,0,0,0,2,2,0,1,48,0,0,0,0,1,0,1,0,1,1,13,4,2,0,1,5,0,41,2,3,4,3,0,9,20,1,0,0,0,0,1408,0,0,29,0,0,0,3,145,4,0,28,3,2,31,0,15,8,0,0,1,0,0,5,2252,9434,2,0,383,7,8,0,1,0,0,1,6,0,1,44,0,0,85,688,72,155,0,0,102,0,4,510,0,1,1,1,0,1,0,1,2,0,0,11,0,42,0,426,0,0,147,4,6,0,78,291,0,0,13,137,68,60,47,28,0,0,2,1
11001005900,0,31,7,31,7,2,0,0,0,0,0,0,2,0,18,13,5,0,0,0,3,0,1,10,2,5,0,0,0,0,0,0,0,14,0,92,1,8,48,7,6,17,0,12,4,21,28,0,2,19,55,2,0,0,1,0,3,0,0,3,0,0,0,18,0,0,0,0,0,311,0,0,16,0,0,0,0,33,1,14,27,0,0,31,0,3,1,0,0,1,0,0,3,674,2304,0,0,271,0,1,0,0,0,0,0,3,0,0,13,0,0,39,403,55,49,0,0,41,0,0,133,0,0,0,0,1,0,0,0,1,0,1,5,2,29,0,174,0,0,76,1,2,0,33,134,0,0,1,73,58,58,9,15,0,1,0,1
11001006202,0,44,5,31,40,7,4,0,0,0,0,0,0,0,14,79,16,0,0,1,2,0,1,8,4,2,0,0,0,0,3,0,0,0,1,5,0,0,8,0,0,1,0,1,1,1,0,0,0,21,0,0,5,0,0,0,5,0,0,3,1,0,0,48,0,0,0,0,0,461,0,0,13,0,0,0,3,109,2,4,21,1,1,31,0,33,3,0,0,2,0,0,8,1580,4521,0,0,641,4,11,0,1,6,0,2,5,2,0,12,0,0,46,613,64,54,0,0,40,0,0,49,0,0,0,0,0,2,0,0,0,0,0,5,7,50,0,241,0,0,72,31,1,0,77,454,3,0,22,58,24,21,17,14,0,1,0,1
11001006400,1,8,8,77,28,10,0,0,0,0,0,0,0,0,4,296,5,0,0,8,11,0,1,6,6,4,0,0,0,0,0,0,0,0,0,1,0,1,55,0,2,0,1,3,2,0,1,0,2,13,3,0,0,0,3,0,0,0,0,2,1,0,0,25,0,0,1,0,0,183,0,0,13,0,0,0,0,19,8,0,10,0,0,37,1,1,2,0,0,5,0,0,65,714,27,0,0,65,2,4,0,0,0,2,20,32,0,2,985,0,0,10,104,20,22,0,0,86,0,0,44,2,0,0,0,0,0,0,0,3,2,0,1,4,65,0,74,2,0,24,0,0,0,18,58,40,3,71,43,13,21,7,0,7,0,0,10
11001006500,0,14,0,31,37,12,0,0,0,0,0,0,0,0,6,968,0,0,0,27,19,1,1,8,18,6,0,0,0,0,0,0,0,0,0,2,0,2,29,1,2,1,0,1,1,0,0,0,0,18,1,0,0,0,3,0,4,0,0,4,6,0,3,48,1,0,1,0,0,549,0,0,10,0,0,0,0,55,6,2,12,0,0,94,0,22,2,0,0,37,0,0,30,871,877,0,0,101,4,7,0,0,0,5,43,95,3,1,155,0,0,14,292,10,148,1,0,143,0,0,95,1,0,0,0,0,0,0,0,3,2,0,2,0,48,0,286,5,2,19,0,0,0,16,80,71,7,237,88,41,91,37,2,1,1,0,20
11001006600,0,15,2,45,38,22,0,0,0,0,0,0,0,0,9,733,2,0,0,14,26,0,1,1,8,9,0,0,0,0,0,0,0,0,0,0,0,0,38,0,2,1,0,3,1,0,1,0,0,29,2,0,0,0,1,0,3,0,0,5,1,0,2,37,0,0,0,0,0,464,0,0,9,0,0,0,2,25,1,0,6,0,0,65,0,10,0,0,0,16,1,0,16,690,1072,0,0,67,4,1,0,0,0,9,44,137,0,2,188,0,0,9,163,4,58,0,0,181,0,1,72,4,0,0,0,0,0,0,0,2,2,0,1,0,41,0,125,3,0,18,0,0,0,9,38,49,4,268,81,22,52,30,4,0,0,0,58
11001006700,0,9,17,93,97,35,0,0,0,0,0,0,0,0,8,1678,4,0,0,16,44,0,0,8,17,39,0,0,0,0,0,0,0,0,0,0,1,1,51,0,1,0,0,5,3,0,0,0,7,32,7,0,1,0,4,0,0,0,1,1,2,0,0,41,0,0,0,0,0,668,0,0,2,0,0,0,6,36,17,0,5,0,1,123,0,5,4,0,0,22,1,0,53,852,102,2,0,119,9,11,0,0,0,6,89,204,2,4,171,0,0,32,222,26,133,0,0,139,0,1,102,8,0,0,0,8,0,0,0,6,12,0,2,0,75,0,331,12,5,23,2,0,0,30,78,104,6,489,133,33,111,37,10,1,2,1,102
11001006801,0,2,16,79,91,23,0,0,0,0,0,0,0,0,2,960,3,0,0,14,47,0,0,6,21,49,1,0,0,0,0,0,0,0,0,2,0,0,38,0,4,0,0,4,1,0,0,0,1,38,2,0,0,0,3,0,6,0,0,1,1,0,0,12,0,0,0,0,0,254,0,0,6,0,0,0,5,9,20,0,12,2,0,128,0,2,9,0,1,7,0,0,17,418,278,0,0,57,6,4,3,0,1,10,53,151,2,1,158,0,0,20,134,30,43,0,0,118,0,0,37,2,0,0,0,3,0,0,0,2,13,0,3,1,39,0,119,68,16,17,0,0,0,22,16,26,18,146,65,19,31,32,12,4,2,3,59
11001006802,0,8,15,73,116,18,0,0,0,0,0,0,0,0,2,1076,7,0,0,13,40,0,0,3,13,16,0,0,0,0,0,0,0,0,0,2,0,0,37,0,5,1,0,3,1,0,0,0,5,30,4,0,0,0,11,0,2,0,0,3,6,0,0,43,0,0,0,0,0,311,0,0,16,0,0,0,11,23,27,0,2,0,0,146,0,2,6,0,0,13,0,0,80,365,67,2,0,60,6,11,0,1,0,5,36,91,0,6,200,0,0,30,169,19,56,0,0,143,0,0,53,12,0,0,0,1,0,0,0,2,15,0,2,3,35,0,117,47,9,19,0,0,0,20,28,44,10,206,72,31,49,37,7,4,2,2,60
11001006804,0,3,4,16,1,0,0,0,0,0,0,0,0,0,7,40,5,0,0,0,1,0,0,0,1,0,0,0,0,0,0,0,0,0,0,0,0,0,22,0,0,0,0,0,0,0,0,0,0,3,0,0,0,0,3,0,2,0,0,0,0,0,0,12,1,0,0,0,0,25,0,0,13,0,0,0,0,7,26,0,4,1,0,20,0,5,0,0,0,0,0,0,4,151,1,0,0,75,1,15,0,0,0,0,2,0,0,0,22,0,0,18,78,3,3,0,0,22,0,0,5,0,0,0,0,0,0,0,0,0,1,0,4,2,23,1,37,0,0,27,0,0,0,10,25,0,0,1,17,3,8,6,2,1,0,0,2
11001006900,0,8,2,46,78,23,0,0,0,0,0,0,0,0,3,1059,3,0,0,17,41,0,0,3,9,12,0,0,0,0,0,0,0,0,0,2,0,2,33,0,1,0,0,7,0,0,1,1,1,24,2,0,0,0,7,0,2,0,0,3,2,0,0,40,0,0,0,0,0,446,0,0,12,1,0,0,5,19,41,0,5,0,0,126,0,6,3,0,0,13,0,0,54,684,138,1,0,75,2,11,0,0,1,8,53,195,1,5,689,0,0,22,175,11,80,0,0,106,1,0,90,8,0,0,0,0,1,0,0,5,8,0,3,0,37,2,251,14,1,25,0,0,0,17,30,74,5,455,116,33,85,45,10,0,2,5,48
11001007000,0,13,1,40,44,30,0,0,0,0,0,0,0,0,11,949,2,0,0,16,27,0,0,2,19,14,0,0,0,0,0,0,0,0,0,0,0,0,35,0,1,0,0,2,1,0,0,1,2,33,1,0,0,0,11,0,2,0,0,3,16,0,0,43,0,0,0,0,0,534,0,0,49,0,0,1,5,91,17,0,17,0,1,75,0,8,11,0,0,5,0,0,13,917,708,3,0,119,4,15,2,0,0,5,52,146,1,1,123,0,0,25,269,23,56,0,0,86,0,0,85,6,0,0,0,0,1,0,0,1,3,0,2,0,45,0,302,5,1,31,0,0,0,13,68,76,5,394,88,56,74,52,14,1,6,1,34
11001007100,0,17,5,116,41,6,0,0,0,0,0,0,0,0,32,696,6,0,0,5,22,0,0,3,13,21,0,0,0,0,0,0,0,0,0,3,1,0,59,0,3,0,0,5,1,0,1,0,1,38,6,0,2,0,8,0,9,0,1,6,8,0,2,48,0,0,0,0,0,351,0,0,15,0,1,0,8,23,54,0,15,2,0,156,1,9,2,0,0,15,0,0,87,697,218,2,0,101,15,8,1,0,1,2,35,132,0,7,180,0,0,46,152,34,66,0,0,113,0,2,70,3,0,0,0,1,0,0,0,3,4,0,6,2,107,0,176,7,1,28,0,0,0,48,136,70,5,368,69,17,53,7,14,4,10,2,60
11001007200,0,26,3,56,48,12,0,0,0,0,0,0,0,0,33,476,5,1,0,8,6,1,1,18,80,2,0,0,0,0,0,0,0,3,0,3,2,2,81,0,5,3,0,5,3,1,1,1,1,59,6,0,0,0,9,0,2,1,1,8,24,0,0,19,0,0,1,0,0,623,0,0,18,0,0,0,0,52,29,0,36,2,0,36,0,2,3,0,0,0,0,0,19,3097,1416,3,0,125,8,6,0,0,0,1,38,81,1,4,87,0,0,33,298,81,34,0,0,52,0,0,60,0,0,0,0,0,0,0,0,3,0,0,3,3,43,0,201,3,0,68,1,1,0,54,143,38,1,196,33,42,28,16,7,4,2,0,7
11001007301,0,0,1,5,0,0,0,0,0,0,0,0,0,0,0,5,0,0,0,0,0,0,0,0,0,0,0,0,0,0,0,0,0,0,0,0,0,0,10,1,0,0,0,2,0,0,0,1,1,9,2,0,0,0,0,0,0,0,0,1,0,0,0,7,0,0,0,0,0,1,0,0,0,0,0,0,1,0,4,0,0,1,0,2,0,1,0,0,0,0,0,0,0,10,0,0,0,164,0,0,0,0,0,0,0,0,0,0,0,0,0,9,3,13,0,0,0,0,0,0,0,0,0,0,0,0,0,0,0,0,0,0,0,0,4,0,11,0,0,3,0,0,0,1,22,0,0,0,2,0,1,1,2,0,0,0,0
11001007304,0,3,54,197,70,5,0,0,0,0,0,0,0,0,2,868,2,2,0,5,34,0,1,5,1,24,0,0,0,0,0,0,0,0,0,2,1,2,96,0,2,0,0,2,1,3,2,1,3,28,2,0,0,0,1,0,0,0,0,7,4,0,0,54,0,0,0,0,0,39,0,0,17,0,1,0,5,13,47,0,4,0,0,146,1,9,11,0,0,8,0,0,32,309,0,0,0,116,18,13,1,0,0,3,44,51,0,3,286,0,0,25,146,10,102,0,0,212,0,0,33,19,0,0,0,0,1,0,0,2,8,0,13,5,108,0,138,49,13,47,0,0,0,24,25,26,22,98,63,22,64,32,7,3,5,1,24
11001007401,0,6,19,152,22,3,0,0,0,0,0,0,0,0,2,189,5,1,0,1,6,0,0,6,3,10,0,0,0,0,0,0,0,0,1,0,0,1,27,1,3,0,0,1,2,1,0,0,1,16,6,0,0,0,1,0,0,1,0,1,0,0,0,83,0,0,0,0,0,39,0,0,13,0,0,0,0,14,27,0,25,0,0,76,0,61,1,0,0,1,0,0,11,644,3,2,0,306,6,19,1,0,0,0,6,17,0,0,31,0,0,25,152,12,18,0,0,86,1,0,33,0,0,0,0,5,0,0,0,0,1,0,25,6,84,0,65,8,0,27,0,0,0,24,83,7,3,56,35,37,15,11,3,8,7,3,0
11001007403,0,0,7,148,29,1,0,0,0,0,0,0,0,0,1,288,8,0,0,6,17,0,0,9,0,11,0,0,0,0,0,0,0,0,0,0,1,1,73,1,1,0,0,2,0,0,0,0,0,26,8,0,0,0,0,0,0,0,0,1,1,0,0,24,0,0,0,0,0,27,0,0,10,0,0,0,7,2,10,0,6,0,0,50,0,0,0,0,0,4,0,0,33,92,0,0,0,110,3,2,0,0,0,2,5,16,0,1,11,0,0,25,22,5,14,0,0,38,0,0,11,6,0,0,0,0,0,0,0,0,5,0,8,1,22,0,60,22,0,21,0,0,0,10,14,9,1,63,31,0,13,6,3,3,4,2,1
11001007404,0,1,26,161,71,3,0,0,0,0,0,0,0,0,2,1431,17,0,0,2,31,0,2,10,3,12,0,0,0,0,0,0,0,0,0,2,0,1,84,0,6,0,0,3,2,2,1,0,2,30,8,0,0,0,0,0,0,0,0,2,0,0,0,43,0,0,0,0,0,16,0,0,8,0,0,0,14,6,21,0,4,0,0,121,0,5,5,0,0,2,0,0,59,269,2,2,0,79,0,1,0,0,0,7,40,32,0,1,14,0,0,25,78,10,29,0,0,120,0,0,12,0,0,0,0,4,0,0,0,1,1,0,8,0,61,0,82,46,5,21,0,0,0,23,47,35,6,126,34,4,23,16,4,4,6,0,10
11001007406,0,3,11,92,3,1,0,0,0,0,0,0,0,0,1,60,1,0,0,0,2,0,0,2,0,2,0,0,0,0,0,0,0,0,0,1,0,1,69,1,2,0,1,3,1,0,1,0,2,10,3,0,0,0,0,0,0,0,0,0,0,0,0,22,0,0,1,0,0,9,0,0,10,0,0,0,1,1,18,0,1,0,0,26,0,0,2,0,0,0,0,0,3,248,0,0,0,15,1,5,0,0,0,0,5,2,0,3,3,0,0,12,28,5,2,0,0,28,0,0,7,1,0,0,0,0,0,0,0,1,2,0,9,2,18,0,14,13,2,17,0,0,0,8,1,3,0,7,8,1,7,2,2,2,2,0,3
11001007407,0,2,26,274,95,13,0,0,0,0,0,0,0,0,1,1179,7,0,0,6,28,1,0,7,10,41,0,0,0,0,0,0,0,1,0,0,0,2,83,0,5,0,0,4,0,0,0,0,2,41,7,0,0,0,5,0,0,0,0,3,2,1,0,73,0,0,0,0,0,68,0,0,7,0,0,0,29,25,47,0,4,2,0,256,3,27,4,0,0,5,0,0,73,466,1,0,0,131,18,22,0,0,1,5,34,42,1,0,176,0,0,34,189,7,46,0,0,265,4,0,32,4,0,0,0,0,0,0,0,4,9,0,17,3,176,0,142,73,11,37,0,0,0,36,27,24,19,168,87,22,65,39,8,18,15,5,41
11001007408,0,1,26,155,38,6,0,0,0,0,0,0,0,0,1,231,1,0,0,0,6,0,0,2,3,16,0,0,0,0,0,0,0,0,0,2,0,1,61,1,6,0,0,2,1,2,2,0,0,15,6,0,0,0,0,0,0,0,0,0,0,0,0,31,0,0,1,0,0,29,0,0,13,0,0,0,3,6,9,0,1,0,0,87,0,5,0,0,0,5,0,0,54,263,0,0,0,63,1,14,0,0,0,3,4,16,0,1,55,0,0,24,27,2,3,0,0,70,0,0,8,1,0,0,0,1,0,0,0,1,1,0,2,1,50,0,55,7,3,22,0,0,0,19,7,2,3,26,22,2,19,5,1,3,3,0,12
11001007409,0,2,8,191,31,6,0,0,0,0,0,0,0,0,0,849,6,0,0,7,15,0,0,4,1,8,0,0,0,0,0,0,0,0,0,2,0,1,86,0,8,1,1,0,1,3,0,0,3,26,4,0,1,0,1,0,0,0,1,2,3,1,0,15,0,0,0,0,0,33,0,0,9,0,0,0,17,4,10,0,1,0,0,51,0,0,6,0,0,9,0,0,117,201,2,4,0,83,3,13,0,0,0,2,25,21,1,0,26,0,0,24,51,6,14,0,0,119,1,1,24,3,0,0,0,5,0,0,0,1,9,0,8,7,65,0,79,41,9,24,0,0,0,15,3,13,7,141,47,3,20,14,6,0,0,2,36
11001007502,0,10,28,237,62,3,0,0,0,0,0,0,0,0,0,671,16,0,0,1,23,0,0,3,0,25,0,0,0,0,0,0,0,0,0,3,2,0,92,0,5,0,0,3,0,1,2,1,3,19,11,0,1,0,4,0,0,0,0,1,0,0,0,38,0,0,1,0,0,38,0,0,17,0,0,0,6,6,20,0,5,0,0,82,0,1,5,0,0,5,1,0,35,361,2,2,0,96,5,4,0,0,0,1,18,29,0,1,57,1,0,36,67,14,12,0,0,121,1,0,43,6,0,0,0,1,1,0,1,0,4,0,15,3,95,0,110,24,7,41,0,0,0,24,21,9,4,65,69,13,32,25,5,5,13,2,10
11001007503,0,6,41,248,136,8,0,0,0,0,0,0,0,0,3,829,4,0,0,3,25,0,0,10,7,56,0,0,0,0,0,0,0,0,0,0,2,3,90,0,2,0,0,6,2,1,1,0,5,17,4,0,0,0,4,0,0,0,0,1,2,0,0,35,0,0,1,0,0,139,0,0,32,0,0,0,7,28,43,2,2,0,0,173,0,2,5,0,0,4,0,0,34,710,4,0,0,151,23,10,0,0,0,0,29,24,0,6,350,0,0,40,244,20,63,1,0,229,2,0,91,2,0,0,0,4,0,0,0,11,6,0,18,8,107,0,117,54,6,43,0,0,1,45,32,25,12,230,55,33,39,29,6,12,29,7,28
11001007504,0,5,44,231,104,3,0,0,0,0,0,0,0,0,3,511,7,0,0,4,17,0,0,5,4,19,0,0,0,0,0,0,0,0,0,1,0,1,69,0,3,0,0,2,2,1,1,0,3,22,1,0,0,0,2,0,0,0,0,1,0,0,0,37,0,0,2,0,0,51,0,0,18,0,0,0,4,19,18,0,1,1,0,166,0,0,2,0,0,8,0,0,39,920,1,0,0,74,10,11,1,0,0,2,22,34,1,2,43,0,0,20,89,13,39,0,0,138,0,0,33,3,0,0,0,2,0,0,0,0,4,0,35,9,114,0,89,47,11,34,0,0,0,19,8,15,9,120,40,15,16,18,7,15,15,3,14
11001007601,0,21,136,566,434,30,0,0,0,0,0,0,0,0,6,2204,14,0,0,6,72,0,1,14,22,74,0,0,0,0,0,0,0,0,0,6,1,2,85,1,10,3,0,8,2,2,1,0,7,45,11,0,1,0,5,0,0,0,1,12,8,0,1,111,0,0,3,0,0,120,0,0,22,0,2,0,43,27,79,2,11,2,0,471,2,1,10,0,0,21,0,0,336,818,15,5,0,192,24,16,5,0,0,7,50,108,0,10,393,0,0,43,380,29,448,0,0,681,1,0,98,26,0,0,0,0,1,0,0,2,35,0,16,6,254,0,299,84,27,59,0,0,0,72,51,64,18,284,190,55,134,97,24,34,25,7,93
11001007603,0,5,44,320,56,17,0,0,0,0,0,0,0,0,2,1049,7,0,0,6,32,0,0,7,5,14,0,0,0,0,0,0,0,0,0,4,1,2,72,0,9,1,0,4,6,5,0,2,2,44,7,0,0,0,2,0,0,0,0,0,2,0,0,50,2,0,0,0,0,106,0,0,12,0,0,0,31,4,27,0,12,0,0,86,2,15,3,0,0,18,0,0,355,608,1,1,0,138,20,10,0,0,0,9,30,50,0,1,326,0,0,65,154,23,16,0,0,115,0,0,125,17,0,0,0,0,1,0,0,3,11,0,17,11,86,0,269,48,7,55,0,0,0,36,27,22,8,141,156,25,108,55,11,3,4,4,186
11001007604,0,3,32,259,142,32,0,0,0,0,0,0,0,0,2,1299,18,0,0,9,30,0,0,8,2,28,0,0,0,0,0,0,0,0,0,0,0,3,75,0,5,0,1,3,3,0,1,1,6,31,3,0,0,0,1,0,0,0,0,2,2,0,0,73,0,0,4,0,0,65,0,0,12,0,0,0,18,5,62,0,8,0,0,210,0,3,15,0,0,40,0,0,112,507,7,1,0,240,9,2,0,0,0,5,41,128,0,0,467,0,0,60,143,18,17,0,0,274,1,0,43,21,0,0,0,2,2,0,0,4,22,0,9,6,148,0,248,56,23,44,0,0,0,45,81,30,13,264,162,16,96,67,9,10,10,2,118
11001007605,0,4,30,225,111,9,0,0,0,0,0,0,0,0,3,944,5,0,0,8,27,0,1,9,1,12,0,0,0,0,0,0,0,0,0,0,1,2,71,1,7,0,1,6,1,1,1,0,3,43,6,0,0,0,1,0,1,0,0,1,1,0,0,63,0,0,0,0,0,63,0,0,7,1,0,0,17,13,30,0,1,0,1,102,1,2,2,0,0,3,0,0,60,435,19,4,0,61,10,9,0,0,0,2,19,29,0,3,94,0,0,20,86,4,55,0,0,198,0,0,22,12,0,0,0,0,0,0,0,0,9,0,15,20,80,0,116,34,13,52,0,0,0,18,5,31,18,99,102,20,51,31,6,1,6,4,35
11001007703,0,2,58,264,71,9,0,0,0,0,0,0,0,0,0,886,6,0,0,4,22,1,1,6,3,42,0,0,0,0,0,0,0,2,0,32,1,1,93,1,6,0,0,6,5,2,0,1,1,44,9,1,0,0,2,0,0,0,0,2,0,0,0,54,0,0,0,0,0,78,0,0,15,0,0,0,24,2,20,0,4,2,0,107,0,7,3,0,0,11,0,0,154,720,0,4,0,148,10,16,0,0,0,3,14,98,0,4,75,0,0,29,155,12,26,0,0,182,0,0,42,9,0,0,0,1,0,0,0,1,20,0,23,5,99,0,148,30,8,65,0,0,0,42,15,9,7,178,70,5,35,38,5,8,4,7,23
11001007707,0,6,54,292,287,33,0,0,0,0,0,0,0,0,3,1814,6,0,0,6,47,1,0,8,5,30,0,0,0,0,0,0,0,0,0,2,0,0,52,1,2,0,1,3,1,0,0,0,2,28,5,0,1,0,2,0,0,0,0,4,2,0,0,51,0,0,0,0,0,91,0,0,12,0,0,0,43,8,49,0,2,1,0,237,0,15,6,0,0,20,0,0,141,648,0,6,0,149,13,9,1,0,0,5,41,90,1,5,42,0,0,29,117,9,76,0,0,263,1,0,82,27,0,0,0,5,0,0,0,0,39,0,45,8,171,0,251,109,18,47,0,0,0,21,14,52,19,264,160,12,104,57,7,4,10,1,104
11001007708,0,5,37,180,137,5,0,0,0,0,0,0,0,0,1,518,2,0,0,3,6,0,2,3,1,30,0,0,0,0,0,0,0,0,0,3,2,2,48,0,7,0,0,1,0,0,0,0,2,13,5,0,0,0,0,0,0,0,0,3,1,0,0,36,0,0,0,0,0,32,0,0,4,0,0,0,9,3,35,0,2,0,0,150,0,4,7,0,0,3,0,0,62,294,1,1,0,59,3,3,0,0,0,1,15,77,1,1,37,0,0,8,70,0,11,0,0,173,0,0,41,6,0,0,0,1,0,0,0,1,14,0,3,0,85,0,78,33,0,31,0,0,0,12,4,20,4,75,52,11,56,30,2,2,4,4,20
11001007709,0,6,30,170,105,10,0,0,0,0,0,0,0,0,1,628,1,0,0,3,16,0,0,8,2,27,1,0,0,0,0,0,0,0,0,1,1,1,37,0,5,1,0,4,0,2,0,0,2,22,0,0,0,0,1,0,0,0,0,3,2,0,0,38,0,0,2,0,0,68,0,0,17,0,0,0,16,15,28,0,1,0,1,158,1,9,7,0,0,8,0,0,59,250,1,1,0,110,9,4,0,0,0,1,14,33,0,1,65,0,0,6,193,0,21,0,0,230,2,0,27,13,0,0,0,0,0,0,0,2,14,0,3,0,135,0,192,38,8,24,0,0,0,15,12,26,5,100,84,81,70,20,3,4,1,3,36
11001007803,0,20,47,248,366,12,0,0,0,0,0,0,0,0,1,1796,5,0,0,6,44,0,1,17,8,92,0,0,0,0,0,0,0,0,0,5,1,0,91,0,10,1,0,6,0,1,4,0,5,27,3,2,0,0,2,0,0,0,0,0,4,0,0,68,0,1,0,0,0,100,0,0,11,0,0,0,31,34,91,0,5,0,0,260,2,4,22,0,0,11,2,0,259,1247,34,3,0,146,17,23,0,0,0,1,29,106,0,3,659,0,0,41,160,10,28,0,0,364,0,0,71,17,0,0,0,10,1,0,0,4,26,0,16,4,159,1,299,86,18,61,0,0,0,39,25,44,17,421,132,32,62,50,8,18,41,6,103
11001007804,0,13,25,154,153,18,0,0,0,0,0,0,0,0,2,1248,19,0,0,2,20,0,2,6,3,56,0,0,0,0,0,0,0,1,0,3,2,4,66,0,4,0,0,5,1,1,1,0,0,23,8,1,0,0,3,0,1,0,0,0,6,0,0,82,0,0,2,0,0,72,0,0,22,0,0,0,25,25,72,0,1,0,0,125,3,4,5,0,0,13,0,0,48,267,0,1,0,136,12,15,1,0,0,3,26,110,0,0,59,0,0,14,139,8,42,0,0,157,0,0,55,19,0,0,0,5,1,0,0,1,15,0,17,4,75,0,224,54,10,37,0,0,0,16,5,27,17,175,88,20,65,28,7,8,28,4,47
11001007806,0,5,55,201,239,14,0,0,0,0,0,0,0,0,0,945,6,0,0,7,22,0,3,3,10,71,0,0,0,0,0,0,0,1,0,0,0,0,49,0,5,0,0,1,1,0,0,1,2,17,5,0,0,0,0,0,0,0,0,6,2,0,0,43,0,0,0,0,0,71,0,0,13,0,0,0,20,20,53,0,0,0,0,239,0,105,2,0,0,7,0,0,68,249,1,1,0,67,9,29,1,0,0,6,35,48,0,3,193,0,0,23,106,4,65,0,0,273,0,0,20,7,0,0,0,0,0,0,0,2,11,0,6,0,135,0,169,49,13,25,0,0,0,19,4,31,7,214,69,25,37,18,3,54,60,3,31
11001007807,0,4,45,177,123,8,0,0,0,0,0,0,0,0,1,1084,8,0,0,11,23,1,1,3,0,37,0,0,0,0,0,0,0,0,0,1,0,1,55,0,3,0,0,1,2,1,2,0,2,18,5,0,0,0,2,0,0,0,0,2,0,0,0,38,0,0,0,0,0,40,0,0,18,0,0,0,10,34,90,0,2,1,0,178,0,18,6,0,0,22,0,0,78,309,0,0,0,72,12,13,0,0,0,0,29,172,0,1,21,0,0,12,89,0,31,0,0,165,0,0,21,5,0,0,0,2,0,0,0,0,8,0,11,1,152,0,117,51,9,23,0,0,0,12,17,25,12,234,56,10,37,31,6,43,46,3,29
11001007808,0,10,46,246,224,9,0,0,0,0,0,0,0,0,1,1750,0,0,0,8,33,0,4,10,3,45,0,0,0,0,1,0,0,0,0,0,1,5,71,0,9,1,0,4,4,1,0,1,1,20,7,0,0,0,2,0,0,0,0,2,5,0,0,66,0,0,2,0,0,82,0,0,33,1,0,0,28,20,90,0,2,0,0,266,0,24,8,0,0,15,0,0,286,500,0,4,0,153,9,12,0,0,0,6,54,125,0,4,45,1,0,24,125,3,37,0,0,298,1,0,37,11,0,0,0,15,0,0,0,0,23,0,18,5,185,0,214,89,22,38,0,0,0,26,9,70,18,340,94,10,63,35,6,30,62,11,57
11001007809,0,4,47,264,304,17,0,0,0,0,0,0,0,0,0,1617,5,0,0,6,25,0,1,9,9,86,0,0,0,0,0,0,0,1,0,1,1,3,63,2,7,0,0,6,1,1,2,0,2,22,6,0,0,0,0,0,0,0,0,4,5,0,0,61,0,0,1,0,0,37,0,0,5,1,0,0,27,28,61,0,1,0,0,272,0,27,19,0,1,9,0,0,190,611,0,3,0,48,10,23,0,0,0,4,52,139,0,4,169,0,0,11,149,5,55,0,0,359,0,0,38,15,0,0,0,1,1,0,0,0,16,0,21,0,165,0,264,75,11,29,0,0,0,16,12,42,9,257,72,29,88,33,6,20,20,6,55
11001007901,0,7,76,205,399,22,0,0,0,0,0,0,0,0,12,1408,1,0,0,11,58,0,2,11,10,21,0,0,0,0,0,0,0,0,0,6,0,2,77,1,5,0,0,5,0,1,0,0,3,36,13,2,0,0,3,0,3,0,0,8,6,0,0,61,0,0,0,0,0,324,0,0,11,0,0,0,8,31,60,0,16,1,0,489,0,11,2,1,0,15,0,0,200,675,88,1,0,95,23,16,2,0,0,15,109,100,0,4,365,0,0,51,207,11,174,0,0,406,0,1,77,6,0,0,0,5,1,0,0,4,6,0,4,2,158,0,180,46,4,40,0,0,0,23,64,136,12,307,94,23,75,38,11,26,39,1,31
11001007903,0,6,32,136,187,17,0,0,0,0,0,0,0,0,4,1189,3,0,0,9,75,0,0,8,38,51,0,0,0,0,0,0,0,1,0,0,1,0,27,0,5,0,0,3,0,0,0,0,0,17,2,0,0,0,3,0,2,0,0,5,0,0,0,49,0,0,1,0,0,119,0,0,10,0,0,3,28,14,30,0,4,0,1,169,0,3,5,0,0,16,0,0,344,455,45,2,0,77,10,19,2,0,0,7,52,129,1,4,1495,0,0,26,116,16,129,0,0,269,0,0,66,7,0,0,0,0,0,0,0,0,10,0,8,1,78,1,122,74,11,17,0,0,0,22,45,48,14,208,61,15,44,25,5,3,4,2,42
11001008001,0,11,4,62,225,33,0,0,0,0,0,0,0,0,1,1587,0,1,0,20,34,0,0,12,15,12,0,0,0,0,0,0,0,0,0,0,0,1,42,0,2,0,0,8,0,0,0,1,6,32,5,0,1,0,4,0,4,0,0,10,1,0,0,27,0,0,1,0,0,366,0,0,3,0,0,0,18,9,26,0,6,3,0,264,0,1,4,0,0,10,1,0,137,655,59,1,0,66,7,19,1,0,0,8,97,148,1,0,393,0,0,10,208,2,111,0,0,177,0,0,45,11,0,0,0,7,1,0,0,1,8,0,3,1,88,0,250,9,4,29,0,0,0,19,16,167,7,517,118,18,56,43,11,3,0,1,56
11001008002,0,8,25,140,192,72,0,0,0,0,0,0,0,0,4,1360,5,0,0,21,27,0,1,4,15,28,0,0,0,0,1,0,0,0,0,3,0,1,42,1,6,0,0,3,2,1,1,0,2,31,6,0,0,0,8,0,1,0,0,3,5,0,0,56,0,0,2,0,1,441,0,0,1,0,0,0,6,26,62,0,4,0,0,268,0,5,4,0,0,24,0,0,104,742,83,2,0,124,21,126,2,0,1,9,66,188,0,1,227,0,0,36,156,28,128,0,0,259,0,0,86,6,0,0,0,12,1,0,0,1,5,0,10,1,155,0,213,32,3,37,0,0,0,32,93,92,15,306,122,19,60,44,7,3,6,2,66
11001008100,0,8,0,50,65,17,0,0,0,0,0,0,0,0,9,1202,0,0,0,21,36,0,1,6,16,23,0,0,0,0,0,0,0,1,0,2,1,0,22,1,3,0,0,5,2,1,0,1,0,29,2,0,0,0,4,0,1,0,0,3,0,0,0,20,0,0,0,0,0,538,0,0,9,0,0,0,6,38,6,0,3,0,1,131,0,2,3,0,0,12,0,0,42,835,75,2,0,70,2,17,6,0,0,10,57,150,0,2,71,0,0,9,109,22,77,0,0,110,0,0,74,9,0,0,0,5,0,0,0,3,12,0,2,0,62,0,198,3,2,25,0,0,0,22,78,84,2,354,85,21,62,34,6,6,2,0,74
11001008200,0,15,0,24,31,23,0,0,0,0,0,0,0,0,3,839,0,0,0,17,33,0,1,2,10,8,0,0,0,0,0,0,0,0,0,6,1,0,24,0,2,1,0,4,0,0,0,0,1,19,2,1,0,0,1,0,14,0,0,2,1,0,0,25,0,0,0,0,0,546,0,0,7,0,0,0,0,12,7,0,5,0,0,63,0,4,1,0,0,11,1,0,208,749,329,0,0,130,1,2,0,0,0,4,39,99,0,1,409,0,0,18,172,21,104,0,0,98,0,0,92,3,0,0,0,0,0,0,0,1,4,0,1,0,33,0,132,2,3,21,0,2,0,17,56,72,1,297,96,20,50,29,11,0,0,0,98
11001008301,0,9,4,32,95,23,0,0,0,0,0,0,0,0,13,1254,1,0,0,26,39,0,0,3,14,15,0,0,0,0,0,0,0,0,0,2,0,0,36,0,6,0,0,6,2,0,0,0,2,27,5,0,1,0,1,0,5,1,0,4,1,0,0,37,0,0,1,0,0,458,0,0,7,0,0,0,6,37,6,0,6,0,0,153,0,6,1,0,0,15,0,0,112,1202,247,0,0,105,3,8,2,0,0,3,54,146,1,1,1903,0,0,23,214,17,123,0,0,186,1,0,78,6,0,0,0,0,0,0,0,5,4,0,3,4,49,1,146,2,3,19,0,0,0,18,45,99,13,414,94,46,78,60,8,0,0,1,103
11001008302,1,14,1,36,63,22,0,0,0,0,0,0,0,0,1,1136,9,0,0,20,48,0,0,8,17,12,0,0,0,0,0,0,0,0,0,1,0,0,28,0,0,0,0,4,0,0,1,0,1,17,3,0,0,0,7,0,0,0,0,4,5,0,0,23,0,0,1,0,0,404,0,0,5,0,0,0,10,22,8,0,3,0,0,163,0,1,1,0,0,21,0,0,9,633,469,0,0,79,4,18,1,0,0,3,38,76,2,4,281,0,0,33,107,19,139,0,0,211,1,0,46,6,0,0,0,3,0,0,0,9,5,0,2,4,84,0,138,2,0,19,0,0,0,16,40,82,9,367,82,19,37,39,5,0,0,2,74
11001008402,0,15,4,46,114,21,0,0,0,0,0,0,0,0,5,916,5,0,0,11,42,0,4,7,10,9,0,0,0,0,0,0,0,0,0,3,0,0,33,0,6,1,0,7,0,0,1,1,1,30,7,0,0,0,3,0,5,0,0,3,3,0,0,39,0,0,1,0,0,372,0,0,4,0,0,0,4,75,11,0,11,1,1,176,1,4,2,0,0,5,0,0,115,783,686,2,0,103,9,4,3,0,0,7,56,50,0,1,188,0,0,39,132,12,115,1,0,166,0,0,54,3,0,0,0,1,0,0,0,9,2,0,1,3,84,2,130,4,0,33,0,0,0,13,21,107,7,302,93,23,54,32,5,1,1,3,62
11001008410,0,14,21,79,219,31,0,0,0,0,0,0,0,0,9,985,12,0,0,8,51,0,1,4,19,40,1,0,0,0,0,0,0,1,0,1,0,1,37,0,7,0,0,3,1,0,0,0,1,18,5,0,0,0,8,0,1,0,0,6,2,0,0,51,0,0,0,0,0,293,0,0,2,0,0,0,3,124,41,0,11,0,0,500,0,5,2,0,0,11,0,0,49,1012,243,0,0,96,19,9,1,0,0,10,84,121,1,5,583,0,0,40,169,21,180,0,0,331,0,1,54,3,0,0,0,5,1,0,0,5,4,1,13,3,145,4,211,14,3,30,0,0,0,25,28,141,10,352,89,22,54,37,7,29,12,2,83
11001008701,0,9,10,81,277,26,0,0,0,0,0,0,0,0,8,1271,1,0,0,19,79,0,3,6,23,33,0,0,0,0,0,0,0,1,0,1,0,2,66,1,2,1,0,3,0,1,0,0,1,33,13,0,2,0,3,0,0,0,0,2,5,0,0,55,0,0,0,0,0,259,0,0,4,0,0,0,12,59,42,1,6,0,0,357,0,1,2,0,0,7,0,0,111,906,10,2,0,58,21,22,10,0,0,4,98,245,1,1,240,0,0,25,209,10,313,0,0,735,0,0,46,10,0,0,0,13,0,0,0,9,8,0,9,2,152,0,208,139,8,37,0,0,0,20,63,47,12,316,89,97,70,36,7,4,3,1,24
11001008702,0,8,23,72,182,13,0,0,0,0,0,0,0,0,15,727,5,0,0,5,46,0,1,7,31,18,0,0,0,0,0,0,0,0,0,3,0,0,48,0,4,2,0,3,0,2,0,0,2,25,4,0,0,0,17,0,4,1,0,8,4,0,0,53,0,0,0,0,0,237,0,0,16,0,0,0,4,73,17,0,6,0,0,228,0,5,5,0,0,6,0,0,74,793,55,1,0,53,13,23,6,0,0,4,45,208,0,5,256,0,0,27,123,11,217,0,0,187,1,0,52,2,0,0,0,6,0,0,0,7,7,0,18,2,87,0,175,72,12,28,0,0,0,25,25,26,11,216,45,47,23,18,16,8,4,2,24
11001008802,0,13,43,175,495,31,0,0,0,0,0,0,0,0,5,1758,2,0,0,18,114,0,2,6,29,71,0,0,0,0,0,0,0,3,0,3,1,1,79,0,12,1,0,3,0,0,0,0,3,33,5,0,0,0,9,0,0,0,0,16,7,0,0,56,0,0,1,0,0,311,0,0,20,0,0,0,27,53,18,0,4,0,0,605,1,10,6,0,0,21,0,0,94,984,1,3,0,121,31,6,7,0,0,9,111,148,2,6,137,0,0,38,207,3,245,0,0,451,1,0,146,11,0,0,0,13,1,0,0,2,19,0,7,4,128,0,337,145,28,38,0,0,0,22,10,56,17,312,163,147,128,69,16,26,7,3,84
11001008803,0,4,70,142,124,5,0,0,0,0,0,0,0,0,8,267,6,0,0,2,11,1,0,3,18,39,1,1,0,0,0,0,0,1,0,1,0,0,47,1,0,0,0,0,0,2,1,0,0,25,5,0,0,0,10,0,0,0,1,8,4,0,0,21,0,0,0,0,0,170,0,0,8,0,0,0,2,62,18,1,12,1,0,271,0,10,0,0,0,3,0,0,30,961,162,0,0,90,10,8,1,0,0,0,20,36,0,0,42,0,0,27,109,21,42,0,0,182,0,0,32,1,0,0,0,3,1,0,0,2,0,0,2,0,85,0,69,24,6,36,0,0,0,20,50,8,6,86,22,13,14,10,8,11,6,2,1
11001008804,0,7,20,209,407,12,0,0,0,0,0,0,0,0,5,641,5,0,0,3,41,0,0,10,23,41,0,0,0,0,0,0,0,0,0,9,1,0,53,1,1,0,1,4,1,2,1,1,0,19,9,0,0,0,4,0,0,0,0,6,7,0,0,46,0,0,1,0,0,187,1,0,6,0,0,1,8,24,31,0,14,0,0,498,1,10,5,0,0,2,0,0,76,523,0,3,0,89,17,6,1,0,0,7,35,138,3,6,138,0,0,15,97,6,154,0,0,323,0,0,28,5,0,0,0,4,1,0,0,4,8,0,8,1,139,0,150,84,11,38,0,0,0,14,12,25,8,224,64,51,45,40,17,70,14,5,21
11001008903,0,13,27,126,344,32,0,0,0,0,0,0,0,0,1,805,3,0,0,6,47,0,0,5,19,36,0,0,0,0,0,0,0,0,0,3,1,1,43,0,5,0,0,3,2,2,1,0,1,33,4,0,0,0,3,0,0,0,0,7,2,0,0,35,0,0,0,0,0,130,0,0,4,0,0,0,8,18,31,0,8,0,3,419,1,2,3,0,0,1,0,0,135,749,38,1,0,136,11,5,1,0,0,4,36,51,0,0,327,0,0,80,82,16,51,0,0,283,0,0,36,4,0,0,0,6,0,0,0,1,4,0,9,1,123,0,103,49,1,30,0,0,0,17,44,24,9,131,55,17,31,31,11,10,1,1,16
11001008904,0,4,30,122,170,23,0,0,0,0,0,0,0,0,3,391,7,0,0,4,12,0,1,8,4,20,0,0,0,0,0,0,0,0,0,10,0,0,56,1,3,0,0,1,2,0,0,0,3,32,2,0,0,0,8,0,0,0,0,2,2,0,0,33,0,0,1,0,0,112,0,0,8,0,0,0,5,19,30,0,9,0,0,166,1,0,3,0,0,2,0,0,131,474,157,0,0,74,10,40,1,0,0,5,20,43,0,3,135,0,0,45,136,9,72,0,0,230,0,0,47,2,0,0,0,4,0,0,0,1,4,0,12,2,91,2,124,24,3,33,0,0,0,16,21,10,5,69,27,43,53,21,4,4,4,4,11
11001009000,0,26,22,113,5,1,0,0,0,0,0,0,0,0,1,199,2,0,0,4,2,0,2,7,1,2,0,0,0,0,0,0,0,2,0,6,1,1,58,0,15,0,1,2,2,3,1,1,1,28,6,0,0,0,1,0,1,0,0,6,1,0,1,26,0,0,0,0,0,65,0,0,13,0,0,0,19,23,20,0,4,0,0,91,0,1,1,0,0,0,0,0,36,449,2,1,0,104,9,4,0,0,0,0,9,11,1,0,15,0,0,22,110,8,6,0,0,46,0,0,16,1,0,0,0,0,0,0,0,0,1,0,1,2,70,0,41,7,0,33,0,0,0,28,18,12,1,31,26,12,5,14,0,2,0,2,10
11001009102,0,5,48,352,202,20,0,0,0,0,0,0,0,0,3,1205,8,0,0,5,56,0,1,6,12,33,0,0,0,0,0,0,0,1,0,1,0,3,86,1,17,1,0,8,7,3,1,0,4,35,15,1,1,0,7,0,15,0,0,3,9,0,0,63,0,0,0,0,0,98,0,0,22,0,0,0,20,65,51,0,33,3,0,268,1,1,0,0,0,19,0,0,202,896,57,2,0,192,9,5,6,0,1,3,23,119,1,4,432,0,0,62,261,47,145,0,0,277,0,0,57,13,0,0,0,5,2,0,0,8,26,0,16,12,155,0,197,55,13,57,0,0,0,54,108,26,17,295,85,95,71,33,11,5,11,4,61
11001009201,0,6,33,25,42,10,0,0,0,0,0,0,0,0,6,333,5,0,0,2,12,0,0,2,12,9,0,0,1,0,0,0,0,0,0,2,0,2,35,0,1,1,0,1,0,2,0,0,2,21,4,0,0,0,10,0,1,0,0,1,2,0,1,40,0,0,0,0,0,95,0,0,6,0,0,0,4,40,6,0,6,0,0,104,0,28,3,0,0,2,0,0,26,746,380,0,0,111,7,6,0,0,0,1,14,56,0,2,126,0,0,17,155,18,72,0,0,86,1,0,22,5,0,0,0,1,0,0,0,7,4,0,2,2,40,0,65,31,5,16,1,0,0,19,50,9,9,49,39,69,43,26,11,3,0,3,4
11001009203,0,9,47,105,105,33,0,0,0,0,0,0,0,0,0,1266,2,0,0,12,48,0,0,9,18,22,0,0,0,0,0,0,0,0,0,2,0,2,55,0,5,0,0,1,2,3,1,1,4,34,6,0,0,1,6,0,0,0,0,0,1,0,0,50,1,0,0,0,0,141,0,0,4,0,0,0,21,78,48,0,3,2,0,148,0,8,2,0,0,11,0,0,173,523,0,2,0,87,11,11,2,0,0,19,56,152,0,4,237,0,0,19,243,7,174,1,0,213,0,0,49,12,0,0,0,9,1,0,0,2,21,0,8,6,46,0,252,73,21,25,0,0,0,25,54,41,23,216,111,51,89,54,6,5,4,9,41
11001009204,0,1,9,15,13,4,0,0,0,0,0,0,0,0,11,256,9,0,0,2,15,0,1,3,2,6,0,0,0,0,0,0,0,0,1,0,0,0,53,0,0,0,1,3,2,0,0,0,1,19,1,0,0,0,3,0,1,0,0,3,0,0,0,24,0,0,0,0,0,117,0,0,16,0,0,0,1,37,10,0,7,0,0,46,1,4,0,0,0,1,0,0,18,478,3,2,0,42,8,8,0,0,0,1,11,50,0,2,14,0,0,9,108,10,12,0,0,67,1,0,30,5,0,0,0,0,0,0,0,3,2,0,5,8,32,0,24,16,2,17,0,0,0,16,11,8,9,52,31,27,26,28,3,3,2,1,2
11001009301,0,6,38,221,72,21,0,0,0,0,0,0,0,0,2,1786,2,0,0,11,51,0,0,8,13,25,0,0,0,0,0,0,0,0,0,1,0,1,44,0,5,1,1,1,0,1,0,0,4,40,1,0,0,0,3,0,2,0,0,5,3,0,0,76,0,0,0,0,0,200,0,0,20,0,0,0,19,41,15,0,8,1,1,88,1,3,7,0,0,24,0,0,77,549,131,1,0,183,7,2,0,0,0,26,63,152,0,2,342,0,0,38,286,5,60,0,0,184,0,0,97,19,0,0,0,0,0,0,0,12,24,0,14,5,72,0,241,94,26,35,0,0,0,29,25,25,32,448,134,132,94,55,9,2,6,8,90
11001009302,0,5,10,82,40,10,0,0,0,0,0,0,0,0,6,574,1,0,0,7,28,0,0,5,11,19,0,0,0,0,0,0,0,2,0,1,1,0,43,0,2,0,0,1,1,0,0,0,5,11,1,0,0,0,4,0,0,0,0,2,3,0,1,29,0,0,2,0,0,54,0,0,11,0,0,0,9,16,25,0,3,1,0,46,1,4,6,0,0,8,0,0,30,625,0,1,0,72,2,3,0,0,1,11,25,44,1,5,187,0,0,21,103,9,49,0,0,86,0,0,34,16,0,0,0,0,0,0,0,3,3,0,3,2,39,0,59,18,6,17,2,0,0,23,29,6,12,104,33,67,21,17,10,1,2,5,32
11001009400,0,13,29,333,146,52,0,0,0,0,0,0,0,0,6,2014,11,1,0,15,91,0,0,15,19,28,0,0,0,0,0,0,0,0,0,2,0,0,62,1,17,0,0,6,5,1,0,1,1,61,4,1,0,0,5,0,0,0,0,2,4,0,0,130,0,0,1,0,0,173,0,0,12,0,3,0,36,19,34,0,5,1,0,152,1,4,9,0,0,49,0,0,158,498,11,4,0,246,20,14,0,0,0,21,71,241,0,9,380,0,0,62,265,25,78,0,0,270,1,0,109,57,0,0,0,0,2,0,0,10,55,0,25,6,72,0,386,104,32,43,0,0,0,51,56,46,48,356,257,80,146,95,16,7,5,8,133
11001009501,0,6,22,130,58,7,0,0,0,0,0,0,0,0,2,675,1,0,0,9,38,0,2,7,7,20,0,0,0,0,0,0,0,0,0,1,0,4,72,0,7,0,0,3,2,2,0,0,2,34,0,0,0,0,1,0,1,0,0,4,0,0,0,79,0,0,2,1,0,62,0,0,1,0,0,0,16,12,14,0,11,2,0,89,1,5,1,0,0,8,0,0,53,543,56,0,0,225,6,8,0,0,0,8,17,40,0,2,68,0,0,25,143,18,46,0,0,169,0,0,59,12,0,0,0,1,0,0,0,4,11,0,15,4,71,0,126,27,9,33,0,0,0,34,78,9,8,86,94,53,34,40,3,0,0,0,29
11001009503,0,5,6,130,51,21,0,0,0,0,0,0,0,0,2,1716,0,0,0,11,79,0,0,10,5,14,0,0,0,0,0,0,0,1,0,1,0,0,32,0,15,0,0,2,1,3,0,0,1,33,6,0,0,0,3,0,0,0,0,8,1,0,0,84,0,0,1,0,0,74,0,0,21,0,0,0,35,12,16,0,2,1,0,63,1,6,6,0,0,28,1,0,131,205,1,2,3,200,10,8,1,0,0,17,37,159,1,1,43,0,0,35,202,19,47,1,0,157,0,0,107,41,0,0,0,1,0,0,1,3,45,0,9,1,44,0,311,81,46,36,0,0,0,42,101,32,42,299,229,70,172,80,13,0,1,4,138
11001009504,0,5,28,159,58,17,0,0,0,0,0,0,0,0,8,1152,3,0,0,9,57,0,1,9,7,22,0,0,0,0,0,0,0,0,0,1,1,2,39,0,8,1,1,7,3,0,0,0,3,28,5,0,0,0,8,0,1,0,1,3,1,0,0,70,0,0,0,0,0,136,0,0,11,1,0,0,14,43,44,0,4,0,0,135,3,5,16,0,0,20,1,0,106,396,5,1,0,221,11,12,1,0,1,5,39,141,0,1,422,0,0,49,261,13,125,0,0,200,1,0,92,16,0,0,0,1,0,0,0,12,12,0,7,1,92,0,208,46,16,38,0,0,0,52,71,29,16,194,157,82,79,65,8,5,9,5,63
11001009505,0,12,18,181,122,39,0,0,0,0,0,0,0,0,2,1736,9,0,0,6,88,0,1,16,8,30,0,0,1,0,0,0,0,0,0,2,0,2,52,0,23,2,0,4,4,2,0,0,4,44,6,0,0,0,4,0,0,0,0,2,2,0,0,78,0,0,3,0,0,167,0,0,3,0,2,0,37,44,26,0,3,0,0,117,0,1,3,0,0,11,0,0,253,444,9,9,0,321,12,59,11,0,0,11,38,150,1,7,306,0,0,53,363,29,216,0,0,221,1,0,123,34,0,0,0,6,0,0,0,3,44,0,13,2,63,0,375,109,26,45,0,0,0,56,83,48,23,329,179,166,129,67,13,5,6,6,94
11001009507,0,7,7,53,66,41,0,0,0,0,0,0,0,0,1,743,2,0,0,2,48,0,0,4,0,16,0,0,0,0,0,0,0,0,0,1,0,2,19,1,7,0,0,1,0,1,1,1,1,12,0,0,0,0,0,0,0,0,0,1,0,0,0,28,0,0,2,0,0,48,0,0,14,0,0,0,20,28,2,0,0,0,0,41,0,4,4,0,0,2,0,0,15,138,31,0,0,129,7,35,4,0,0,12,30,106,2,1,49,0,0,19,92,8,140,0,0,100,0,0,60,25,0,0,0,6,0,0,0,2,22,0,8,1,25,0,165,49,23,16,0,0,0,5,19,18,30,102,63,31,62,14,1,1,2,2,34
11001009508,0,5,21,95,45,17,0,0,0,0,0,0,0,0,3,1154,6,0,0,13,46,0,0,5,4,13,0,0,0,0,0,0,0,0,0,4,0,1,53,0,14,0,0,6,2,3,0,1,2,35,2,0,0,0,8,0,0,0,0,2,1,0,0,70,0,0,0,0,0,75,0,0,8,0,0,0,37,24,14,0,12,2,0,77,0,12,3,0,0,5,0,0,87,652,10,0,0,297,10,8,3,0,0,3,49,130,0,7,248,0,0,57,220,26,59,0,0,137,0,0,86,33,0,0,0,0,0,0,0,2,30,0,4,1,50,0,194,84,18,40,0,0,0,64,94,41,25,163,106,57,76,47,6,2,1,7,58
11001009509,0,9,20,92,72,15,0,0,0,0,0,0,0,0,2,1737,6,0,0,14,101,0,0,11,11,17,0,0,0,0,0,0,0,0,0,3,2,1,34,0,18,1,0,4,0,2,1,0,2,30,6,0,0,0,7,0,0,0,0,5,3,0,0,60,0,0,1,0,0,65,0,0,2,0,0,0,35,29,23,0,7,0,0,68,1,6,4,0,0,22,0,0,126,291,0,0,0,108,8,4,4,0,0,27,50,145,1,3,207,1,0,45,279,8,121,0,0,153,0,0,121,38,0,0,0,8,0,0,0,5,59,0,12,1,41,0,251,58,42,22,0,0,0,11,12,59,34,266,201,68,138,58,14,0,0,6,86
11001009601,0,5,27,400,114,9,0,0,0,0,0,0,0,0,0,698,1,0,0,1,14,0,1,10,1,52,1,0,0,0,0,0,0,0,0,7,0,3,42,0,1,0,0,0,0,1,0,0,2,18,6,0,0,0,4,0,2,0,0,9,4,0,0,55,0,0,1,0,0,58,0,0,13,0,1,0,28,24,45,0,3,0,0,114,0,5,7,0,0,7,0,0,139,356,1,0,0,116,11,0,0,0,0,3,17,41,1,0,630,0,0,21,131,4,24,0,0,232,0,0,28,9,0,0,0,0,0,0,0,13,12,0,21,6,71,0,160,25,10,30,0,0,0,11,9,20,10,150,72,39,41,31,7,10,18,0,39
11001009602,0,9,11,102,10,0,0,0,0,0,0,0,0,0,2,308,6,0,0,4,12,0,0,3,2,2,0,0,0,0,0,0,0,1,0,1,1,1,65,0,5,0,0,1,0,1,1,1,1,34,7,0,0,0,0,0,0,0,0,1,2,0,0,29,0,0,0,0,0,47,0,0,15,0,0,0,6,10,8,1,4,2,0,35,2,1,3,0,0,1,0,0,38,366,0,2,0,173,13,18,0,0,0,0,12,15,0,1,11,0,0,19,80,13,6,0,0,70,0,0,18,3,0,0,0,0,0,0,0,0,0,0,15,4,72,0,52,18,1,37,0,0,0,10,0,10,0,62,25,14,5,5,0,3,2,0,1
11001009603,0,14,21,232,303,39,0,0,0,0,0,0,0,0,2,1123,12,0,0,11,25,0,0,11,4,70,0,0,0,0,0,0,0,0,0,5,0,1,78,0,11,1,0,3,0,1,0,2,2,24,4,0,1,1,0,0,0,0,0,7,2,0,0,71,0,0,2,0,0,46,0,0,7,0,0,0,16,23,19,1,13,0,0,242,0,6,12,0,0,5,0,0,72,572,2,0,0,178,8,9,0,0,0,3,9,74,0,4,364,0,0,33,194,4,44,0,0,295,1,0,47,11,0,0,0,0,0,0,0,1,22,0,29,8,148,0,186,55,14,45,0,0,0,36,46,22,13,210,82,30,63,38,3,2,23,5,63
11001009604,0,4,22,137,141,24,0,0,0,0,0,0,0,0,2,1223,5,0,0,5,34,0,0,6,5,47,0,0,0,0,0,0,0,2,0,2,0,0,47,0,3,0,0,0,1,2,1,0,1,15,1,1,0,0,0,0,0,0,0,2,1,0,0,31,0,0,1,0,0,27,0,0,11,0,0,0,27,16,26,0,2,1,0,76,0,2,6,0,0,14,0,0,76,233,0,0,0,114,14,8,0,0,0,5,20,124,2,1,21,1,0,27,119,13,70,0,0,183,0,0,35,19,0,0,0,8,0,0,0,1,17,0,10,4,49,0,188,52,12,26,0,0,0,19,19,18,9,202,55,28,47,23,6,5,3,4,29
11001009700,0,6,56,171,41,1,0,0,0,0,0,0,0,0,0,1214,3,1,0,5,18,0,0,13,2,15,0,0,0,0,0,0,0,0,0,2,0,0,50,0,8,0,0,7,2,0,0,0,2,26,6,0,0,0,0,0,2,0,0,3,2,0,0,35,0,0,0,0,0,27,0,0,7,0,0,0,26,2,18,0,1,0,0,177,2,0,6,0,0,9,0,0,193,417,0,0,0,24,15,8,1,0,0,10,19,24,0,0,48,0,0,10,91,5,12,0,0,193,0,0,15,9,0,0,0,3,2,0,0,2,17,0,5,2,117,0,108,47,12,27,0,0,0,8,8,33,18,82,44,3,34,10,3,6,16,0,20
11001009801,0,2,12,77,53,4,0,0,0,0,0,0,0,0,0,306,1,0,0,2,6,0,0,2,0,13,0,0,0,0,0,0,0,0,0,1,0,0,45,0,7,0,0,2,0,1,0,0,1,14,0,0,0,0,0,0,0,0,0,0,1,0,0,16,0,0,0,0,0,14,0,0,16,0,0,0,7,4,18,0,0,1,0,51,0,1,1,0,2,8,0,0,64,222,0,0,0,47,4,2,0,0,0,1,9,19,0,1,68,0,0,6,29,3,11,0,0,71,0,0,7,0,0,0,0,0,1,0,0,4,8,0,13,3,41,0,49,18,4,16,0,0,0,7,11,4,1,43,15,2,13,8,0,5,4,0,6
11001009802,0,1,17,72,83,3,0,0,0,0,0,0,0,0,0,312,0,0,0,2,11,0,0,1,3,10,0,0,0,0,0,0,0,0,0,0,0,2,38,2,1,0,0,3,0,0,1,0,0,10,5,0,0,0,0,0,0,0,0,0,0,0,0,10,0,0,1,0,0,30,0,0,4,0,0,0,2,1,4,0,1,0,0,62,0,1,2,0,0,3,0,0,47,231,1,0,0,29,4,0,0,0,0,0,8,23,0,2,50,0,0,9,36,4,13,0,0,89,0,0,14,0,0,0,0,6,0,0,0,2,3,1,6,1,74,0,43,16,5,29,0,0,0,1,7,7,1,57,19,5,7,20,0,6,2,0,15
11001009803,0,1,45,189,68,3,0,0,0,0,0,0,0,0,1,639,2,0,0,2,10,0,1,5,2,22,0,0,0,0,0,0,0,0,0,1,1,2,75,0,5,0,0,3,1,1,0,1,1,16,5,0,0,0,3,0,0,0,0,3,1,0,0,34,0,0,1,0,0,37,0,0,12,0,0,0,6,1,53,0,2,0,0,114,0,7,2,0,0,13,1,0,31,432,0,1,0,138,10,1,1,0,0,2,17,36,0,0,15,0,0,26,55,4,76,0,0,175,0,0,28,6,0,0,0,9,0,0,0,0,4,0,35,5,108,0,79,29,9,34,0,0,0,14,11,14,9,110,44,4,34,16,3,6,18,0,31
11001009804,0,4,20,84,17,3,0,0,0,0,0,0,0,0,2,864,5,0,0,1,26,0,3,6,2,25,0,0,0,0,0,0,0,0,0,1,0,1,54,0,8,0,0,2,1,0,1,0,2,17,3,0,0,0,3,0,0,0,0,2,0,0,0,14,0,0,0,0,0,35,0,0,12,0,0,0,15,3,12,0,3,0,0,74,0,1,5,0,0,10,0,0,26,291,7,0,0,107,7,4,1,0,0,4,19,39,0,0,37,0,0,27,92,13,24,0,0,83,1,0,34,3,0,0,0,0,1,0,0,1,7,0,11,1,74,0,71,32,13,21,0,0,0,12,9,16,6,113,39,9,40,14,5,2,1,4,35
11001009807,0,0,51,243,115,7,0,0,0,0,0,0,0,0,0,1111,3,0,0,2,25,0,1,11,4,27,0,0,0,0,0,0,0,1,0,0,1,2,72,0,7,0,0,3,2,1,0,0,3,23,4,0,0,0,1,0,0,0,0,2,5,0,0,55,0,0,1,0,0,46,0,0,14,0,0,0,33,3,31,0,1,0,0,104,1,1,7,0,0,19,0,0,105,499,0,4,0,144,5,11,0,0,0,0,18,33,0,3,34,0,0,21,68,3,29,0,0,175,0,0,24,17,0,0,0,1,3,0,0,2,27,0,11,1,109,0,174,45,5,36,0,0,0,13,15,22,6,161,64,3,43,22,7,8,4,4,26
11001009810,0,1,14,89,24,6,0,0,0,0,0,0,0,0,0,98,3,0,0,0,5,0,1,1,0,2,0,0,0,0,0,0,0,1,0,3,0,0,65,0,1,0,0,5,0,0,1,0,1,9,4,0,0,0,0,1,0,0,0,0,0,0,0,16,0,0,0,0,0,35,0,0,13,0,0,0,2,2,13,0,1,0,0,50,1,1,4,0,0,2,0,0,11,381,0,0,0,43,2,2,0,0,0,0,6,6,0,0,5,0,0,14,18,4,5,0,0,45,0,0,12,1,0,0,0,1,0,0,0,0,2,0,4,2,34,0,58,5,0,26,0,0,0,7,26,5,1,22,19,2,6,10,3,2,1,1,1
11001009811,0,2,51,146,90,1,0,0,0,0,0,0,0,0,0,590,1,0,0,3,17,0,0,5,2,10,0,0,0,0,0,0,0,0,0,8,0,2,103,0,2,0,0,6,1,0,0,0,3,31,4,0,0,0,0,0,1,0,0,0,0,0,0,28,0,0,0,0,0,19,0,0,22,0,0,0,14,8,8,0,1,0,0,146,0,1,3,0,0,10,0,0,52,673,1,4,0,64,6,9,0,0,0,2,9,34,0,4,257,0,0,11,30,9,26,0,0,83,0,0,20,5,0,0,0,3,1,0,0,1,5,0,21,10,58,0,85,25,4,26,0,0,0,16,5,16,6,64,29,2,28,6,5,3,6,0,15
11001009901,0,4,14,137,55,10,0,0,0,0,0,0,0,0,0,1646,1,0,0,10,77,0,1,14,0,20,0,0,0,0,0,0,0,0,0,6,0,0,45,0,12,0,1,3,2,1,3,0,0,33,3,0,0,0,1,0,0,0,0,2,0,0,0,105,0,0,1,0,0,56,0,0,21,0,0,0,51,7,57,0,7,0,0,130,1,10,9,0,0,40,1,0,61,206,4,1,0,248,14,3,1,0,0,5,26,78,1,1,49,0,0,55,156,14,21,0,0,234,0,0,37,23,0,0,0,1,0,0,0,0,36,0,35,4,142,0,134,88,20,20,0,0,0,26,47,31,21,268,181,58,71,75,11,12,23,5,219
11001009902,0,8,32,231,218,22,0,0,0,0,0,0,0,0,1,1864,1,0,0,9,40,0,1,7,7,16,0,0,0,0,0,0,0,0,0,2,1,2,47,0,4,0,0,4,1,0,0,1,1,28,6,0,0,0,0,0,0,0,0,5,3,0,0,78,0,0,2,0,0,89,0,0,14,0,0,0,44,5,43,0,1,0,0,144,0,6,12,0,0,32,0,0,216,488,1,4,0,373,8,10,1,0,1,5,48,62,0,0,91,0,0,62,201,9,73,0,0,261,2,0,72,15,0,0,0,13,0,0,0,1,21,0,10,3,103,0,221,91,11,37,0,0,0,34,20,51,22,291,159,27,88,41,6,1,2,8,137
11001009903,0,5,19,106,134,5,0,0,0,0,0,0,0,0,2,1040,1,0,0,8,25,0,1,1,2,7,0,0,0,0,0,0,0,0,0,2,0,0,22,0,6,0,0,0,2,0,1,1,1,10,1,0,0,0,1,0,1,0,0,3,0,0,0,15,0,0,0,0,0,33,0,0,11,0,0,0,26,1,16,0,0,0,0,69,1,5,4,0,0,7,0,0,35,109,1,0,0,61,8,5,1,0,0,6,20,91,0,0,18,0,0,9,60,2,39,0,0,141,0,0,37,12,0,0,0,5,0,0,0,0,9,0,7,2,39,0,133,30,18,24,0,0,0,23,23,13,12,226,50,9,19,15,9,2,2,1,80
11001009904,0,4,33,157,28,1,0,0,0,0,0,0,0,0,0,636,2,0,0,7,19,0,0,0,3,28,0,0,0,0,0,0,0,0,0,0,1,1,54,0,1,0,0,0,0,1,0,0,0,20,3,0,0,0,1,0,0,0,0,3,2,0,0,33,0,0,1,0,0,66,0,0,28,0,0,0,2,3,38,0,0,0,0,188,1,7,0,0,0,6,0,0,65,333,0,0,0,64,8,2,1,0,0,1,14,72,0,0,22,0,0,14,59,7,10,0,0,101,2,0,26,1,0,0,0,0,0,0,0,1,2,0,9,2,116,0,106,34,3,24,0,0,0,18,3,18,1,179,18,7,16,4,0,26,15,2,11
11001009905,0,3,57,214,58,1,0,0,0,0,0,0,0,0,0,1278,3,0,0,9,34,1,0,11,2,35,0,0,0,0,0,0,0,0,0,2,0,0,65,0,3,1,0,2,1,0,0,0,2,19,5,0,1,0,1,0,0,0,0,3,3,0,0,38,0,1,0,0,0,60,0,0,4,0,0,0,21,6,19,0,0,0,1,136,1,3,2,0,0,6,0,0,57,403,0,1,0,137,6,1,0,0,0,2,33,131,2,2,23,0,0,24,82,10,22,0,0,159,0,0,31,6,0,0,0,1,1,0,0,4,8,0,24,4,82,0,78,62,11,32,0,0,0,26,2,39,18,234,42,6,26,12,4,13,24,5,31
11001009906,0,1,26,83,27,2,0,0,0,0,0,0,0,0,0,563,8,0,0,3,12,0,0,3,5,23,0,0,0,0,0,0,0,0,0,1,0,1,32,1,4,0,1,0,2,1,0,0,0,16,2,0,0,0,1,0,0,0,0,0,1,0,0,38,0,0,1,0,0,42,0,0,3,0,0,0,10,1,15,0,5,0,0,44,0,9,10,0,0,3,0,0,67,417,0,2,0,111,3,1,0,0,0,1,13,28,0,1,134,0,0,16,50,10,16,0,0,88,0,0,18,3,0,0,0,0,0,0,0,0,7,0,14,1,37,0,77,22,2,22,0,0,0,17,16,13,2,79,37,1,25,6,2,14,12,2,19
11001009907,0,0,11,110,37,9,0,0,0,0,0,0,0,0,4,542,10,0,0,1,19,0,0,3,3,13,0,0,0,0,0,0,0,0,0,0,0,2,52,0,5,0,1,3,1,1,1,0,0,12,4,0,1,0,0,0,0,0,0,3,0,0,0,38,0,0,1,0,0,65,0,0,4,0,0,0,9,4,19,0,1,0,0,36,0,3,8,0,0,3,0,0,118,151,0,2,0,56,5,1,0,0,0,0,9,31,0,0,22,0,0,8,45,6,9,0,0,43,0,0,21,2,0,0,0,0,1,0,0,3,3,0,26,11,24,0,64,17,3,24,0,0,0,20,15,8,7,56,37,7,24,24,3,1,4,1,31
11001010100,0,113,5,23,16,25,0,1,0,1,0,0,0,0,58,14,8,0,0,0,6,0,4,8,8,4,0,0,0,0,0,0,0,0,0,0,0,0,38,0,0,0,0,1,0,1,0,0,3,26,0,0,0,0,1,0,5,0,0,3,3,0,2,21,0,0,0,0,0,628,0,0,16,0,0,0,1,98,6,0,10,1,2,21,0,4,0,0,0,3,0,0,1,1354,5880,0,0,331,4,8,0,0,0,0,0,1,0,0,5,0,0,69,542,63,42,0,0,60,0,3,214,0,0,0,0,0,0,0,0,2,0,0,4,3,54,0,254,0,0,109,6,0,0,59,200,1,0,9,105,67,50,39,27,1,0,0,0
11001010200,0,12,6,59,3,1,0,0,0,0,0,0,0,0,23,236,10,0,0,2,8,0,0,23,4,4,0,0,0,0,0,0,0,101,2,293,4,2,80,8,6,72,0,39,8,104,238,3,5,32,31,21,0,0,3,0,23,0,1,1,1,0,2,36,0,0,0,0,0,427,0,0,25,1,0,0,10,30,9,28,22,1,2,33,0,5,7,0,0,3,0,0,74,2950,3599,0,0,405,8,6,0,0,1,0,15,32,1,2,130,0,1,50,257,31,91,0,0,44,1,0,122,3,0,0,0,2,0,0,0,1,4,0,4,1,50,0,248,3,0,71,5,14,0,42,171,15,3,96,43,11,27,15,13,1,0,0,6
11001010300,0,6,16,69,63,12,0,0,0,0,0,0,0,0,1,1070,5,0,0,3,48,0,0,5,5,23,0,0,0,0,0,0,0,1,0,4,0,2,42,0,8,0,0,3,2,0,1,0,2,32,4,0,1,0,4,0,0,0,1,0,0,0,2,86,0,0,2,0,0,92,0,2,10,0,1,0,17,87,4,0,1,0,0,80,0,5,1,0,0,21,0,0,63,438,42,0,0,178,10,6,1,0,0,7,33,66,1,4,230,0,0,15,239,13,32,0,0,159,1,0,45,14,0,0,0,3,0,0,0,0,15,0,5,3,66,0,251,43,15,19,0,0,0,14,39,16,12,116,115,98,72,47,8,0,1,7,122
11001010400,1,88,55,463,383,30,0,0,0,0,0,0,0,1,6,1482,20,3,2,2,51,0,3,6130,5,70,0,0,0,1,0,0,0,1,3,8,1,5,78,2,2,5,2,3,0,4,14,1,3,29,9,0,7,4,6,0,5,0,0,16,8,0,1,81,0,0,1,0,0,67,0,0,72,1,2,4,21,31,45,0,13,8,0,366,3,29,15,0,0,12,0,0,142,552,13,2,1,331,15,22,4,2,4,6,36,124,3,3,154,3,0,49,228,14,138,0,2,338,2,0,65,14,0,0,0,5,6,3,0,7,14,3,21,8,202,2,246,84,13,69,0,0,1,35,44,37,17,188,122,38,46,65,8,9,6,8,43
11001010500,0,7,4,58,9,1,0,0,0,0,0,0,0,0,2,16,3,0,0,0,1,0,0,19,5,1,0,0,0,0,0,0,0,73,2,203,41,31,609,70,88,31,3,379,211,87,129,22,120,379,583,43,0,0,2,0,0,0,1,1,0,0,1,16,0,0,3,0,0,212,0,0,14,0,0,0,5,31,0,1,19,4,1,20,1,2,0,0,0,2,0,0,11,1464,722,0,0,205,2,5,1,2,0,0,0,3,0,3,45,0,0,35,105,19,13,0,0,33,0,0,41,0,0,0,0,1,0,0,0,2,0,0,5,2,26,0,103,0,0,46,2,0,0,28,70,2,0,5,18,10,12,8,6,2,2,0,0
11001010600,0,93,37,103,293,63,0,0,0,0,0,0,0,0,92,2024,16,0,0,24,69,0,0,11,51,68,0,0,0,0,0,0,0,1,1,3,0,6,133,0,6,0,0,9,2,2,0,0,3,57,7,1,2,0,10,1,19,0,2,16,20,0,3,105,0,0,0,0,0,939,0,0,33,0,0,0,12,224,40,7,89,5,7,556,0,7,10,0,0,14,0,0,120,2998,1021,9,0,499,19,36,2,0,1,10,90,174,1,9,702,0,0,116,547,154,218,0,0,567,3,6,317,2,0,0,0,5,2,0,0,19,12,0,16,9,256,0,369,7,1,172,1,1,0,127,324,183,21,463,183,81,122,64,56,17,5,2,109
11001010700,0,115,17,28,29,58,1,1,0,0,0,0,0,0,93,38,15,0,0,3,4,0,0,14,12,16,0,0,0,0,0,1,0,0,0,1,0,1,24,0,2,1,0,2,1,0,1,0,1,15,5,1,2,1,14,0,3,1,0,2,1,0,1,27,0,0,0,0,0,1209,0,0,5,0,1,0,1,139,4,0,11,1,3,45,0,5,4,0,0,0,0,0,21,3175,12237,0,0,367,2,3,0,0,0,0,2,3,1,0,27,0,0,98,729,79,137,0,0,103,1,14,279,1,0,0,0,1,0,0,1,5,0,0,6,0,52,0,380,1,0,145,0,0,0,63,321,5,0,13,166,89,97,57,40,1,1,0,5
11001010800,0,55,0,15,1,0,0,0,0,0,0,0,0,0,9,7,10,0,0,2,0,0,0,9,10,0,0,0,0,0,0,0,0,1,2,2,0,1,23,0,1,0,0,2,0,0,0,0,1,5,2,0,0,0,1,0,1,0,0,0,0,0,1,13,0,0,0,0,0,601,0,0,30,0,0,0,0,215,3,0,8,0,0,6,0,1,0,0,0,0,0,0,1,783,11138,0,0,239,1,6,0,0,0,0,0,1,0,0,19,0,0,33,438,37,13,0,0,16,0,2,62,0,0,0,0,0,0,0,0,0,0,0,0,0,12,0,173,0,0,53,3,1,0,35,216,1,0,9,30,29,51,36,5,1,1,0,0
11001010900,0,5,17,68,4,1,0,0,0,0,0,0,0,0,0,172,4,0,0,1,0,0,2,6,0,1,0,0,0,0,0,0,0,0,0,0,0,2,72,2,6,1,0,4,2,0,0,0,1,22,13,1,0,0,1,0,0,0,0,0,0,0,0,44,0,0,0,0,0,20,0,0,9,0,0,0,2,2,9,0,6,1,0,29,0,1,1,0,0,1,0,0,26,140,0,0,0,260,0,4,0,0,0,0,3,10,0,0,7,0,0,21,25,1,3,0,0,42,0,0,11,0,0,0,0,0,0,0,0,2,0,0,9,3,45,0,56,3,1,30,0,0,0,9,4,1,1,26,10,2,3,12,5,0,0,0,2
11001011000,0,2,2,26,2,0,0,0,0,0,0,0,0,0,0,26,5,0,0,2,1,0,0,3,0,0,0,0,0,0,0,0,0,0,0,1,1,0,41,0,6,0,1,5,0,1,0,0,2,24,2,0,0,0,2,0,4,0,0,2,1,0,0,23,0,0,0,0,0,134,0,0,9,0,0,0,0,10,3,0,5,1,0,10,0,1,2,0,0,0,0,0,9,1168,132,0,0,32,4,14,0,0,0,1,2,6,0,2,43,0,0,12,38,3,3,0,0,9,0,0,36,0,0,0,0,0,0,0,0,0,0,0,1,0,27,0,38,0,0,18,0,0,0,9,20,4,1,23,14,5,11,8,0,0,0,0,0
11001011100,0,10,103,660,163,42,0,0,0,0,0,0,0,0,5,2186,12,0,0,15,59,1,3,18,28,65,0,0,0,0,0,0,0,0,2,5,1,2,94,2,11,0,0,7,2,5,1,0,5,52,13,0,0,0,16,0,2,0,2,14,15,0,1,137,1,0,2,0,0,193,0,0,34,0,1,0,35,62,79,0,35,1,2,358,1,21,19,0,0,35,0,0,452,1797,54,1,0,571,21,31,1,0,0,10,66,203,1,9,396,0,0,105,435,26,88,0,0,408,1,0,172,28,0,0,0,1,1,0,0,10,24,0,32,3,259,0,354,117,28,74,0,0,0,76,203,51,29,516,211,142,160,109,16,23,10,9,222
