tract2010,Bulky Items,Dead Animal Removal,Electronic Waste,Feedback,Graffiti Removal,Homeless Encampment,Illegal Dumping Pickup,Metal/Household Appliances,Multiple Streetlight Issue,Other,Report Water Waste,Single Streetlight Issue
06037101110,2749,71,230,1,266,14,216,483,4,64,1,4
06037101122,1940,43,194,2,62,5,111,473,4,54,6,20
06037101210,2985,68,222,2,777,32,688,441,2,97,0,12
06037101220,1753,48,121,0,175,3,254,294,3,50,1,8
06037101300,2143,64,163,0,62,54,131,491,6,81,3,20
06037101400,2543,89,184,4,306,72,433,574,12,83,6,34
06037102103,913,27,78,0,77,4,58,180,6,17,1,14
06037102104,1536,53,164,1,79,29,73,395,20,32,1,16
06037102105,1010,29,92,0,40,13,100,192,0,19,2,3
06037102107,1648,113,110,1,193,76,220,338,26,91,4,35
06037103101,1608,30,127,0,39,13,49,335,1,21,4,4
06037103102,2880,99,243,1,453,67,159,599,4,62,3,9
06037103200,3361,167,250,2,259,470,320,670,40,134,2,61
06037103300,1876,146,140,1,73,26,182,475,24,69,3,42
06037103400,3930,135,307,1,403,230,433,741,8,96,4,17
06037104103,2151,85,233,2,117,67,185,342,8,45,1,17
06037104105,1896,66,184,0,374,39,210,422,6,19,0,9
06037104108,2165,86,230,0,360,57,326,294,9,52,2,33
06037104124,1716,100,184,0,119,23,140,344,15,36,1,20
06037104201,2280,119,236,1,2338,94,432,356,6,39,0,18
06037104203,1899,94,177,0,437,13,271,258,35,41,0,16
06037104204,931,62,89,1,315,123,242,157,9,38,0,28
06037104310,2293,114,259,1,447,117,325,383,32,74,1,39
06037104320,2740,184,218,2,707,429,827,367,51,94,2,50
06037104401,1260,92,129,2,360,29,166,190,7,25,1,23
06037104403,1376,113,137,3,623,73,383,185,28,110,1,33
06037104404,1281,93,136,0,463,25,255,200,2,33,2,8
06037104500,1387,111,153,2,360,5,403,197,3,47,1,3
06037104610,1451,114,115,1,219,31,228,208,7,48,2,8
06037104620,1598,116,151,0,156,4,335,206,21,41,1,9
06037104701,1023,67,74,1,152,20,296,131,3,47,1,23
06037104703,912,51,68,1,178,120,395,115,26,34,3,18
06037104704,1553,65,126,2,395,81,353,219,27,62,5,21
06037104810,2090,122,186,2,308,53,317,302,140,58,0,78
06037104821,1296,72,122,0,260,21,240,162,58,19,1,28
06037104822,870,58,80,0,374,67,210,107,77,45,4,35
06037106010,1412,82,156,0,169,45,110,291,8,48,5,10
06037106020,2539,111,244,1,474,27,273,461,5,71,2,17
06037106111,1989,68,238,0,171,7,61,522,21,32,3,63
06037106112,2995,125,297,0,1613,78,382,592,24,114,0,30
06037106113,1717,90,178,1,875,116,192,339,13,36,1,24
06037106114,2190,123,266,0,1626,78,291,336,13,47,0,17
06037106403,1696,133,207,0,1026,18,247,332,5,38,0,9
06037106405,1512,102,141,0,1462,39,943,242,9,36,5,15
06037106406,2585,153,232,1,461,79,479,503,66,84,18,58
06037106407,769,21,68,0,813,16,119,95,3,13,1,5
06037106408,1120,19,70,0,473,9,215,160,1,11,1,11
06037106510,2035,131,178,1,1073,81,347,527,32,77,3,67
06037106520,2492,185,283,1,849,220,483,477,13,67,2,70
06037106603,1352,58,109,2,52,4,86,326,10,28,5,39
06037106604,2571,140,233,3,681,62,328,411,18,47,4,58
06037106641,1089,49,75,1,11,1,58,311,5,18,0,17
06037106642,1653,87,136,0,55,35,131,419,21,41,2,29
06037106643,1642,92,142,0,145,12,87,469,11,26,1,31
06037106645,1481,68,141,0,23,1,66,419,2,25,2,6
06037106646,1592,89,105,0,148,94,183,340,14,42,3,36
06037106648,1652,71,135,1,619,30,150,242,6,15,0,30
06037106649,1228,77,128,0,574,86,166,292,43,23,7,28
06037107010,1479,109,156,0,640,29,144,285,5,30,1,7
06037107020,2374,129,232,1,458,27,302,440,10,45,1,13
06037108101,1075,70,106,0,40,4,57,317,17,25,0,19
06037108102,1424,99,140,0,108,35,118,467,30,26,4,30
06037108103,1187,67,130,1,119,1,63,434,26,27,1,41
06037108104,908,23,104,0,149,0,59,270,3,21,3,2
06037108201,1721,52,233,1,43,12,39,644,11,17,2,20
06037108202,1732,67,197,0,57,11,53,511,8,23,3,18
06037109100,1370,104,141,2,237,113,163,290,15,67,0,22
06037109200,1400,41,107,0,126,13,202,271,5,29,0,12
06037109300,1659,74,115,2,383,24,279,292,9,57,2,15
06037109400,2174,98,239,1,466,64,314,412,26,47,1,10
06037109500,2198,144,224,0,383,77,363,442,16,32,1,4
06037109601,2819,224,252,2,283,142,508,423,16,122,4,34
06037109603,2227,110,199,1,513,73,315,397,19,72,2,34
06037109604,1905,117,128,2,667,230,297,331,10,108,4,27
06037109700,2137,122,182,1,533,85,307,408,5,45,0,15
06037109800,2293,111,177,0,226,78,251,395,31,44,2,22
06037111100,1536,92,110,0,248,20,131,326,5,32,4,14
06037111201,1857,104,155,1,99,71,143,408,4,28,1,13
06037111202,2603,129,188,2,172,65,202,501,5,86,3,33
06037111204,2517,135,257,1,202,18,201,700,63,42,1,73
06037111205,1288,84,113,3,190,17,103,324,1,25,1,27
06037111206,2415,135,204,0,93,15,242,527,15,66,3,51
06037111301,2866,127,203,1,428,176,350,566,12,70,1,43
06037111302,2053,89,134,0,239,104,260,426,14,55,1,43
06037111400,3019,174,196,1,542,410,368,566,21,71,6,47
06037113101,1725,138,175,0,428,45,215,422,20,52,2,38
06037113102,1235,78,154,2,102,48,105,351,11,23,9,51
06037113211,1762,95,203,1,338,48,181,538,10,66,4,40
06037113212,1563,63,132,0,375,115,166,439,6,41,1,34
06037113213,1994,87,161,1,581,116,325,464,9,72,4,24
06037113231,1069,36,96,1,28,2,52,330,4,30,4,34
06037113232,1894,117,189,1,195,57,255,474,9,52,1,37
06037113233,2545,60,176,2,377,187,622,505,17,88,3,34
06037113234,1579,66,155,0,262,86,255,366,23,41,2,13
06037113235,2,0,0,0,0,0,0,0,0,0,0,0
06037113237,1658,124,150,0,357,426,355,544,17,83,4,66
06037113301,968,151,77,1,399,55,159,287,20,49,1,34
06037113303,2762,312,255,1,710,541,577,646,38,153,3,81
06037113321,1930,77,128,0,837,133,385,387,13,68,11,64
06037113322,2116,126,199,0,164,34,225,547,16,80,2,81
06037113401,2888,209,256,1,683,150,620,470,13,68,2,62
06037113421,1675,118,125,0,375,206,382,252,10,54,3,44
06037113422,2421,153,185,0,274,132,347,441,5,52,1,14
06037115101,2098,217,147,2,410,66,212,514,110,101,5,74
06037115103,38,17,0,1,97,1,12,2,3,7,1,12
06037115104,1283,65,61,0,298,2,194,219,10,34,0,12
06037115201,2456,91,168,3,491,12,237,489,8,37,4,38
06037115202,2836,156,204,2,1675,107,402,497,29,107,3,43
06037115301,1659,100,129,1,256,8,163,388,14,36,2,67
06037115302,873,47,59,0,234,9,172,124,0,29,0,25
06037115401,1773,100,115,0,623,15,312,335,13,49,0,29
06037115403,1280,58,97,0,2632,34,272,185,10,18,1,22
06037115404,1443,89,114,1,503,85,254,188,9,42,1,23
06037117101,1846,103,163,1,609,23,332,288,10,57,5,20
06037117102,1303,104,112,0,220,62,139,191,5,64,2,19
06037117201,1600,74,115,2,833,345,251,234,11,52,4,13
06037117202,1239,93,113,1,965,223,276,236,69,56,0,47
06037117301,2179,139,154,0,143,20,188,411,30,31,0,38
06037117302,2433,136,183,3,461,50,162,550,49,90,4,65
06037117303,1932,135,147,0,280,102,270,309,50,83,1,28
06037117404,2121,123,173,0,517,184,294,374,49,76,6,43
06037117405,1478,10,81,1,311,53,248,136,8,24,2,12
06037117407,1174,23,67,0,232,99,454,141,8,13,0,12
06037117408,1072,18,87,0,293,44,390,140,13,36,0,19
06037117510,1510,39,91,0,336,32,292,176,5,27,1,9
06037117520,1740,31,148,1,636,91,517,199,5,24,2,13
06037117530,2401,47,187,0,1573,69,614,307,10,80,2,22
06037119001,2496,120,244,0,355,126,590,336,143,60,1,144
06037119002,3872,212,420,5,694,130,795,518,67,88,6,57
06037119201,2550,137,266,0,420,101,510,376,14,47,7,27
06037119202,2591,110,286,0,396,116,499,395,17,66,2,35
06037119310,1617,64,130,0,487,105,307,194,3,42,2,19
06037119320,1857,55,145,1,329,46,322,192,7,31,1,8
06037119340,1239,17,63,0,139,5,328,149,1,13,1,2
06037119341,1057,44,109,0,219,31,202,171,2,10,1,11
06037119342,992,37,97,4,344,1,304,114,8,25,0,8
06037119400,3241,190,331,0,404,45,578,447,115,67,1,83
06037119700,3112,128,274,0,331,162,572,441,26,75,0,107
06037119800,3695,157,348,0,603,55,734,508,28,59,4,40
06037119900,3018,141,278,0,360,45,461,451,5,103,1,55
06037120010,1429,64,130,0,468,122,355,211,2,34,0,3
06037120020,1750,60,117,1,591,161,538,171,4,37,4,9
06037120030,1011,32,57,0,349,86,513,103,1,7,1,3
06037120103,1313,25,75,0,167,5,331,94,1,7,0,2
06037120104,822,21,53,0,404,121,276,82,16,21,2,17
06037120105,1604,66,180,0,272,23,310,208,8,57,1,14
06037120106,1422,23,119,0,151,26,493,171,5,20,0,4
06037120107,1118,20,98,0,243,22,519,85,2,16,0,8
06037120108,1944,25,168,0,245,49,546,170,4,27,0,6
06037120300,3633,162,321,2,1041,325,888,399,20,140,3,37
06037120400,3226,139,282,1,1110,255,693,417,11,57,1,53
06037121010,2981,213,198,2,1499,132,752,329,38,128,1,68
06037121020,2075,105,129,1,417,71,399,231,19,47,2,25
06037121101,1324,33,114,0,355,61,352,200,4,27,0,19
06037121102,2171,239,144,2,924,654,1166,321,131,120,4,124
06037121210,1888,106,182,0,541,110,517,263,147,72,4,126
06037121221,1183,65,130,0,129,23,202,171,18,22,1,12
06037121222,1985,75,171,1,608,157,533,280,47,60,0,75
06037121600,1699,85,139,0,315,65,241,239,28,39,2,24
06037121801,1728,26,150,1,394,83,311,242,12,31,2,9
06037121802,1827,97,143,1,576,804,726,247,9,71,3,19
06037121900,2153,121,191,0,794,284,763,248,26,43,1,23
06037122000,2985,212,247,4,1116,262,692,435,45,82,10,211
06037122120,2485,79,206,2,241,15,387,309,20,27,0,24
06037122121,1252,58,102,0,208,80,228,148,4,37,0,13
06037122122,1074,41,62,2,667,424,525,120,14,46,0,43
06037122200,2057,86,167,1,356,212,574,297,17,24,1,20
06037122410,1595,25,91,0,901,82,259,148,13,22,0,11
06037122420,2189,97,156,0,490,69,227,290,8,21,0,14
06037123010,1830,72,121,0,448,57,280,196,30,63,1,35
06037123020,2122,50,165,2,138,31,389,217,5,37,7,12
06037123103,2027,37,99,0,677,302,407,243,8,38,2,30
06037123104,2332,65,136,0,323,165,597,309,3,37,0,2
06037123203,1651,35,89,0,1323,60,287,204,10,20,4,9
06037123204,1443,37,84,0,535,20,197,176,3,20,3,2
06037123205,1518,43,103,2,1082,174,435,163,8,34,0,16
06037123206,705,26,56,0,804,113,201,98,5,12,0,9
06037123301,1976,68,178,1,1155,110,300,342,31,49,3,16
06037123303,1499,54,105,0,1118,45,356,204,4,29,0,2
06037123304,1942,79,121,1,1007,80,357,211,18,43,1,24
06037123410,1932,40,131,0,1118,84,234,257,1,43,4,6
06037123420,1842,90,109,3,1656,378,419,258,6,55,1,15
06037123510,2783,82,168,1,1087,74,310,251,8,61,4,8
06037123520,1622,43,84,0,909,16,188,179,6,48,4,2
06037123601,2132,83,135,0,943,211,320,321,8,54,7,39
06037123602,1979,89,152,0,852,32,237,296,17,44,3,20
06037123700,2366,103,170,1,766,24,305,310,14,103,4,12
06037123800,2940,143,222,1,604,159,341,425,30,61,7,47
06037123901,2249,92,133,1,2517,328,376,308,26,52,3,20
06037123902,1398,54,89,0,306,48,104,280,5,31,0,4
06037124000,2532,123,154,1,271,53,195,517,13,70,5,32
06037124102,2165,39,125,0,1221,196,426,300,31,53,2,55
06037124103,1091,23,65,0,775,92,160,94,2,37,0,7
06037124104,1033,22,72,1,566,131,250,137,7,30,1,11
06037124105,1328,32,67,0,567,316,322,152,2,28,1,6
06037124201,1954,71,151,1,731,129,258,295,6,33,2,12
06037124203,1743,55,107,1,321,13,234,239,1,14,0,2
06037124204,1605,27,94,0,282,31,200,220,1,27,0,2
06037124300,2366,69,193,0,864,164,739,326,2,87,2,1
06037124400,2390,113,124,3,258,67,220,370,46,68,9,24
06037124500,1534,92,110,0,273,27,186,259,9,53,6,13
06037124600,1540,90,102,1,237,156,186,305,10,57,2,10
06037124700,2114,88,138,1,243,704,271,392,8,77,4,32
06037124902,1277,21,100,1,263,17,196,189,7,24,2,12
06037124903,1689,29,109,0,347,26,193,244,11,28,21,18
06037125100,2836,126,181,0,672,75,261,436,4,44,6,12
06037125200,2253,101,128,2,724,370,328,375,32,91,5,23
06037125310,2677,86,141,2,1318,250,604,404,23,116,4,39
06037125320,2364,33,103,1,1038,289,234,274,19,65,12,172
06037125401,2318,19,116,1,507,138,231,292,20,64,9,113
06037125402,2474,60,132,4,358,450,340,327,58,67,4,65
06037125501,1813,68,92,1,378,42,189,291,7,53,3,11
06037125502,1928,50,96,1,109,68,143,275,4,46,6,6
06037125600,1164,74,88,0,127,8,60,283,9,53,1,6
06037127102,2920,57,224,0,676,84,458,322,0,52,2,7
06037127103,1019,19,42,1,300,93,127,124,2,36,1,6
06037127104,2446,79,178,0,416,49,244,272,3,40,5,3
06037127210,2649,120,147,1,1128,358,720,259,14,61,7,54
06037127220,2444,90,165,0,909,264,583,239,1,68,2,7
06037127300,1952,82,136,0,377,291,498,336,21,55,3,32
06037127400,2789,138,170,0,1339,211,885,324,30,190,2,39
06037127520,1510,13,91,0,218,87,402,139,5,22,1,24
06037127603,1570,52,80,1,651,30,419,139,4,33,0,6
06037127604,1412,41,103,0,630,68,275,186,5,24,1,3
06037127605,1758,106,91,0,1119,28,502,154,4,40,0,4
06037127606,1599,95,100,2,281,52,361,185,14,33,1,16
06037127711,1716,97,122,2,428,163,367,232,3,88,1,11
06037127712,1538,68,101,0,412,122,317,225,6,32,1,13
06037127803,2397,57,124,0,1013,174,413,204,3,26,3,21
06037127804,1791,49,115,0,571,25,342,185,8,23,1,9
06037127805,1588,80,112,1,1058,247,382,209,7,60,1,5
06037127806,1772,64,85,0,970,328,350,179,2,62,1,5
06037127910,2302,50,141,0,1158,101,316,226,11,34,0,11
06037127920,2935,97,154,1,605,138,281,299,0,34,4,4
06037128101,1947,77,114,1,705,83,292,197,12,52,2,12
06037128102,2460,59,159,1,1299,227,466,224,9,46,8,15
06037128210,2660,67,174,2,1012,342,1042,124,4,52,4,11
06037128220,1637,76,129,0,322,23,246,206,6,27,8,11
06037128302,2128,67,138,0,510,93,476,166,22,34,10,33
06037128303,1896,41,110,0,1363,400,658,107,3,64,1,3
06037128400,2447,101,127,3,759,465,455,357,25,109,6,15
06037128500,2064,98,132,0,330,170,229,328,4,64,6,18
06037128601,2268,71,144,4,839,267,353,239,14,63,8,15
06037128602,1785,107,127,1,237,25,205,306,9,47,2,14
06037128702,2408,183,155,1,238,201,269,433,15,106,10,17
06037128801,1161,39,62,0,161,59,123,170,10,22,8,18
06037128802,2016,54,137,0,141,45,162,349,3,51,3,10
06037128910,2262,120,153,1,294,176,204,392,39,94,9,33
06037131010,2028,117,128,2,770,38,340,259,11,68,3,26
06037131020,3174,105,226,3,2583,123,716,422,9,128,5,26
06037131100,2053,117,169,1,251,8,394,354,10,132,2,19
06037131200,1965,140,154,0,194,21,347,367,3,43,2,8
06037131300,2823,164,219,1,879,103,596,435,8,95,0,12
06037131400,2296,109,181,0,919,77,335,389,7,66,4,17
06037131600,2756,192,229,1,560,30,535,423,9,82,3,24
06037131701,2422,85,210,0,332,39,422,375,16,61,1,28
06037131702,1358,67,110,0,262,9,157,241,11,57,0,8
06037131800,2739,148,174,1,1387,224,511,320,16,131,4,39
06037131900,2793,126,169,0,469,49,538,417,7,106,0,27
06037132001,2061,107,133,0,680,41,364,365,26,64,6,51
06037132002,1991,114,140,0,1213,119,275,320,11,61,3,22
06037132101,1714,106,96,0,1153,34,392,229,12,109,1,16
06037132102,2659,112,171,0,677,31,588,401,12,89,4,20
06037132300,2430,89,184,0,1164,115,420,271,21,87,2,43
06037132501,1731,65,151,0,180,12,203,275,7,21,2,21
06037132502,1779,67,128,1,127,50,230,303,2,44,0,6
06037132700,2614,140,168,0,657,71,364,389,47,67,3,68
06037132900,1976,90,133,2,268,49,199,309,14,52,5,42
06037133000,1973,127,157,0,379,37,337,269,3,79,0,14
06037133100,2177,128,135,0,554,104,301,328,15,68,3,31
06037134001,1562,81,126,0,323,103,452,237,5,50,0,33
06037134002,1548,57,143,0,212,40,190,233,3,26,0,6
06037134101,1991,115,174,0,172,12,210,363,13,91,0,32
06037134103,1861,98,135,1,272,90,291,333,4,60,2,24
06037134104,1652,55,172,0,188,49,260,355,8,30,1,36
06037134201,2086,150,179,1,359,85,405,377,11,76,13,70
06037134302,1951,142,175,5,149,29,259,403,17,45,0,30
06037134303,2579,140,217,1,615,152,354,480,33,71,2,63
06037134304,1369,86,136,0,99,9,229,305,18,37,2,32
06037134305,638,18,42,0,161,78,152,165,3,12,2,3
06037134306,1189,51,85,0,70,73,156,215,5,31,1,22
06037134421,1715,101,175,0,66,6,91,521,13,39,1,45
06037134422,2528,149,212,1,333,102,267,568,25,88,5,102
06037134423,1661,114,164,1,170,7,226,411,15,43,5,29
06037134424,982,44,103,0,57,8,103,299,0,34,6,31
06037134520,2356,66,133,3,1036,341,804,363,41,82,3,49
06037134521,1205,32,87,0,341,60,226,199,0,30,2,2
06037134522,1686,55,125,0,422,126,463,308,4,47,1,23
06037134710,1898,39,142,0,219,6,383,269,2,33,5,7
06037134720,1786,111,127,1,435,73,278,335,8,33,4,17
06037134800,3261,142,282,4,740,112,514,544,19,91,2,32
06037134901,1786,114,126,0,291,70,207,303,37,94,2,59
06037134903,856,27,43,0,330,153,157,88,18,48,0,15
06037134904,2298,77,194,1,251,168,305,375,7,49,0,15
06037134905,351,52,16,1,243,157,116,61,50,66,1,38
06037135102,1709,113,175,1,291,146,225,412,29,57,1,51
06037135111,1509,67,131,1,235,46,170,347,51,41,2,81
06037135113,181,15,29,1,92,45,19,47,5,20,2,13
06037135114,503,39,51,1,436,99,116,125,8,25,1,38
06037135201,1324,72,107,1,250,125,211,246,12,56,1,38
06037135202,2371,160,165,0,123,57,219,517,42,61,6,84
06037135203,3278,141,288,2,178,119,457,668,152,99,6,83
06037137103,590,21,52,2,100,322,51,115,4,35,3,15
06037137104,1434,161,122,0,132,143,198,324,48,34,6,83
06037137201,2148,151,173,2,495,706,252,519,13,120,2,58
06037137301,902,77,72,0,41,14,65,214,7,40,0,21
06037137302,1915,97,165,0,42,66,112,517,56,42,9,77
06037137401,2047,96,156,2,171,353,174,592,14,91,5,25
06037137402,2097,94,170,2,105,31,118,589,19,79,6,79
06037137501,1050,75,76,2,690,741,168,257,18,79,6,57
06037137502,2193,88,158,2,317,457,171,513,10,102,12,25
06037137504,703,24,81,0,9,1,25,216,1,25,2,8
06037138000,1855,106,148,0,14,25,91,550,1,79,7,14
06037139001,2387,159,173,3,200,67,359,490,17,94,8,62
06037139200,2487,156,177,2,189,127,471,463,47,96,9,66
06037139301,2274,153,187,0,510,268,282,438,30,145,11,29
06037139302,1266,14,67,0,527,105,214,182,24,32,0,6
06037139303,1115,17,57,0,516,40,218,146,13,19,2,9
06037139401,1218,41,127,2,670,307,250,254,15,85,5,24
06037139402,1043,68,106,2,534,278,150,262,3,80,9,21
06037139502,1603,58,151,0,158,145,203,329,24,50,5,17
06037139503,1565,20,88,1,62,23,229,183,10,17,15,13
06037139504,1351,14,110,0,34,39,215,246,4,9,3,2
06037139600,1159,65,99,0,290,148,180,256,14,154,14,26
06037139701,1801,139,181,2,192,24,149,477,5,110,12,20
06037139702,1842,103,213,1,42,1,158,552,7,82,19,39
06037139703,878,46,73,0,7,0,51,256,3,10,0,15
06037139801,1202,40,147,1,17,2,31,354,6,29,5,33
06037139802,1139,50,121,0,70,5,50,365,6,65,2,14
06037141101,1786,54,100,0,103,107,188,252,5,42,5,11
06037141102,1124,41,85,3,100,166,98,225,31,41,4,76
06037141201,1839,50,121,2,315,268,252,263,4,47,6,24
06037141202,1105,44,54,0,156,42,83,191,18,45,12,24
06037141302,2138,75,132,1,282,241,295,361,49,111,5,139
06037141303,1145,5,82,0,138,38,86,120,1,27,2,8
06037141304,1269,51,77,0,234,127,137,214,29,56,13,59
06037141400,1627,115,127,1,215,32,140,401,30,98,10,60
06037141500,780,57,83,0,52,8,107,249,76,36,17,249
06037141600,1443,122,114,2,48,7,67,425,20,56,7,76
06037141700,1018,64,94,3,111,2,60,280,31,49,11,145
06037143100,1686,72,95,3,661,134,217,341,56,81,8,75
06037143200,1995,77,99,0,389,677,234,371,58,94,7,48
06037143300,2990,95,190,1,211,600,275,539,43,130,8,62
06037143400,2687,133,192,3,211,423,201,508,14,88,9,20
06037143500,2073,102,120,0,146,112,154,352,12,96,5,13
06037143602,1577,78,127,1,228,246,163,307,33,88,10,26
06037143603,1063,24,69,1,80,34,66,211,14,12,1,54
06037143604,819,9,55,0,387,296,95,146,2,27,3,11
06037143700,1577,90,120,2,447,112,161,385,17,107,7,36
06037143800,2095,118,176,1,595,263,276,470,10,84,12,11
06037143901,1669,116,117,0,359,220,111,461,33,124,13,68
06037143902,955,57,72,1,160,27,66,228,4,31,7,24
06037181000,3204,118,239,2,1266,458,214,733,64,115,23,96
06037181300,2011,71,152,1,401,205,132,390,4,52,1,10
06037181400,2446,75,157,0,1381,175,141,350,5,50,4,37
06037181500,2238,75,183,3,711,56,148,455,8,82,3,14
06037181600,1592,67,136,0,485,16,105,294,9,50,3,8
06037183101,2540,82,217,0,879,75,273,474,7,142,2,8
06037183103,1859,66,151,1,321,31,224,237,5,54,1,12
06037183104,1057,35,86,0,104,4,67,193,1,20,0,8
06037183220,2217,74,214,0,882,15,204,317,6,50,8,9
06037183221,2190,90,190,1,291,1,162,336,6,39,0,5
06037183222,1887,66,137,2,238,5,151,364,35,43,1,21
06037183300,1929,72,166,0,716,33,184,268,0,74,3,1
06037183401,1430,62,109,0,409,14,92,267,1,68,5,12
06037183402,1482,40,120,1,438,10,93,257,5,35,2,2
06037183510,1569,70,128,3,359,7,129,255,2,84,1,3
06037183520,1783,62,117,1,909,7,182,237,1,48,2,5
06037183610,1438,41,121,0,781,89,214,185,4,48,1,8
06037183620,1733,73,152,1,895,231,242,282,5,52,0,3
06037183701,1840,47,138,1,734,179,234,269,17,63,2,20
06037183702,1462,77,109,0,514,40,127,252,5,54,3,41
06037183810,1821,61,95,1,1063,51,246,202,6,49,0,15
06037183820,1303,34,89,0,295,95,131,152,6,46,0,2
06037185100,3162,139,221,0,726,60,370,654,16,165,7,18
06037185202,1768,87,150,3,501,49,173,344,0,72,1,2
06037185203,1980,79,145,0,568,24,323,317,6,39,1,13
06037185204,978,55,99,1,173,5,92,193,0,64,3,0
06037185310,1694,53,149,0,416,5,296,264,2,28,2,7
06037185320,1709,68,143,1,1276,131,281,270,10,48,1,18
06037186100,2607,140,231,0,308,34,149,587,5,89,3,8
06037186201,1425,27,124,0,394,42,92,292,3,28,4,4
06037186202,872,34,74,0,186,25,70,169,2,23,1,7
06037186203,1359,73,121,0,108,7,83,277,3,54,3,5
06037186301,1488,41,153,1,1321,33,170,231,4,34,0,8
06037186302,3031,107,241,0,964,54,277,555,5,125,9,11
06037186401,1711,65,108,0,2283,81,218,238,5,49,3,12
06037186403,1482,32,136,0,657,25,166,272,1,32,0,7
06037186404,1273,48,109,1,508,29,106,184,2,19,0,4
06037187101,1924,91,143,0,622,51,105,311,6,36,10,42
06037187102,2477,118,148,0,994,119,155,348,17,80,2,32
06037187200,2016,70,189,0,1109,80,216,309,18,72,4,51
06037187300,1744,67,116,1,1277,124,218,407,15,84,3,4
06037188100,2223,117,165,0,1248,75,393,334,22,70,4,39
06037188201,1355,64,61,1,416,79,92,232,31,46,11,64
06037188202,816,52,71,0,32,15,43,199,7,31,2,20
06037188300,2082,106,191,0,594,36,107,419,6,51,2,39
06037189101,1401,40,62,3,432,53,140,229,1,34,14,9
06037189102,1345,42,70,0,131,13,77,225,1,19,7,17
06037189201,1414,49,85,2,482,78,176,165,4,34,2,10
06037189202,1285,63,81,1,139,21,61,245,48,40,4,85
06037189300,1152,103,80,1,181,34,76,365,33,69,12,72
06037189400,1561,63,99,1,48,3,71,401,90,66,9,185
06037189500,2219,40,135,0,276,86,206,349,32,59,5,65
06037189600,2307,65,139,2,614,537,685,432,104,126,7,186
06037189701,1243,77,99,1,222,59,181,328,17,68,13,43
06037189702,900,16,58,0,166,100,97,229,28,49,15,72
06037189800,1763,60,113,1,515,67,162,295,4,55,3,21
06037189902,2517,24,109,1,192,345,325,272,5,35,3,14
06037189903,530,7,20,0,25,3,31,45,0,4,0,0
06037189904,1027,9,30,0,145,159,98,139,4,24,2,10
06037189905,886,17,52,0,71,362,102,156,7,28,2,15
06037190100,2387,30,107,0,773,317,323,318,12,154,2,39
06037190201,898,14,21,1,479,200,161,83,9,29,6,30
06037190202,1253,7,42,0,272,117,96,194,19,35,4,19
06037190301,2106,40,115,1,679,437,318,248,14,70,2,16
06037190401,1236,6,60,0,455,25,102,101,1,25,4,6
06037190402,1160,7,63,0,504,21,140,110,0,28,0,1
06037190510,1761,38,82,0,2457,235,235,222,4,48,2,15
06037190520,1801,33,95,1,1981,98,215,171,2,26,2,16
06037190700,1538,30,76,4,1021,297,215,246,12,130,5,104
06037190801,1099,13,35,1,747,386,158,133,3,41,2,18
06037190802,1395,41,76,1,522,339,160,198,11,50,2,62
06037190901,2303,35,130,0,3603,181,402,230,13,60,7,28
06037190902,1921,14,94,0,1072,44,265,220,11,22,2,35
06037191000,1367,38,81,2,1260,675,217,184,19,62,4,51
06037191110,1667,41,115,1,3311,97,334,166,1,46,4,11
06037191120,3389,31,239,0,834,63,469,302,4,25,3,3
06037191201,1662,47,82,4,2290,181,332,182,13,64,3,44
06037191203,1501,42,78,0,1169,107,170,163,5,35,1,4
06037191204,1692,20,102,0,825,24,313,186,0,26,0,0
06037191301,1147,23,83,0,1601,155,234,130,2,38,3,32
06037191302,1025,28,65,1,1486,269,131,132,6,34,8,30
06037191410,2418,38,223,3,2598,253,472,269,4,36,4,48
06037191420,1523,24,88,0,1265,116,325,154,6,18,1,19
06037191500,3059,48,216,4,4449,264,599,336,8,42,6,17
06037191610,3120,51,217,2,3832,154,468,433,7,64,1,21
06037191620,1218,26,62,0,1466,96,211,131,2,19,0,1
06037191710,1532,34,112,0,1352,49,204,219,7,27,3,21
06037191720,1806,30,90,3,2050,50,227,257,12,36,2,9
06037191810,1729,33,96,0,1849,349,264,172,14,63,3,31
06037191820,1486,27,75,2,1405,689,228,142,0,60,9,31
06037191901,2185,33,101,0,1135,457,230,246,34,78,7,83
06037191902,1712,66,101,0,660,269,193,320,36,59,7,139
06037192001,1443,45,73,0,328,624,281,222,14,49,6,28
06037192002,1627,66,100,2,1057,106,212,322,11,84,7,63
06037192300,950,42,53,0,415,73,54,201,26,51,3,74
06037192410,1722,80,95,1,408,113,115,276,112,82,15,244
06037192420,1599,65,79,2,1611,141,293,173,4,40,3,16
06037192510,1814,29,95,0,1669,107,305,181,4,24,2,4
06037192520,2565,47,151,4,1115,18,328,237,14,28,0,2
06037192610,2383,45,87,2,1916,339,590,223,19,70,3,38
06037192620,1636,19,74,26,1322,226,394,151,15,78,0,24
06037192700,1629,49,90,14,1963,1053,396,192,38,63,3,42
06037194101,1086,37,83,3,138,14,91,225,4,65,8,12
06037194102,1140,67,124,0,118,5,86,348,14,50,12,64
06037194200,1558,75,127,2,165,31,125,433,83,141,17,233
06037194300,903,44,83,0,25,5,56,290,19,97,15,53
06037194401,1058,34,58,1,301,104,152,140,8,28,4,11
06037194402,1292,39,60,3,93,123,113,217,5,46,10,77
06037194500,1121,55,64,0,536,694,173,167,4,40,3,51
06037195100,2130,145,125,4,730,41,99,510,157,98,26,155
06037195201,1558,54,108,0,231,7,87,298,50,48,19,40
06037195202,1731,104,104,1,332,11,102,329,44,74,3,137
06037195300,1722,90,99,3,678,353,155,272,6,71,8,15
06037195400,2372,110,172,4,1035,50,214,509,23,80,5,12
06037195500,3217,103,209,2,1988,416,275,624,13,113,8,42
06037195600,1918,76,137,0,2677,259,263,283,7,50,3,21
06037195710,1845,62,103,0,1737,312,370,318,21,75,3,33
06037195720,1287,45,78,1,2069,120,189,168,5,25,1,13
06037195802,1514,78,121,3,1309,439,452,186,15,49,1,55
06037195803,1656,69,81,0,1186,104,171,230,9,65,11,55
06037195804,1444,84,117,0,872,133,208,203,10,21,0,23
06037195901,1265,63,66,0,423,19,125,178,3,42,6,19
06037195902,911,31,51,0,486,4,53,139,7,37,2,10
06037195903,1266,35,90,1,251,33,119,179,5,27,0,9
06037197200,2173,52,204,1,749,31,168,316,11,49,2,66
06037197300,2297,62,123,1,954,25,201,402,7,68,6,16
06037197410,2389,101,131,1,1150,86,262,471,15,81,2,3
06037197420,2173,76,148,0,1750,384,219,307,13,103,3,28
06037197500,2147,53,142,1,1994,188,198,295,9,77,8,40
06037197600,1466,42,65,0,1200,65,265,201,9,62,2,22
06037197700,2493,56,177,1,1305,38,389,295,12,55,3,29
06037199000,1843,97,112,2,2990,329,535,211,50,155,11,114
06037199110,1403,51,123,6,521,20,211,218,16,34,2,12
06037199120,1412,80,117,0,1080,47,343,156,9,39,4,31
06037199201,1514,56,139,3,804,25,211,147,3,44,0,22
06037199202,1457,60,97,0,675,6,129,216,5,51,4,32
06037199300,2185,97,149,7,1327,81,171,342,31,122,7,87
06037199400,2204,84,169,1,786,91,399,302,8,26,1,21
06037199700,1408,51,118,2,1332,125,405,213,19,65,1,37
06037199800,2301,78,167,9,790,162,274,197,9,79,1,29
06037199900,1151,50,93,1,982,133,290,140,6,57,2,14
06037201110,1369,69,121,0,188,43,132,173,7,36,0,33
06037201120,2201,78,171,0,229,199,275,291,64,79,4,46
06037201200,1343,38,116,0,443,133,225,155,5,44,3,19
06037201301,1917,104,182,0,578,40,245,248,29,85,0,51
06037201302,1521,25,131,0,288,6,142,261,9,21,1,44
06037201401,2067,76,169,1,1259,127,313,295,20,120,1,28
06037201402,2151,112,254,0,489,47,229,264,24,61,3,51
06037201501,2728,146,228,0,939,87,303,327,8,74,4,63
06037201503,1620,57,141,0,472,44,168,169,13,34,3,31
06037201504,1156,41,82,0,430,7,300,108,7,37,0,19
06037201601,976,59,78,1,204,34,150,123,9,31,1,17
06037201602,1478,83,128,0,690,101,322,188,82,46,1,90
06037201700,1798,122,135,2,1035,57,207,254,23,99,0,64
06037203100,1078,73,81,0,1207,22,185,101,11,35,3,21
06037203200,2189,71,209,0,1301,36,279,264,4,34,0,8
06037203300,592,87,57,0,874,99,125,76,12,54,0,32
06037203500,1463,59,110,2,2102,58,267,205,33,36,0,42
06037203600,2181,87,162,0,1231,14,313,252,13,39,1,26
06037203710,1334,41,104,1,1309,23,314,137,4,19,1,15
06037203720,1644,94,133,0,1384,28,341,188,23,19,0,24
06037203800,2200,102,217,1,1235,92,368,256,6,30,2,3
06037203900,1237,60,90,1,2157,93,211,173,42,51,1,35
06037204110,1323,84,115,4,2619,5,165,174,50,41,0,59
06037204120,1173,79,108,1,1833,25,136,122,12,30,2,16
06037204200,1587,79,112,0,2712,36,368,158,5,26,2,18
06037204300,2054,116,178,0,5363,47,240,259,23,66,6,16
06037204410,945,34,82,0,1157,89,190,115,2,31,0,10
06037204420,1165,58,105,0,1962,40,192,115,5,36,1,16
06037204600,1694,129,128,2,1817,88,385,207,37,44,9,20
06037204700,2112,128,179,2,1781,54,330,269,55,67,5,43
06037204810,1970,117,152,0,2001,47,332,244,50,51,4,55
06037204820,826,47,76,0,888,18,82,123,3,15,0,6
06037204910,1479,85,103,0,899,26,302,186,19,28,1,18
06037204920,1495,107,149,1,1449,64,629,185,26,50,0,40
06037205110,22,10,1,0,223,7,8,2,4,7,2,8
06037205120,723,96,38,1,3054,412,738,65,34,73,0,40
06037206010,873,45,73,1,3007,101,152,148,60,72,5,111
06037206020,52,9,0,0,784,179,59,4,25,28,4,28
06037206031,965,89,20,5,6505,970,1024,80,94,209,10,109
06037206032,1439,75,87,3,2426,161,451,187,31,66,5,26
06037206050,417,64,17,3,1882,164,276,39,46,43,4,50
06037206200,454,32,32,5,2276,237,305,65,25,90,5,142
06037206300,176,40,6,1,1037,1006,315,22,44,110,3,156
06037207101,677,24,64,0,1156,136,203,82,5,26,3,51
06037207102,616,29,69,0,1840,169,135,91,39,50,5,270
06037207103,542,22,57,2,1460,80,107,104,28,41,0,135
06037207301,550,17,17,3,1677,335,118,71,58,120,4,162
06037207302,356,26,6,2,1187,274,114,20,58,84,6,88
06037207400,110,62,5,16,950,300,121,12,82,150,8,129
06037207501,189,8,5,0,300,21,47,10,25,28,3,30
06037207502,115,11,6,0,523,59,50,2,278,61,4,179
06037207710,392,38,8,7,1403,550,133,49,490,209,2,385
06037207900,752,42,17,3,1242,193,269,77,81,162,4,212
06037208000,2328,58,132,13,5540,131,545,268,24,100,6,75
06037208301,617,14,31,1,710,3,126,71,0,13,0,2
06037208302,1694,47,128,4,2457,63,345,207,20,66,1,31
06037208401,1000,13,62,0,1007,90,339,132,3,24,1,8
06037208402,1341,37,92,1,1537,140,381,174,15,57,0,31
06037208501,983,37,63,8,811,135,188,110,11,29,0,15
06037208502,1616,32,103,1,2083,116,255,188,9,36,1,22
06037208610,1877,52,114,0,1050,168,430,225,2,41,2,27
06037208620,1597,50,107,6,962,125,374,191,11,31,7,16
06037208710,957,11,46,4,263,253,349,120,1,41,2,14
06037208720,978,17,44,3,886,226,328,141,5,26,1,12
06037208801,764,18,44,29,694,202,258,135,8,27,4,19
06037208802,999,12,48,0,1002,191,232,158,11,30,3,16
06037208902,436,10,15,0,1492,100,253,75,13,16,0,17
06037208903,730,14,65,12,1545,81,693,126,12,43,1,31
06037208904,576,8,40,0,1001,1,358,111,1,12,0,8
06037209102,1237,31,96,0,1740,34,372,211,5,21,2,22
06037209103,885,11,74,2,968,5,318,125,3,17,0,3
06037209104,669,13,48,1,245,6,126,92,3,12,2,4
06037209200,469,26,30,4,653,134,166,61,3,40,11,18
06037209300,898,16,61,2,1094,198,435,117,6,39,0,19
06037209401,1047,13,39,0,1138,307,413,123,28,23,3,28
06037209402,627,10,28,2,1890,146,371,116,14,32,2,13
06037209403,409,7,19,0,2771,209,273,60,11,22,1,3
06037209510,690,29,33,1,1012,432,221,69,14,17,1,26
06037209520,615,14,26,6,1260,124,364,85,13,19,3,21
06037209810,565,15,37,1,428,86,323,64,5,15,0,6
06037209820,874,25,42,0,991,12,530,93,7,17,0,10
06037210010,1218,24,57,0,1348,449,463,124,31,40,1,38
06037211000,1404,145,84,2,395,146,111,320,293,115,17,328
06037211120,1600,26,84,46,1408,1654,282,237,58,117,5,121
06037211121,750,23,29,3,487,86,172,70,8,23,2,14
06037211122,897,29,62,138,1525,987,613,105,22,145,5,25
06037211201,1290,15,71,12,501,9,257,137,7,41,1,17
06037211202,1223,14,64,62,1126,274,518,124,8,157,3,9
06037211310,1594,15,79,48,571,24,352,119,2,57,8,13
06037211320,1500,39,88,272,1529,596,580,162,4,257,3,4
06037211410,1380,23,68,10,695,95,141,136,3,15,0,7
06037211420,1863,47,116,30,1112,88,278,221,1,41,4,15
06037211500,1783,102,101,4,915,166,175,264,106,81,6,165
06037211701,874,43,63,2,173,77,68,162,25,33,10,53
06037211703,1644,12,89,1,547,64,192,192,1,29,0,7
06037211704,1112,17,46,1,747,211,93,121,8,54,3,20
06037211802,1517,27,56,12,1207,748,133,172,16,58,4,41
06037211803,950,11,55,17,277,84,75,137,0,24,1,11
06037211804,924,25,56,3,438,136,53,112,2,16,1,21
06037211910,1521,13,58,23,345,58,284,145,1,41,1,13
06037211921,656,3,24,140,910,548,179,43,7,168,0,3
06037211922,1231,5,46,31,396,200,191,79,1,63,2,10
06037212101,893,21,29,21,1070,500,85,90,5,50,1,20
06037212102,860,11,37,15,513,168,121,84,2,29,3,24
06037212202,997,13,68,0,381,23,333,111,3,18,1,16
06037212203,512,5,25,8,290,163,94,87,5,20,0,18
06037212204,822,19,57,16,445,643,321,97,63,61,4,36
06037212303,1013,14,22,27,850,320,174,81,12,64,0,17
06037212304,742,5,34,13,652,87,118,81,1,29,0,11
06037212305,898,8,41,1,221,31,313,93,0,40,1,2
06037212306,946,12,49,9,530,51,181,72,1,30,0,9
06037212410,1285,3,91,14,461,144,130,123,3,51,3,12
06037212420,1135,23,65,2,491,49,203,103,2,7,2,15
06037212501,776,8,51,0,297,111,105,76,1,16,1,3
06037212502,1022,14,41,10,1118,550,180,101,16,50,7,27
06037212610,1541,30,71,17,967,220,154,183,6,65,0,22
06037212620,1547,25,73,0,399,37,170,126,4,26,3,18
06037212701,1032,67,72,0,377,119,135,147,7,19,0,14
06037212702,1350,59,94,3,485,35,101,218,33,43,4,47
06037212800,2522,75,149,0,1626,42,332,314,13,58,8,36
06037212900,1648,48,92,1,398,16,245,186,9,36,10,18
06037213100,1036,60,73,0,1080,425,200,132,5,45,1,23
06037213201,1575,43,81,0,833,131,281,156,10,44,2,38
06037213202,2049,50,103,0,706,36,287,184,9,21,1,19
06037213310,1091,46,83,2,801,70,686,132,11,30,1,20
06037213320,879,44,69,2,647,129,581,102,6,26,1,35
06037213401,913,20,50,3,365,95,500,86,4,13,1,20
06037213402,1214,40,55,1,1143,52,927,131,10,21,2,40
06037214000,2208,114,116,1,363,149,245,541,9,39,8,48
06037214100,1782,88,103,1,238,147,140,374,264,58,9,155
06037214400,1992,33,76,0,381,107,195,238,6,35,6,53
06037214501,78,8,3,3,137,59,21,11,3,16,8,7
06037214502,160,3,4,0,22,3,12,37,0,7,2,1
06037214503,7,3,0,2,8,0,0,1,0,2,1,25
06037214600,1323,40,78,3,279,174,186,189,9,56,6,42
06037214700,1328,48,92,1,210,277,127,253,21,35,5,38
06037214800,1320,44,78,1,173,199,147,226,11,43,4,27
06037214901,910,13,58,0,40,17,86,155,7,40,2,15
06037214902,752,18,54,2,93,206,108,156,8,33,2,11
06037215101,770,17,23,1,102,41,65,99,19,41,4,25
06037215102,1467,16,57,0,193,85,134,182,6,34,8,10
06037216100,1230,85,94,0,71,6,65,218,32,24,5,46
06037216200,2346,94,151,2,325,108,215,461,49,71,8,48
06037216300,2425,134,183,2,196,128,162,487,20,97,17,66
06037216401,2083,20,107,0,181,68,238,259,4,37,3,22
06037216402,1211,21,74,0,22,1,104,213,0,8,0,10
06037216700,2069,78,159,0,206,145,254,381,7,85,16,26
06037216800,1728,79,108,0,236,109,245,325,3,40,15,39
06037216900,2952,145,242,3,402,27,328,561,3,102,322,26
06037217001,1631,64,79,1,236,36,214,277,11,44,7,24
06037217002,3084,68,159,1,454,116,394,453,11,80,9,24
06037217100,3763,110,235,1,716,57,397,588,8,97,17,18
06037217200,2827,124,197,2,675,343,366,411,14,84,22,34
06037218110,2250,65,145,3,1377,57,520,310,9,118,1,14
06037218120,2118,76,108,1,1426,32,729,237,4,86,1,13
06037218210,2223,39,135,2,548,8,340,259,6,30,2,14
06037218220,2528,87,181,0,858,30,365,367,6,37,8,21
06037218300,3554,143,222,0,911,227,579,525,3,68,2,18
06037218400,3013,81,153,1,658,214,526,345,11,56,7,38
06037218500,2268,67,113,0,601,204,569,296,7,37,0,27
06037218600,1932,89,158,1,372,30,281,283,23,33,1,18
06037218701,1394,65,111,1,885,42,232,222,4,58,3,16
06037218702,1322,44,104,0,535,53,379,150,4,29,0,5
06037218800,1703,43,130,1,1568,26,361,207,3,35,1,9
06037218900,2687,118,221,0,492,13,488,334,8,42,5,14
06037219010,1859,71,116,0,342,40,260,239,0,35,0,6
06037219020,3643,139,205,0,786,75,825,453,6,72,0,40
06037219300,2865,131,180,1,906,159,664,333,5,36,1,26
06037219500,1231,87,122,0,210,106,177,257,7,27,3,16
06037219700,2823,121,201,0,731,164,655,384,1,81,5,31
06037219800,1981,75,93,0,490,20,364,218,9,42,4,28
06037219901,2896,82,172,3,817,49,491,370,26,60,3,32
06037219902,2500,87,173,0,795,35,364,404,17,74,4,25
06037220000,4034,182,322,2,1224,212,774,544,12,113,1,33
06037220100,1174,79,123,1,576,30,155,248,31,47,13,42
06037221110,911,28,81,0,1088,68,764,135,16,14,1,25
06037221120,826,37,67,0,1060,17,827,123,3,21,1,16
06037221210,2289,58,162,1,1504,93,394,194,1,50,2,6
06037221220,1093,74,85,2,1552,53,956,161,8,42,0,12
06037221302,2535,54,165,1,1844,30,463,202,2,41,6,13
06037221303,1260,25,92,3,1215,22,206,117,1,22,2,16
06037221304,1255,13,75,0,379,10,292,120,0,14,0,5
06037221401,1227,76,103,1,315,12,228,147,3,31,2,12
06037221402,1356,69,98,1,1499,88,274,170,5,39,0,22
06037221500,1549,44,89,1,493,8,272,115,0,33,2,10
06037221601,1477,34,101,0,554,46,329,189,11,31,4,28
06037221602,966,55,76,1,1043,125,1133,129,8,40,2,20
06037221710,957,31,66,1,481,27,113,144,3,20,1,11
06037221810,948,27,46,0,171,6,148,129,1,15,0,11
06037221820,641,25,21,0,38,4,54,62,2,25,5,5
06037221900,852,37,54,0,212,5,139,94,21,43,3,20
06037222001,2074,78,147,0,396,24,388,301,3,43,2,4
06037222002,3100,105,164,0,416,59,547,400,4,57,6,9
06037222100,1986,74,113,1,348,13,390,208,1,35,2,4
06037222200,1622,63,106,1,911,14,465,190,14,60,1,4
06037222500,2831,95,164,1,399,54,838,295,16,53,2,19
06037222600,2270,79,134,0,209,63,450,269,11,36,1,33
06037222700,18,13,0,0,105,8,12,3,15,23,0,28
06037224010,1134,33,57,2,2070,356,493,103,50,72,1,102
06037224020,986,82,55,2,7189,634,798,102,125,86,2,139
06037224200,697,25,41,0,1867,174,706,125,12,29,3,29
06037224310,570,12,50,0,959,27,531,93,3,13,1,12
06037224320,823,25,44,0,1783,91,772,119,4,35,2,20
06037224410,915,42,88,0,430,29,547,149,11,18,0,18
06037224420,500,20,48,0,210,32,288,88,2,14,2,25
06037224600,1231,71,75,0,4974,879,762,130,113,82,2,92
06037224700,281,25,6,0,131,19,51,28,22,31,5,65
06037226001,986,115,64,2,7049,989,1141,134,131,102,5,166
06037226002,1141,109,14,7,4984,3046,2429,91,81,222,7,186
06037226410,1236,70,86,0,1615,87,349,148,37,28,1,37
06037226420,1924,94,136,0,1856,69,486,268,33,23,0,39
06037226700,2353,163,183,0,3030,231,788,339,66,43,0,59
06037227010,1425,102,103,0,2877,209,625,189,91,52,2,78
06037227020,1271,85,96,1,2007,120,398,157,25,35,0,82
06037228100,2132,154,159,1,2911,146,608,274,57,121,2,170
06037228210,1578,102,127,1,1485,27,411,233,6,16,2,12
06037228220,1601,103,145,2,1081,26,366,212,16,24,0,33
06037228310,1631,104,118,0,2152,121,335,245,28,29,2,23
06037228320,996,67,67,0,705,30,191,117,24,16,0,20
06037228410,1161,48,101,0,961,12,212,190,14,25,2,11
06037228420,1152,93,85,0,1430,145,479,143,8,10,0,12
06037228500,2177,142,197,0,1543,263,491,278,23,36,1,46
06037228600,1524,129,100,0,1292,66,430,216,37,27,0,24
06037228710,1650,72,137,0,1296,76,388,254,11,6,0,18
06037228720,1737,132,109,0,1127,26,461,226,5,33,3,39
06037228800,1655,115,138,2,2383,138,607,211,21,68,3,83
06037228900,638,131,27,0,1205,27,331,67,20,67,1,65
06037229100,1758,112,145,0,1200,99,410,264,26,27,0,45
06037229200,1743,96,151,0,597,36,349,235,3,21,0,32
06037229300,2137,160,161,1,1240,61,343,270,35,23,0,43
06037229410,1391,84,84,0,855,83,283,188,19,15,0,29
06037229420,1745,92,168,0,1116,55,258,266,5,13,1,38
06037231100,1171,88,62,5,4584,641,751,139,86,74,2,63
06037231210,2341,74,204,0,373,29,498,269,51,24,0,22
06037231220,1996,60,169,1,647,13,552,224,10,51,3,35
06037231300,3222,175,201,0,803,32,654,377,12,81,1,15
06037231400,3113,143,191,2,473,59,567,431,0,42,8,27
06037231500,2936,159,220,4,249,33,593,447,13,46,1,24
06037231600,4025,216,307,0,989,25,832,547,22,37,0,20
06037231710,2134,76,131,0,2794,75,814,185,14,26,0,24
06037231720,1939,80,112,1,1586,133,578,200,21,34,5,37
06037231800,2107,97,173,1,2434,170,822,300,32,59,1,52
06037231900,2099,179,155,0,1682,305,612,301,91,55,0,70
06037232110,1739,80,125,0,1419,40,464,213,33,25,0,12
06037232120,2110,123,145,1,928,103,507,245,29,39,0,44
06037232200,2066,130,130,1,1166,37,542,191,21,40,1,32
06037232300,2612,155,180,0,1904,58,583,269,7,60,2,24
06037232400,4337,255,300,1,460,81,1039,523,26,51,3,27
06037232500,2754,149,187,1,666,90,834,296,16,61,2,21
06037232600,3037,158,209,0,2247,68,884,383,27,60,1,38
06037232700,2706,172,198,2,2487,286,985,342,88,55,2,61
06037232800,1534,89,116,0,1734,436,415,194,118,52,3,68
06037234000,3907,213,345,0,428,33,502,709,6,93,6,42
06037234200,1686,126,176,1,260,40,332,345,3,46,2,22
06037234300,3244,138,243,5,432,134,1124,448,11,115,4,53
06037234501,2188,137,173,0,136,27,236,326,13,41,0,18
06037234502,2190,115,213,4,257,31,413,348,7,44,0,14
06037234600,3547,217,310,2,453,86,433,565,30,104,8,44
06037234700,2462,153,214,1,520,53,381,428,9,39,3,22
06037234800,2623,154,211,1,247,61,380,359,5,44,0,14
06037234901,1776,58,104,0,124,15,400,162,3,14,2,8
06037234902,1912,64,121,1,222,25,388,236,11,15,0,19
06037235100,3197,194,328,0,102,11,251,723,3,54,2,29
06037235201,1805,110,116,0,165,16,226,365,5,20,1,36
06037235202,2733,175,167,0,509,48,573,416,31,65,1,27
06037236000,1921,212,229,0,325,31,173,555,8,37,11,24
06037236100,2537,113,222,2,255,55,811,319,45,80,6,26
06037236202,1870,47,136,1,116,15,631,172,0,22,3,0
06037236203,613,31,30,0,99,31,172,71,3,17,0,5
06037236204,1332,26,91,0,31,2,439,127,1,7,7,6
06037236400,2039,103,223,1,73,13,198,488,2,67,6,33
06037237101,1870,105,134,0,1692,64,458,240,27,41,1,22
06037237102,1528,91,130,0,774,75,509,211,25,30,0,25
06037237201,2009,131,125,0,1059,16,503,238,20,37,0,21
06037237202,3047,205,151,0,1609,217,964,315,31,66,8,54
06037237300,3443,188,292,3,482,55,466,618,27,86,0,28
06037237401,2053,108,172,1,868,138,563,281,0,32,0,18
06037237402,1931,128,158,1,407,8,333,300,3,44,0,6
06037237500,1214,67,79,0,787,36,385,119,4,56,0,7
06037237600,1915,99,133,1,609,51,566,229,6,29,1,17
06037237710,1674,137,92,1,649,223,979,198,3,41,0,16
06037237720,1548,75,84,0,354,82,488,162,11,11,0,20
06037237800,2401,165,185,1,476,63,456,377,14,40,1,42
06037237900,2439,175,210,2,336,68,467,433,14,34,0,32
06037238000,4125,282,422,2,981,102,891,834,10,83,2,48
06037238100,3227,187,290,1,313,56,507,571,16,66,1,26
06037238200,4061,237,388,1,602,41,886,688,25,72,3,31
06037238310,1785,96,113,0,1236,36,732,206,24,28,2,14
06037238320,1644,69,104,1,2006,64,990,189,28,34,1,20
06037238400,3222,249,388,2,769,116,604,691,17,72,4,42
06037239201,1379,108,96,0,1182,297,511,184,59,29,0,91
06037239202,1899,153,118,0,1736,361,697,233,77,69,2,134
06037239310,1821,123,118,0,1621,170,870,221,60,36,0,40
06037239320,1567,50,118,0,688,39,282,219,10,22,3,18
06037239330,1081,88,85,1,1379,203,332,155,82,27,0,63
06037239501,1515,90,117,1,1382,150,547,181,49,47,2,63
06037239502,1404,98,128,0,736,29,386,193,11,35,1,26
06037239601,1528,75,102,1,1541,105,776,172,41,20,0,19
06037239602,1600,78,103,0,1151,19,435,223,11,20,0,15
06037239701,1752,97,131,0,1134,41,673,191,17,13,0,35
06037239702,1740,152,128,0,975,100,628,231,50,23,0,53
06037239801,1400,111,109,2,908,30,588,220,32,43,1,16
06037239802,2114,172,171,0,1599,143,680,274,38,44,2,32
06037240010,1595,118,160,1,1804,142,653,169,44,59,3,48
06037240020,2970,166,204,1,1314,93,981,368,8,63,0,45
06037240200,3379,187,277,1,1224,74,1347,454,33,62,1,34
06037240300,2824,147,206,0,1301,111,1043,405,8,41,2,18
06037240401,2530,123,181,0,704,35,718,346,3,41,1,16
06037240402,1946,132,185,0,360,34,367,333,8,36,0,19
06037240500,2892,198,242,0,837,144,1248,414,8,46,0,45
06037240600,2413,220,192,0,896,104,907,381,25,50,0,28
06037240700,2935,252,279,1,1770,99,824,473,15,73,2,49
06037240800,1992,191,178,0,516,54,448,272,28,32,0,71
06037240900,3107,176,270,0,894,58,657,433,32,45,5,44
06037241001,2192,160,193,2,613,48,615,391,10,68,1,20
06037241002,1935,117,160,0,179,22,300,326,28,28,2,23
06037241110,1514,95,142,0,257,4,360,236,6,13,5,15
06037241120,2259,200,204,1,704,40,704,301,19,48,2,32
06037241201,1565,96,148,2,284,17,369,259,15,12,0,22
06037241202,2673,179,245,3,1021,67,873,437,31,125,0,55
06037241300,986,93,103,0,90,76,291,180,2,16,0,12
06037241400,1763,133,142,0,386,28,732,233,8,36,3,17
06037242000,1527,151,122,2,628,19,369,267,9,33,1,12
06037242100,36,27,8,0,32,4,20,9,3,6,0,2
06037242200,2183,207,157,6,728,49,618,315,23,75,1,34
06037242300,1618,145,124,0,1458,40,397,221,14,44,0,30
06037242600,277,82,19,0,136,11,75,66,7,20,0,10
06037242700,2437,176,182,1,1735,117,762,385,31,73,1,71
06037243000,2589,207,214,0,1375,70,711,341,8,60,0,20
06037243100,1508,126,109,3,499,80,423,246,9,37,1,17
06037261101,963,84,89,0,55,3,51,303,35,61,8,133
06037261102,856,62,100,0,15,2,43,280,22,66,7,125
06037261200,1287,100,129,1,30,3,84,425,29,72,1,34
06037262100,712,67,69,2,21,10,34,221,43,67,5,157
06037262200,968,82,108,0,45,49,78,311,63,55,17,200
06037262301,482,65,44,0,32,8,23,166,14,35,4,21
06037262302,616,29,58,0,15,20,26,183,36,37,5,119
06037262303,621,40,59,0,10,0,21,208,17,39,3,65
06037262400,592,32,47,0,73,0,16,194,19,25,2,62
06037262501,1097,37,75,0,21,2,27,341,7,46,6,6
06037262601,1058,30,87,0,11,0,11,359,6,37,2,37
06037262604,1861,84,151,0,53,11,46,563,23,59,4,167
06037262704,938,75,72,0,85,2,42,287,11,47,2,17
06037262706,912,38,84,1,231,5,48,298,12,79,7,48
06037262802,703,62,53,1,105,6,45,251,18,91,9,21
06037264000,732,50,63,0,10,4,32,230,5,44,4,32
06037264102,561,9,36,0,11,2,37,94,4,22,6,6
06037264103,776,5,43,2,13,92,84,119,0,31,119,0
06037264301,1484,16,57,1,47,323,136,243,3,54,167,15
06037264302,1590,49,91,1,124,25,160,272,6,44,13,24
06037265100,286,36,36,0,27,1,21,89,11,10,5,36
06037265201,285,17,21,0,3,5,5,80,2,6,3,9
06037265202,411,15,25,1,39,215,29,104,7,43,4,42
06037265301,4,2,0,0,7,12,7,0,1,4,0,6
06037265303,867,2,32,1,0,0,316,154,1,10,1,6
06037265304,637,3,15,0,4,3,243,81,5,10,2,6
06037265305,730,7,21,0,13,11,166,125,4,13,1,7
06037265410,492,30,33,0,1,6,22,167,6,40,3,18
06037265420,661,28,56,0,8,8,44,138,91,32,13,178
06037265510,1313,17,53,2,144,63,111,225,31,39,4,28
06037265520,1813,45,97,0,255,395,247,318,13,63,6,70
06037265601,1213,36,72,0,41,11,92,257,49,28,7,44
06037265602,475,26,30,0,5,2,26,104,34,8,5,45
06037265700,1334,43,103,1,68,18,102,325,11,30,2,25
06037267100,2274,60,126,2,86,115,164,409,89,70,13,152
06037267200,2436,103,134,5,596,325,282,432,92,84,17,235
06037267300,1383,18,51,0,323,145,264,178,7,62,2,16
06037267402,1593,18,71,0,219,32,246,233,1,50,11,12
06037267403,1265,11,44,0,51,5,120,158,1,19,1,4
06037267404,765,5,19,2,134,10,52,78,0,21,1,3
06037267501,2121,36,106,2,769,47,199,215,3,121,32,9
06037267502,1602,38,76,1,446,117,148,236,2,66,4,5
06037267600,1283,46,77,2,623,253,247,215,7,116,4,23
06037267700,1237,41,60,1,411,189,161,219,7,83,7,18
06037267800,1372,77,73,0,658,267,167,298,88,61,4,119
06037267901,26,25,6,0,69,12,18,5,35,38,4,44
06037267902,1359,91,69,0,105,13,57,273,75,40,3,112
06037269000,1517,91,137,0,273,19,121,332,64,51,9,174
06037269100,1911,69,119,0,103,26,257,386,10,54,7,16
06037269300,1365,125,94,1,212,37,67,374,166,60,12,160
06037269500,1608,124,150,1,76,3,57,468,14,51,7,49
06037269601,1206,38,59,0,486,5,217,195,5,24,2,19
06037269602,1069,35,66,2,255,3,128,156,24,22,1,20
06037269700,2435,91,138,1,803,90,273,459,12,41,2,35
06037269800,1579,48,85,0,307,432,255,224,4,60,2,15
06037269903,1433,16,53,0,438,41,179,144,3,36,1,12
06037269904,1798,29,81,0,354,16,229,233,3,36,1,10
06037269905,927,16,38,0,496,35,107,122,1,28,4,4
06037269906,1060,22,45,1,155,10,85,97,0,14,10,8
06037269907,1126,28,59,0,530,44,148,108,3,24,0,7
06037270100,2019,34,85,1,811,275,203,244,14,88,26,17
06037270200,1904,55,105,0,1147,186,267,331,2,65,10,25
06037270300,1722,68,134,1,527,265,298,311,15,63,10,48
06037271100,1430,70,81,0,254,371,156,325,11,36,10,30
06037271200,1309,24,56,2,542,741,307,172,6,78,2,11
06037271300,2581,89,165,2,325,308,307,522,17,86,8,48
06037271400,1556,67,116,1,111,14,91,388,23,66,8,43
06037271500,1320,65,81,1,129,5,56,322,30,35,2,21
06037271600,971,53,47,1,146,132,108,210,16,38,4,12
06037271701,2286,78,130,1,220,102,143,426,4,43,13,8
06037271702,1102,45,72,0,177,335,148,178,12,42,7,12
06037271801,1604,48,91,1,429,290,349,236,2,33,3,10
06037271802,2843,48,147,1,795,20,307,336,5,35,4,4
06037271901,1408,43,96,0,322,279,188,306,5,58,8,11
06037271902,1644,78,91,2,390,89,182,309,6,71,8,27
06037272100,2385,92,141,1,399,51,180,454,5,67,2,5
06037272201,969,19,48,3,201,78,109,118,9,24,1,11
06037272202,1303,26,59,0,272,15,99,165,2,14,3,7
06037272301,1610,26,91,1,207,11,155,236,4,56,1,12
06037272302,2089,32,94,1,639,236,169,169,0,61,16,7
06037273100,1345,58,71,2,317,538,356,291,24,225,12,49
06037273200,2347,54,92,0,809,1200,444,250,10,125,3,21
06037273300,2220,60,86,1,1061,345,415,257,5,112,7,19
06037273402,1296,34,30,1,1621,397,249,176,8,146,7,41
06037273502,1778,53,40,2,2104,392,389,277,9,193,10,52
06037273600,1130,60,53,0,539,369,217,233,4,64,5,8
06037273700,1230,45,56,1,230,74,183,247,8,51,7,29
06037273800,1635,44,64,0,664,177,301,286,5,57,2,25
06037273902,2000,97,86,4,1646,535,403,372,15,144,6,46
06037274100,949,45,49,0,632,259,185,188,2,50,4,17
06037274202,1212,49,67,1,820,118,131,284,20,119,4,58
06037275101,508,25,31,0,361,8,49,85,2,21,3,5
06037275102,1373,50,109,1,1017,13,206,180,3,33,0,5
06037275200,1871,41,120,0,917,34,158,202,1,33,4,4
06037275302,1812,55,122,0,579,238,152,418,10,56,1,16
06037275311,2481,154,185,1,1132,79,229,485,4,56,7,15
06037275400,1447,35,77,1,743,51,173,262,2,51,7,2
06037275500,1412,58,86,0,1303,13,160,215,0,51,1,4
06037275602,911,67,44,1,321,57,40,192,22,62,1,87
06037275603,1273,50,70,1,862,104,194,178,11,100,1,27
06037276000,2629,157,152,0,276,20,96,699,70,92,9,131
06037276100,1525,63,97,1,304,61,306,280,7,69,1,16
06037276400,1706,67,102,1,69,3,47,442,12,46,3,71
06037276500,893,39,76,2,119,18,51,246,7,45,10,23
06037276601,1791,91,110,0,169,30,132,455,4,42,6,21
06037276603,1612,21,74,0,42,10,114,283,1,24,8,9
06037276604,927,47,68,0,72,12,63,197,2,55,3,37
06037277000,2179,82,113,0,247,30,63,658,78,56,9,112
06037277100,1621,79,81,0,163,221,125,370,17,31,2,58
06037277200,732,26,40,0,159,85,166,99,2,31,10,8
06037277400,165,11,23,1,22,21,154,42,2,7,0,1
06037278001,1118,84,75,0,409,107,94,260,22,71,1,32
06037278102,1348,88,91,1,713,83,65,369,7,78,10,22
06037291110,1696,84,148,1,422,14,438,280,11,52,0,17
06037291120,835,62,47,1,722,15,347,125,29,27,0,14
06037291130,1686,119,144,0,708,75,220,330,12,64,1,21
06037291210,1882,75,144,2,1669,93,487,305,15,58,1,15
06037291220,1017,49,88,0,1610,46,259,136,11,26,0,11
06037291300,1148,89,131,0,190,63,192,257,28,55,3,24
06037292000,3226,99,224,0,1438,56,418,492,17,116,2,15
06037293201,2208,68,183,2,1068,6,159,414,7,45,1,27
06037293202,2249,65,153,0,3452,15,348,315,13,31,1,11
06037293301,1174,57,161,0,200,10,57,363,7,29,0,16
06037293302,1495,67,124,0,561,48,185,342,11,54,7,21
06037293304,1602,55,132,0,504,32,263,322,6,25,3,12
06037293306,836,41,63,2,145,31,62,227,11,18,1,2
06037293307,980,23,72,0,411,61,206,165,10,41,0,21
06037294110,1785,71,182,0,818,33,175,432,37,26,1,76
06037294120,1212,36,99,0,632,55,296,172,20,20,0,23
06037294200,2392,124,252,2,1175,29,231,570,14,73,1,23
06037294301,985,50,119,0,495,26,64,267,11,24,1,27
06037294302,2030,103,184,6,1493,57,302,341,28,137,0,23
06037294410,810,69,64,0,687,282,192,155,24,36,5,14
06037294421,798,64,77,0,1142,40,171,166,27,24,1,24
06037294510,2106,59,187,0,796,4,267,390,1,39,0,11
06037294520,1707,53,166,2,1226,17,318,306,5,35,0,15
06037294610,1888,97,161,1,1352,37,423,309,19,53,2,32
06037294620,2192,102,210,0,1286,46,389,352,26,51,0,18
06037294701,1500,57,105,0,1361,267,576,184,54,54,0,44
06037294810,1567,40,126,1,932,8,360,198,1,24,1,9
06037294820,1400,38,113,0,1200,64,359,196,1,13,0,10
06037294830,1723,44,152,4,707,61,307,282,10,71,2,21
06037294900,1186,45,130,0,553,48,186,260,11,36,2,26
06037295103,1978,96,167,3,197,20,59,744,27,42,4,37
06037296210,1864,38,157,0,596,21,417,260,1,22,0,4
06037296220,820,33,46,0,605,23,132,77,9,24,1,49
06037296300,1312,109,88,0,155,31,131,328,5,37,5,8
06037296401,932,86,96,0,141,3,33,395,0,18,0,11
06037296402,1896,125,168,0,120,6,144,492,1,28,1,6
06037296500,2702,127,251,3,716,59,403,582,5,83,1,25
06037296600,3390,142,282,2,1437,172,668,574,8,103,5,23
06037296901,2597,79,220,1,1103,17,474,452,2,54,1,7
06037296902,2131,100,157,0,651,36,270,392,1,37,0,8
06037297000,2588,158,200,0,254,11,136,795,34,44,0,36
06037297110,2369,66,178,2,747,455,670,336,20,37,1,13
06037297120,1953,72,175,1,559,43,519,308,3,33,0,6
06037297201,2174,72,194,1,318,26,434,363,4,48,2,4
06037297202,1997,58,163,0,122,3,303,415,11,65,0,1
06037297300,758,48,69,0,155,3,68,213,3,23,1,6
06037297400,1469,104,119,1,130,7,60,670,9,53,2,10
06037297500,2411,166,186,1,262,5,99,721,4,75,2,11
06037297601,752,45,46,0,441,17,69,169,0,59,0,10
06037297602,2074,79,188,1,257,11,141,551,2,56,1,10
06037701100,28,1,3,0,1,7,0,9,0,0,0,0
06037800204,1071,52,95,2,129,15,69,298,47,34,0,37
06037930200,5,9,0,0,8,0,4,1,0,2,1,0
06037930401,1125,93,74,0,169,98,147,237,5,64,2,11
06037980008,176,148,5,0,445,71,173,14,24,22,2,31
06037980009,35,68,0,3,325,120,52,3,8,21,8,28
06037980010,106,34,6,0,303,20,10,24,4,18,11,11
06037980014,117,36,6,0,397,79,194,10,15,32,3,27
06037980015,81,24,0,0,62,29,17,3,4,11,0,10
06037980019,16,15,0,0,1,1,6,3,0,2,1,0
06037980020,2,3,0,0,0,3,7,2,0,0,0,0
06037980021,88,31,4,1,61,88,123,9,8,16,0,10
06037980022,11,4,0,0,21,3,19,5,9,4,0,7
06037980023,6,2,1,0,4,1,14,2,0,5,0,0
06037980024,175,188,6,3,607,478,366,22,34,68,13,26
06037980026,9,3,0,0,0,11,17,2,0,0,0,0
06037980028,46,120,1,3,115,93,50,10,26,104,11,42
06037980031,54,96,3,1,118,34,29,4,21,21,3,10
