tract2010,311 External Request,Abandoned Vehicle,Blocked Street or SideWalk,Catch Basin Maintenance,Color Curb,Construction Zone Permits,DPW Volunteer Programs,Damaged Property,Encampments,General Request -,General Request - 311CUSTOMERSERVICECENTER,General Request - ANIMAL CARE CONTROL,General Request - ART COMMISSION,General Request - ASSESSOR RECORDER,General Request - BOARD OF SUPERVISORS,General Request - BUILDING INSPECTION,General Request - CENTRAL SHOPS,General Request - CHILDSUPPORTSERVICES,General Request - CITY ATTORNEY,General Request - CITY HALL,General Request - CITYADMINISTRATOR GSA,General Request - CONTRACT ADMINISTRATION,General Request - CONTROLLER,General Request - COUNTY CLERK,General Request - DISTRICT ATTORNEY,General Request - DPH,General Request - DTIS,General Request - ECONOMICS AND WORKFORCE DEVELOPMENT,General Request - ELECTIONS,General Request - ENTERTAINMENT COMMISSION,General Request - ENVIRONMENT,General Request - FILM COMMISSION,General Request - FIRE DEPARTMENT,General Request - HSH,General Request - HUMAN RESOURCES,General Request - HUMAN RIGHTS COMMISSION,General Request - HUMAN SERVICES AGENCY,General Request - LABOR STANDARDS ENFORCEMENT,General Request - LIBRARY PUBLIC,General Request - MEDICAL EXAMINER,General Request - MOCD,General Request - MOD,General Request - MOH,General Request - MONS,General Request - MTA,General Request - OCC,General Request - PLANNING,General Request - PORT AUTHORITY,General Request - PUBLIC WORKS,General Request - PUC,General Request - REAL ESTATE DEPARTMENT,General Request - RENT BOARD,General Request - RPD,General Request - SFPD,General Request - SHERIFF,General Request - SHORT TERM RENTALS,General Request - SMALL BUSINESS,General Request - STATUS OF WOMEN,General Request - TIDA,General Request - TT COLLECTOR,Graffiti,Homeless Concerns,Illegal Postings,Litter Receptacles,MUNI Feedback,Noise Report,Parking Enforcement,Rec and Park Requests,Residential Building Request,SFHA Requests,Sewer Issues,Sidewalk or Curb,Sign Repair,Street Defects,Street and Sidewalk Cleaning,Streetlights,Temporary Sign Request,Tree Maintenance
06075010100,13,172,60,10,15,0,0,712,875,0,1,10,0,2,0,7,0,0,0,0,0,0,0,2,0,35,0,0,0,0,1,0,0,1,0,0,0,0,0,0,0,0,0,0,176,0,0,28,252,46,0,1,1,0,0,1,0,0,0,0,632,468,18,241,358,130,1026,32,7,0,143,199,102,125,4258,125,86,163
06075010200,18,330,85,13,11,0,0,263,229,0,0,11,0,5,2,20,0,0,0,0,1,0,0,1,0,27,1,0,0,1,0,0,1,0,0,0,1,0,0,0,0,0,0,0,214,0,0,15,299,49,0,0,3,0,0,1,0,0,0,0,661,39,55,88,443,101,621,114,13,0,165,127,100,208,2180,114,131,164
06075010300,6,365,41,8,7,0,2,25,86,0,0,3,0,3,0,26,0,0,0,0,0,0,0,0,0,17,0,0,0,0,0,0,1,0,0,0,0,0,0,0,0,1,0,0,52,0,1,0,153,23,0,1,3,0,0,1,0,0,0,0,301,29,20,119,43,59,293,41,13,0,88,62,55,58,2664,64,69,101
06075010400,8,253,54,14,4,0,0,85,398,0,3,2,2,4,0,11,0,0,0,0,0,0,0,1,0,18,0,0,0,0,0,3,0,0,0,0,0,0,0,0,0,1,0,0,56,0,0,0,225,33,0,0,4,1,0,0,0,0,0,0,306,70,24,122,62,88,350,178,17,0,223,97,66,61,3532,104,65,197
06075010500,13,34,68,10,2,0,0,767,1387,0,5,2,3,0,0,3,0,0,0,0,0,0,0,2,0,29,0,0,0,0,0,0,0,1,0,0,0,0,0,0,0,0,0,0,167,1,2,54,310,36,0,0,4,3,0,0,0,0,0,0,909,226,82,188,431,197,556,232,15,0,144,103,151,215,2802,175,206,98
06075010600,5,125,68,5,9,0,0,270,404,0,0,2,3,2,0,26,0,0,0,0,0,0,0,2,2,47,0,0,0,1,0,1,1,0,0,0,0,0,0,0,0,0,0,3,112,0,3,0,324,40,0,1,4,2,0,0,0,0,0,0,920,114,32,213,265,115,266,164,49,0,153,104,106,81,6379,100,37,152
06075010700,4,172,53,22,3,0,0,196,126,0,1,5,0,1,0,20,0,0,0,0,0,0,0,1,1,59,0,0,0,1,0,1,0,0,0,0,0,0,0,0,0,0,0,0,73,1,1,0,171,37,0,2,0,0,0,0,1,0,0,0,1484,46,86,247,81,144,203,8,71,10,167,107,92,144,5287,104,16,61
06075010800,6,535,72,9,7,0,1,20,73,0,0,2,0,2,0,27,0,0,0,0,0,0,0,0,0,35,2,0,0,0,0,0,1,0,0,0,0,0,0,0,0,1,0,0,59,0,0,0,182,16,0,1,1,0,0,2,0,0,0,0,329,18,21,142,26,115,559,42,24,0,65,90,84,55,3042,44,86,115
06075010900,5,218,78,13,8,0,1,116,156,0,1,1,0,4,0,24,0,0,0,0,0,0,0,0,0,36,0,0,0,1,0,0,0,0,0,0,0,0,0,0,0,0,0,0,64,0,1,0,223,40,0,0,0,0,0,0,0,0,0,1,367,40,32,116,173,189,443,26,31,0,221,93,42,127,3015,82,91,219
06075011000,5,198,50,30,3,1,0,273,1010,0,0,5,0,1,1,19,0,0,0,0,0,0,0,0,0,27,1,0,0,0,0,1,3,1,0,0,0,0,0,0,0,0,0,0,86,0,0,0,269,31,0,0,6,1,0,0,0,0,0,0,826,152,38,257,308,174,424,161,15,0,126,104,72,111,6776,72,88,172
06075011100,12,115,76,19,4,0,1,475,2278,0,1,4,0,1,0,34,0,0,0,0,0,0,0,2,0,63,1,1,0,1,0,0,2,0,0,0,0,0,0,0,0,0,0,0,94,0,1,1,517,34,0,2,0,2,0,0,0,0,0,0,1298,292,71,268,443,245,509,6,70,0,108,187,103,149,7452,120,86,134
06075011200,1,98,28,8,8,0,0,23,91,0,1,2,1,3,0,9,0,0,0,0,0,0,0,0,0,21,0,0,0,0,0,1,0,0,0,0,0,0,0,0,0,0,0,0,45,0,0,0,129,10,0,0,3,0,0,0,0,0,0,0,359,21,22,102,99,67,497,117,15,0,85,74,62,43,2688,49,172,96
06075011300,6,65,47,15,3,0,0,134,83,0,1,0,0,1,0,10,0,0,0,0,0,0,0,0,0,24,3,0,0,1,0,0,0,0,0,0,0,0,0,0,0,0,0,0,52,0,1,0,114,20,0,0,0,1,0,0,0,0,0,0,1133,11,60,82,104,33,342,28,22,1,66,47,83,78,3280,25,34,27
06075011700,23,76,295,26,5,0,1,1072,2341,1,5,2,2,4,0,31,0,0,0,0,0,0,0,13,0,96,3,0,0,5,0,2,6,1,0,0,0,1,0,0,0,0,0,0,338,0,1,0,678,95,0,2,1,1,0,0,0,0,0,1,2632,554,359,1554,1189,278,597,106,36,0,286,373,333,512,11518,463,327,105
06075011800,3,40,17,1,0,0,0,103,51,0,1,0,0,0,0,3,0,0,0,0,0,0,0,1,0,11,0,0,0,0,0,0,0,0,0,0,0,0,0,0,0,0,0,0,24,0,0,0,64,5,0,0,1,0,0,0,0,0,0,0,1636,12,43,20,120,21,64,24,18,0,61,30,56,39,2731,48,23,22
06075011901,0,31,19,11,3,0,0,25,80,0,0,3,0,5,0,11,0,0,0,0,0,0,0,0,0,21,0,0,0,0,0,0,0,0,0,0,0,0,0,0,0,0,0,0,17,0,0,0,58,9,0,1,0,1,0,0,0,0,0,0,252,24,28,31,21,35,95,3,49,0,23,44,22,15,1426,7,93,69
06075011902,4,31,64,11,3,0,0,76,323,0,1,1,0,1,0,32,0,0,0,0,0,0,0,0,0,18,1,0,0,0,0,0,2,0,0,0,0,0,0,0,0,0,0,0,37,0,0,0,145,12,0,0,0,1,0,0,0,0,0,0,492,47,70,62,46,104,223,7,81,0,86,66,42,59,2643,48,61,76
06075012000,2,164,65,6,1,0,5,372,3203,0,0,1,0,2,0,21,0,0,0,0,0,0,0,1,0,38,0,0,0,0,0,0,3,0,0,0,3,1,0,0,0,0,0,0,81,0,1,0,389,30,0,2,0,0,0,0,0,0,0,0,1680,251,35,149,200,253,403,3,65,0,98,212,95,111,4730,99,131,70
06075012100,3,61,85,21,0,0,0,381,432,0,0,1,0,2,0,11,0,0,0,0,0,0,0,1,0,41,0,0,0,0,0,0,1,0,0,0,0,0,0,0,1,0,0,1,57,0,4,0,258,15,0,0,0,1,0,0,0,0,0,0,1100,129,57,187,68,177,188,4,26,0,49,135,75,105,4295,148,51,64
06075012201,8,30,63,1,3,0,0,268,769,0,0,1,0,0,0,13,0,0,0,0,0,0,0,2,0,25,1,0,0,0,1,0,2,1,0,0,0,0,0,0,1,0,0,0,28,0,2,0,239,24,0,0,0,1,0,0,0,0,0,0,1045,123,28,181,116,121,109,6,63,0,60,98,28,99,4616,107,40,106
06075012202,6,44,81,1,0,0,0,349,2486,0,3,1,0,0,0,15,0,0,0,0,1,0,0,0,0,43,0,0,0,0,0,0,0,0,0,0,1,0,0,0,0,0,0,0,35,0,1,0,336,23,0,0,0,0,0,0,0,0,0,0,907,93,37,178,343,184,302,17,61,1,64,63,33,77,3629,135,36,61
06075012301,10,58,53,0,4,0,0,256,573,0,0,1,0,0,0,10,0,0,0,0,0,0,0,1,0,40,0,0,0,0,2,0,0,1,0,0,0,0,0,0,0,0,0,0,37,0,0,0,156,9,0,1,0,2,0,0,0,0,0,0,201,63,29,243,132,54,154,7,60,0,48,101,46,89,2792,69,81,58
06075012302,3,7,58,4,0,0,0,328,797,0,0,3,0,1,0,11,0,0,0,0,0,0,0,4,0,30,0,0,0,0,1,0,1,2,0,0,1,0,0,0,0,0,0,0,46,1,2,0,380,10,0,0,0,3,0,0,0,0,0,0,683,112,22,168,133,142,214,2,59,0,41,109,55,109,4043,116,54,41
06075012401,7,46,131,5,4,0,0,273,1872,0,1,4,0,1,0,14,0,0,1,0,0,0,0,0,1,52,1,0,0,0,0,0,2,1,0,0,0,0,0,0,2,0,1,0,28,1,0,0,640,38,0,0,0,4,1,0,0,0,0,0,636,442,16,462,114,187,405,15,132,0,61,81,39,66,5380,102,22,64
06075012402,28,156,155,23,3,0,0,1109,2805,0,2,6,2,1,0,22,1,0,0,6,0,0,0,2,1,64,0,0,0,3,0,0,3,4,0,0,0,0,9,0,2,1,1,0,183,1,1,0,591,80,0,0,5,6,0,0,0,0,0,0,2807,551,204,741,565,402,1318,79,89,0,203,241,263,244,7933,374,199,189
06075012501,14,30,116,5,2,0,1,324,1893,0,3,3,0,1,3,19,0,0,0,0,0,0,0,0,0,50,1,0,0,0,0,0,0,1,0,0,0,1,0,0,1,1,0,2,96,0,1,0,445,36,0,1,0,5,0,0,0,0,0,0,1318,493,48,468,150,154,638,51,133,0,99,132,76,158,6244,169,57,64
06075012502,6,20,34,7,2,0,1,165,596,0,1,3,0,0,0,9,0,0,0,0,0,0,0,1,0,22,3,0,0,0,0,0,1,0,0,0,1,0,0,0,0,2,0,0,37,0,0,0,167,19,0,0,6,5,0,0,0,0,0,0,252,18,8,184,40,39,188,69,114,0,44,49,23,38,3485,43,5,56
06075012601,1,79,35,3,15,0,0,20,94,0,0,4,0,2,0,2,0,0,0,0,0,0,0,0,0,12,1,0,0,0,0,0,0,1,0,0,0,0,0,0,0,0,0,0,26,0,0,0,74,15,0,0,0,0,0,0,0,0,0,0,101,14,22,53,1,45,588,5,5,0,28,23,22,25,662,28,40,76
06075012602,4,177,44,7,5,0,0,24,333,0,0,6,0,4,0,6,0,0,0,0,0,0,0,2,0,15,0,0,0,1,0,0,1,0,0,0,0,0,0,0,0,0,0,0,41,0,2,0,131,17,0,0,0,1,0,1,0,0,0,0,233,30,62,46,42,32,348,50,22,0,67,33,43,49,1052,44,46,86
06075012700,3,170,26,3,20,0,0,23,93,0,0,6,0,1,0,11,0,0,0,0,0,0,0,0,1,20,0,0,0,0,0,0,0,0,0,0,0,0,0,0,0,0,0,0,53,0,0,1,138,33,0,0,1,0,0,0,0,0,0,0,231,19,64,48,50,33,778,71,8,0,87,63,60,70,1317,52,44,118
06075012800,7,209,116,11,24,0,0,197,379,0,1,3,0,3,0,15,1,0,0,0,0,0,0,2,0,42,1,0,0,0,0,0,3,0,0,0,0,0,0,0,0,1,0,2,89,1,1,0,265,45,0,2,0,0,0,0,0,0,0,0,624,51,125,150,179,119,817,10,26,0,225,103,108,159,1992,69,81,195
06075012901,3,113,28,2,8,0,0,11,41,0,1,1,0,2,0,15,0,0,0,0,0,0,0,0,0,13,0,0,0,0,0,0,1,0,0,0,0,0,0,0,0,0,0,0,31,0,1,0,110,11,0,0,0,0,0,1,0,0,0,0,229,25,25,60,26,54,683,17,19,0,47,23,26,101,1050,38,31,55
06075012902,6,126,59,9,13,0,0,84,440,0,2,4,0,0,0,6,0,0,0,0,0,0,1,0,1,19,1,0,0,1,0,0,0,1,0,0,0,0,2,0,0,0,0,0,56,0,0,0,195,27,0,0,2,1,0,1,0,0,0,0,443,93,60,100,213,94,548,198,6,0,86,77,61,113,2884,51,56,97
06075013000,7,147,126,8,15,0,0,173,322,0,3,3,1,3,0,17,0,0,0,0,0,0,0,2,0,39,0,0,1,0,0,0,5,0,0,0,0,0,0,0,0,0,0,3,56,0,2,0,196,32,0,0,1,1,0,0,0,0,0,0,571,37,82,94,70,125,573,35,16,0,198,68,67,95,1997,62,89,138
06075013101,8,46,30,12,5,0,0,89,491,0,0,1,0,1,0,12,0,0,0,0,0,0,0,0,0,10,0,0,0,0,0,0,0,0,0,0,0,0,0,0,0,0,0,0,33,0,0,0,136,8,0,0,0,0,0,0,0,0,0,0,331,122,22,90,16,61,312,8,11,0,51,37,38,76,2154,20,120,70
06075013102,2,43,17,5,8,0,0,27,183,0,0,2,0,2,0,5,0,0,0,0,0,0,0,0,0,21,0,0,0,0,0,1,0,0,0,0,0,0,0,0,0,0,0,0,39,0,0,0,68,8,0,0,1,0,0,1,0,0,0,0,172,36,30,14,35,45,220,186,8,0,45,34,30,50,743,41,90,94
06075013200,0,305,56,21,18,0,0,12,22,0,0,0,0,2,0,13,0,0,0,0,0,0,0,0,0,12,0,0,0,0,0,0,0,0,0,0,0,0,0,0,1,0,1,0,64,0,1,0,124,28,0,0,0,0,0,0,0,0,0,0,163,8,45,44,9,61,481,3,17,0,170,62,65,75,521,66,162,139
06075013300,6,160,72,6,32,0,0,126,24,0,1,2,0,3,1,19,0,0,0,0,0,0,0,0,0,21,0,0,0,0,0,0,1,0,0,0,0,0,0,0,0,0,0,0,58,0,0,0,133,26,0,0,0,0,0,0,0,0,0,0,254,7,112,32,47,43,411,35,20,0,187,49,66,123,647,78,109,201
06075013400,2,188,38,13,24,0,0,35,65,0,1,2,0,2,0,13,0,0,0,0,0,0,0,0,0,16,0,0,0,0,0,1,0,0,0,0,0,0,2,0,0,0,0,0,48,0,2,0,149,16,0,0,3,1,0,1,0,0,0,0,294,4,99,62,37,46,492,191,17,1,130,32,26,51,1015,52,67,221
06075013500,3,44,78,9,18,0,0,99,100,0,1,0,0,1,0,15,0,0,0,0,0,0,0,0,0,22,0,0,0,0,0,0,1,0,0,0,1,0,0,1,0,3,2,2,54,0,0,0,122,22,0,0,0,0,0,0,0,0,0,0,252,21,79,43,179,76,257,3,31,4,87,62,26,103,903,51,107,155
06075015100,5,76,42,13,1,0,0,252,1183,0,1,1,0,1,0,7,0,0,0,0,0,0,0,2,0,17,0,0,0,0,0,0,0,0,0,0,1,0,0,0,0,0,0,0,76,0,0,0,205,17,0,0,0,2,0,0,0,0,0,0,590,120,40,95,69,65,135,1,21,0,129,60,57,116,2614,72,53,132
06075015200,11,64,86,17,19,0,0,140,161,0,1,1,0,3,0,7,0,0,0,0,0,0,0,1,0,30,1,0,0,0,0,0,3,0,0,0,0,0,0,0,0,0,0,0,45,0,2,0,234,20,0,0,1,0,0,0,0,0,0,0,394,75,84,64,48,96,453,15,23,1,125,74,40,116,2377,50,75,258
06075015300,5,78,50,7,14,0,0,106,132,0,1,1,0,1,0,15,0,0,0,0,0,0,0,0,0,13,0,0,0,0,1,0,0,0,0,0,0,0,0,0,1,0,0,2,75,0,2,0,122,37,0,0,0,0,0,1,0,0,0,0,418,14,132,73,105,79,297,21,9,0,80,45,30,130,1117,55,45,219
06075015400,13,584,71,10,23,0,0,188,271,0,1,6,0,2,0,21,0,0,0,0,0,0,0,0,0,34,2,0,0,0,1,0,0,0,0,0,0,0,0,0,0,0,0,0,108,0,0,0,226,40,0,0,0,0,0,0,0,0,0,0,1066,16,163,58,369,63,605,52,13,0,197,93,134,163,2215,117,51,250
06075015500,6,160,76,13,2,0,0,425,585,0,3,4,0,2,0,4,0,0,0,0,0,0,0,1,0,43,0,0,0,0,0,0,1,0,0,0,0,0,0,0,0,0,0,0,57,0,0,0,174,32,0,0,0,2,0,0,0,0,0,0,808,73,134,100,102,46,224,162,18,16,137,119,74,89,2207,42,28,168
06075015600,2,106,35,5,10,0,0,85,85,0,0,6,0,0,0,4,0,0,0,0,0,0,0,0,0,17,1,0,0,0,1,0,0,0,0,0,0,0,0,0,0,0,0,0,50,0,2,0,141,19,0,0,2,0,0,0,0,0,0,0,695,1,136,47,178,35,530,93,6,0,102,65,48,77,1464,26,6,132
06075015700,6,243,56,13,12,0,0,147,190,0,2,13,0,0,0,22,0,0,0,0,0,0,0,1,1,45,0,0,0,0,0,0,2,0,0,0,0,0,0,0,0,0,0,0,146,0,1,0,277,29,1,0,0,1,0,0,0,0,0,0,1724,25,316,78,351,75,841,4,12,0,162,122,142,322,3436,117,18,217
06075015801,15,123,30,12,3,0,0,157,233,0,1,13,0,1,0,8,0,0,0,0,0,0,0,0,0,17,1,0,0,0,0,0,0,0,0,0,0,0,0,0,0,0,0,0,73,0,0,0,151,16,0,0,0,0,0,0,0,0,0,0,1013,20,68,82,249,40,240,132,22,9,108,79,93,142,2112,33,120,251
06075015802,4,51,64,7,4,0,0,36,79,0,1,4,0,3,0,27,0,0,0,0,0,0,0,0,0,24,1,0,0,0,0,0,1,0,0,0,0,0,0,0,0,0,0,0,62,0,0,0,149,12,0,0,1,1,0,0,0,0,0,0,1017,8,109,70,145,81,681,9,21,8,77,63,53,66,2149,51,29,155
06075015900,8,70,46,15,0,0,0,262,522,0,1,9,0,2,0,8,0,0,0,0,0,0,0,0,0,43,0,0,0,0,0,0,3,0,0,0,0,0,0,0,0,0,0,1,85,0,1,0,158,11,0,0,1,0,0,0,0,0,0,0,822,22,89,84,231,54,140,29,15,0,76,79,69,103,2597,59,161,131
06075016000,6,94,73,10,2,0,0,286,4703,0,1,4,0,0,0,10,0,0,0,0,0,0,0,0,0,21,0,0,0,0,0,0,2,0,0,0,0,0,0,0,0,0,0,0,32,0,4,0,371,22,0,0,2,1,0,0,0,0,0,0,971,192,40,262,28,130,97,37,16,1,93,86,37,103,4734,137,40,118
06075016100,2,168,33,3,1,0,0,210,606,0,4,7,0,0,0,6,0,0,0,0,0,0,0,1,0,25,0,0,0,0,0,0,0,1,0,1,1,0,0,0,1,0,0,0,78,0,0,0,148,31,1,0,11,0,0,0,0,0,0,0,1303,42,147,57,256,32,312,1239,26,15,118,76,75,86,3207,152,12,207
06075016200,1,135,183,9,7,0,1,483,2511,0,2,10,0,2,0,15,0,0,0,0,0,0,0,1,0,29,0,0,0,0,0,0,2,0,0,0,0,0,0,0,2,0,0,1,125,0,2,0,655,32,1,1,2,3,0,0,0,0,0,0,1889,359,394,1035,110,282,593,99,33,0,152,153,177,128,7567,107,149,358
06075016300,0,113,87,4,9,0,0,56,518,0,0,5,0,1,0,23,0,0,0,0,0,0,0,1,0,23,0,0,0,0,1,0,2,0,0,0,0,0,0,0,0,0,0,0,70,0,2,0,234,21,0,0,2,1,0,0,0,0,0,0,1322,27,149,130,59,93,600,83,29,1,172,67,82,116,3803,37,38,237
06075016400,7,66,106,10,15,0,0,146,323,0,3,6,2,1,0,12,0,0,1,0,0,0,0,0,0,24,0,0,0,0,0,0,1,0,0,0,0,0,0,0,0,0,0,2,100,0,0,0,264,28,0,0,4,0,0,0,0,0,0,0,2873,35,215,103,74,84,804,356,15,1,204,117,232,93,3246,71,56,264
06075016500,5,177,75,11,15,0,0,76,268,0,2,4,1,1,0,25,0,0,0,0,0,0,0,0,0,26,0,0,0,0,1,0,1,1,0,0,0,0,0,0,0,0,0,0,65,0,0,0,184,26,0,1,1,0,0,0,0,0,0,0,1933,48,277,102,293,85,959,28,35,0,132,75,100,229,4026,70,49,225
06075016600,11,222,71,10,14,0,0,265,625,0,3,8,0,1,1,20,0,0,0,0,0,0,0,2,0,40,1,0,0,0,0,0,1,1,0,0,0,0,0,0,0,0,0,3,122,0,2,0,343,35,0,0,3,1,0,0,0,0,0,0,4743,223,512,137,241,337,766,52,19,0,164,109,298,202,5837,71,68,260
06075016700,9,292,97,8,21,0,2,108,682,0,0,2,0,2,0,12,0,0,0,0,0,0,0,0,0,15,0,0,0,0,0,0,0,0,0,0,0,0,0,0,0,0,0,1,127,0,0,0,339,65,0,1,4,1,0,0,0,0,0,0,3684,98,289,108,140,169,1312,622,12,0,252,131,296,185,3706,84,60,310
06075016801,6,111,107,7,7,0,2,117,626,0,0,3,0,1,2,19,1,0,0,0,0,0,0,0,0,34,1,0,0,1,0,0,3,2,0,0,0,0,0,0,0,1,0,1,74,0,1,0,277,39,0,0,0,0,0,0,0,0,0,0,3083,102,233,93,129,134,419,5,18,3,100,95,188,78,5274,53,45,282
06075016802,17,89,138,26,2,0,0,243,2624,1,3,4,0,1,0,14,0,0,0,0,0,0,0,2,1,27,0,0,0,0,0,0,5,1,0,0,0,0,0,0,0,0,0,0,129,0,0,0,504,42,0,0,1,0,0,0,0,0,0,0,1957,202,235,225,65,191,804,131,26,0,180,103,181,116,6026,111,75,278
06075016900,8,164,137,18,11,0,1,168,3504,0,0,2,0,0,0,23,1,0,0,0,0,0,0,3,0,28,1,0,0,0,0,0,4,0,0,1,0,0,0,0,0,0,0,0,97,0,2,0,542,25,0,0,1,3,0,0,0,0,0,0,2299,312,423,170,300,181,625,22,29,1,253,116,227,118,4824,83,51,291
06075017000,4,1357,82,41,14,0,0,19,510,0,1,11,0,4,0,24,0,0,0,0,0,0,0,0,0,13,0,0,1,0,0,0,1,0,0,0,0,0,0,0,0,0,0,0,65,0,0,0,255,30,0,0,5,0,0,0,0,0,0,0,607,76,237,55,27,70,540,308,25,0,276,131,166,105,2101,119,34,253
06075017101,6,1281,66,5,23,0,0,11,48,0,0,8,0,2,0,8,0,0,0,0,0,0,0,0,0,6,0,0,0,0,0,0,1,0,0,0,0,0,0,0,0,0,0,0,74,0,0,0,148,46,0,0,0,0,0,2,0,0,0,0,515,10,79,95,55,41,622,29,7,0,167,58,85,89,2898,67,65,224
06075017102,1,189,117,3,12,0,0,52,99,0,0,5,0,1,1,10,0,0,0,0,0,0,0,2,0,26,1,0,0,2,0,0,0,0,0,0,0,0,0,0,0,0,0,1,64,0,1,0,153,26,0,1,0,0,0,1,0,0,0,0,1490,106,270,63,160,50,562,82,9,0,135,74,137,59,3966,64,62,199
06075017601,40,252,403,39,12,0,2,1054,5944,0,8,14,0,9,0,38,2,0,0,0,0,0,0,5,1,149,1,0,0,0,0,0,7,2,0,0,3,0,1,0,1,3,1,0,343,0,0,0,1466,154,1,1,2,22,0,0,0,0,0,0,3820,1182,174,878,2240,640,1798,21,321,0,373,448,288,508,18213,437,173,292
06075017700,43,878,216,42,15,0,0,678,18248,0,9,8,0,2,1,25,0,0,0,0,1,0,1,5,1,105,3,0,0,1,0,0,1,6,0,0,1,1,1,0,0,2,1,1,300,0,1,0,1905,90,0,0,7,2,0,0,0,0,0,0,4602,1079,227,335,1037,303,1717,292,30,0,435,284,254,472,18007,208,43,421
06075017801,4,47,68,4,4,0,0,205,442,0,2,6,0,2,0,4,0,0,0,0,0,0,0,1,0,18,0,0,0,2,0,0,1,0,0,0,0,0,0,0,0,0,0,1,89,0,0,0,126,19,0,0,0,1,0,0,0,0,0,0,556,54,114,94,194,93,359,6,14,2,21,108,56,166,1618,53,87,81
06075017802,12,385,328,23,7,0,2,559,11452,0,2,6,0,4,1,42,0,0,0,0,0,0,0,3,1,69,0,0,0,0,0,1,6,4,0,1,0,0,0,0,1,0,0,4,192,0,3,0,1658,41,0,0,3,16,0,1,0,1,0,0,3191,826,336,491,158,427,1463,103,78,0,245,250,191,199,17205,177,124,427
06075017902,3,8,1,4,1,0,0,7,19,0,0,1,0,0,0,0,0,0,0,0,0,0,0,0,0,12,0,0,0,0,0,0,0,0,0,0,0,0,0,0,0,0,0,0,4,0,0,0,4,19,0,0,0,0,0,0,0,0,6,0,17,3,0,1,105,14,5,0,4,0,65,1,6,39,32,69,0,14
06075018000,28,316,184,39,12,0,1,468,5720,0,3,5,1,4,0,16,1,0,0,0,0,0,0,3,1,63,1,0,0,2,0,1,1,2,0,0,0,0,0,0,0,0,0,0,257,0,3,0,764,110,0,0,0,1,0,0,0,0,0,0,2093,338,69,240,511,233,1050,10,10,0,346,190,198,407,7058,178,104,211
06075020100,30,306,372,17,9,0,0,746,10607,0,3,9,0,2,3,39,2,0,0,0,0,0,0,4,1,97,0,0,0,1,1,0,4,2,0,0,9,0,0,0,1,1,0,1,235,0,2,0,1499,68,0,0,3,12,0,1,0,0,0,0,6368,805,276,518,562,607,1618,219,153,0,248,287,311,326,21771,219,106,486
06075020200,18,131,109,10,14,0,0,229,2766,0,3,5,0,2,0,12,0,0,0,0,0,0,0,1,0,48,0,0,0,0,0,0,1,2,0,0,0,0,0,0,0,0,0,0,140,0,3,0,579,64,0,0,0,2,0,0,0,0,0,0,3103,194,140,142,117,198,1736,29,67,1,182,132,193,140,7183,109,48,281
06075020300,12,104,165,8,10,0,2,356,7496,0,4,0,0,3,0,15,0,0,0,0,0,0,0,1,0,45,2,0,0,0,0,1,0,1,0,1,0,0,2,0,1,0,0,3,224,0,3,0,1119,46,0,0,0,5,0,0,0,0,0,0,2679,586,195,199,888,178,1009,25,17,59,190,234,321,152,5771,147,72,326
06075020401,5,317,50,17,3,0,4,45,275,0,0,18,0,1,0,21,0,0,0,0,0,0,0,0,0,15,0,0,0,0,1,0,0,0,0,0,0,0,0,0,1,0,0,0,71,1,0,0,176,28,0,0,6,0,0,0,0,0,0,0,437,47,91,55,58,52,339,34,7,0,223,96,77,113,1514,74,25,201
06075020402,6,607,51,9,10,0,0,49,211,0,0,19,0,5,0,18,0,0,0,0,0,0,0,0,0,19,1,0,0,0,0,0,1,0,0,0,0,0,0,0,0,0,0,0,80,0,0,0,195,37,1,0,2,1,0,2,0,0,0,0,494,9,24,56,141,37,440,129,10,0,182,51,115,149,1536,121,15,204
06075020500,7,134,82,5,11,0,0,156,2872,0,1,3,0,0,1,13,0,0,0,0,0,0,0,0,0,16,0,0,0,0,0,0,0,1,0,0,0,0,0,0,1,0,0,0,79,0,0,0,606,23,0,0,1,1,0,0,0,0,0,0,628,313,305,106,34,110,541,110,11,0,197,183,118,76,2863,104,65,201
06075020600,18,238,128,16,24,0,0,304,5603,0,1,5,0,3,0,30,0,0,0,0,0,0,0,0,1,31,2,0,1,1,1,0,2,0,0,0,0,0,0,0,0,0,0,1,116,1,3,0,926,29,0,0,5,9,0,0,0,0,0,0,2201,347,308,193,323,272,1093,961,16,1,313,190,196,85,6416,190,88,367
06075020700,21,148,157,11,23,0,2,130,1877,0,2,8,0,1,0,25,0,0,0,0,0,0,0,1,0,54,0,0,1,1,0,0,1,2,0,0,0,0,0,0,0,0,0,0,123,0,5,0,479,26,0,0,5,3,0,2,0,0,0,0,3259,94,145,174,29,170,1341,200,25,0,155,175,202,111,5978,112,66,448
06075020800,26,99,268,12,7,0,1,641,1988,0,2,6,0,5,0,81,0,0,0,0,0,0,0,4,0,79,0,0,0,4,0,0,1,1,0,0,0,0,0,0,0,0,0,0,93,0,9,0,928,40,0,2,2,1,0,0,0,0,0,0,12540,200,212,241,171,431,1148,15,67,0,183,228,257,142,13930,184,73,451
06075020900,16,101,85,4,6,0,11,455,1307,0,3,3,1,0,0,26,0,0,0,0,0,0,0,1,0,77,0,0,0,0,1,0,1,0,0,0,0,0,0,0,0,0,0,0,70,1,8,0,352,32,0,1,0,2,0,0,0,0,0,0,5103,360,150,103,468,248,691,6,18,0,153,156,200,131,7522,102,34,268
06075021000,4,108,32,4,10,0,1,55,602,0,3,4,1,1,0,23,0,0,0,0,0,0,0,0,0,17,0,0,0,0,0,0,1,0,0,0,0,0,0,0,0,0,0,0,58,0,2,0,173,13,0,0,2,1,0,0,0,0,0,0,740,28,37,103,43,132,483,159,11,0,118,54,80,67,3598,61,33,207
06075021100,5,231,65,8,11,0,0,51,62,0,0,1,0,3,0,21,0,0,0,0,0,0,0,1,0,18,0,0,0,0,0,0,2,0,0,0,0,0,0,0,0,0,0,0,41,0,2,0,132,35,0,0,0,1,0,0,0,0,0,0,258,10,82,45,76,64,314,7,15,0,150,83,46,119,1183,77,65,175
06075021200,3,760,15,7,17,0,0,22,121,0,0,10,0,0,0,9,0,0,0,0,0,0,0,0,0,13,0,0,0,0,0,0,0,0,0,0,0,0,0,0,0,0,0,0,56,0,0,0,93,29,0,0,0,0,0,0,0,0,0,0,174,5,68,40,25,44,362,86,8,0,166,43,58,69,593,47,19,122
06075021300,2,594,38,11,15,0,0,19,100,0,0,8,0,1,0,7,0,0,0,0,0,0,0,0,0,8,0,0,0,0,0,0,0,0,0,0,0,0,0,0,0,0,0,0,32,0,0,0,107,23,0,0,1,0,0,0,0,0,0,0,114,4,29,28,36,23,264,18,8,0,112,51,62,102,685,54,37,130
06075021400,9,459,67,7,15,0,0,112,68,0,0,4,0,2,0,14,1,0,0,0,0,0,0,0,0,22,0,1,0,0,1,0,0,0,0,1,0,0,0,0,0,1,0,0,64,0,1,0,149,29,0,0,1,0,0,1,0,0,0,0,203,11,65,75,237,62,610,12,4,0,169,86,51,132,1321,49,48,153
06075021500,7,534,71,18,20,1,0,40,81,0,1,6,0,2,0,34,0,0,0,0,0,0,0,0,0,41,0,0,0,0,0,0,0,0,0,0,0,0,0,0,0,0,0,0,95,0,3,0,183,33,0,1,0,0,0,0,0,0,0,0,220,15,69,67,74,65,971,89,13,0,251,86,71,108,1672,66,39,271
06075021600,8,682,30,8,5,0,0,23,24,0,0,26,0,7,0,7,1,0,1,0,0,0,0,1,0,18,1,0,0,0,0,0,0,0,0,0,0,0,0,0,0,0,0,0,47,0,1,0,123,51,0,0,5,0,0,0,0,0,0,0,121,4,63,33,47,35,184,100,14,0,216,67,70,131,500,83,16,179
06075021700,9,688,78,15,14,0,0,102,75,0,4,25,0,6,0,10,0,0,0,0,0,0,0,0,0,26,0,0,0,0,1,0,3,0,0,0,0,0,0,0,0,0,0,0,102,0,1,0,192,55,1,0,11,2,0,0,0,0,0,0,388,2,106,126,200,35,305,489,6,0,265,60,129,241,962,93,12,304
06075021800,12,575,133,17,26,0,0,64,147,0,2,15,0,1,0,21,0,0,1,0,0,0,0,0,0,18,0,0,0,0,0,0,1,0,0,0,0,0,0,0,0,0,0,0,82,0,0,0,217,40,0,0,0,0,0,1,0,0,0,0,715,12,154,71,140,60,752,20,5,0,296,83,113,118,1263,88,41,277
06075022600,12,604,185,22,15,0,0,271,965,0,1,5,0,2,0,24,1,0,0,0,0,0,0,3,0,22,0,0,0,0,0,0,0,0,0,0,0,0,0,0,0,0,0,0,225,0,1,11,287,24,1,0,1,0,0,0,0,0,0,0,1588,148,198,114,378,244,1062,294,9,0,201,161,150,198,3542,134,124,157
06075022702,7,185,51,7,6,0,0,29,448,0,0,2,0,4,0,6,0,1,0,0,0,0,0,0,0,11,0,0,0,0,0,0,0,0,0,0,0,0,0,0,0,0,0,0,66,0,0,0,154,9,0,0,1,0,0,0,0,0,0,0,159,23,63,29,37,26,405,4,5,0,143,59,52,70,1141,43,26,148
06075022704,12,834,65,4,5,0,0,38,386,0,0,6,1,0,0,12,0,0,0,0,0,0,0,0,0,28,1,0,0,0,0,0,2,1,0,0,0,0,0,0,0,0,0,0,73,0,1,0,175,39,1,0,2,0,0,0,0,0,0,0,284,44,47,105,94,94,814,315,12,0,200,90,80,87,1278,63,33,185
06075022801,9,893,140,13,21,0,1,145,11531,0,2,5,0,1,1,11,0,0,0,0,0,0,0,0,0,50,0,0,0,0,0,1,2,2,0,0,0,0,0,0,0,0,1,0,140,0,5,0,625,45,1,0,7,0,0,0,0,0,0,0,2189,728,163,298,49,262,1895,120,23,0,234,122,164,166,11405,88,67,377
06075022802,17,150,41,5,5,0,2,109,1101,0,1,7,0,1,1,15,1,0,0,0,0,0,0,2,0,20,0,0,0,0,0,0,2,1,0,0,0,0,0,0,0,0,0,0,56,0,0,0,211,29,0,0,1,0,0,0,0,0,0,0,1045,45,60,89,210,52,273,26,8,0,115,125,65,62,2788,73,9,88
06075022803,3,204,48,1,14,0,0,29,1422,0,1,9,0,2,0,17,0,0,0,0,0,0,0,1,0,31,0,0,0,2,0,0,0,1,0,0,0,0,0,0,0,0,0,0,52,0,2,0,273,14,0,0,1,0,0,1,0,0,0,0,1501,47,25,102,26,124,1207,67,20,0,86,62,65,85,4234,44,16,216
06075022901,10,313,46,6,6,0,2,90,986,0,2,6,0,1,0,13,1,0,0,0,0,0,0,0,0,19,0,0,0,0,2,0,0,2,0,0,1,0,0,0,1,1,0,0,63,0,2,0,182,20,0,0,3,0,0,0,0,0,0,0,2168,70,67,98,81,115,1170,120,20,0,136,80,72,59,5013,45,15,260
06075022902,4,143,38,2,6,0,0,60,174,0,1,2,0,2,0,11,0,0,0,0,0,0,0,1,0,17,0,0,0,0,0,0,1,1,0,0,0,0,0,0,0,0,0,0,44,0,0,0,131,8,0,0,1,0,0,0,0,0,0,0,1028,10,50,36,9,41,401,5,3,0,78,142,53,72,2080,27,6,120
06075022903,14,1340,307,56,12,0,2,242,2840,0,2,2,0,0,0,38,0,0,0,0,0,0,0,0,0,33,0,0,0,0,0,0,1,0,0,0,0,0,0,0,0,0,0,0,260,0,1,0,1354,29,0,0,9,1,0,0,0,0,0,0,5292,1093,417,323,295,127,1253,1965,28,0,212,1240,506,312,12067,157,16,324
06075023001,31,829,67,13,18,0,0,71,778,0,5,27,0,2,0,13,0,0,1,0,0,0,0,1,0,35,0,0,0,0,0,0,0,0,0,0,0,0,0,0,0,0,0,0,76,0,1,0,244,37,0,1,3,1,0,0,0,0,0,0,466,10,20,141,64,31,933,76,7,0,191,113,49,137,6575,73,3,164
06075023003,0,344,25,1,5,0,0,8,21,0,0,15,0,8,0,14,0,0,0,0,0,1,0,0,0,20,0,0,0,0,0,0,0,0,0,0,0,0,0,0,0,0,0,0,50,0,2,0,126,9,0,0,1,1,0,1,0,0,0,0,100,0,10,31,54,23,625,36,9,0,115,57,20,68,1283,37,1,139
06075023102,2,526,19,3,2,0,0,19,113,0,0,35,0,1,0,5,0,0,0,0,1,0,0,0,0,25,0,0,0,0,0,0,0,0,0,0,0,0,0,0,0,0,0,1,47,0,1,0,133,36,0,0,2,1,0,0,0,0,0,0,39,1,1,56,48,10,255,235,34,2,191,91,37,48,2951,54,0,205
06075023103,6,472,17,5,1,0,0,24,84,0,1,48,0,1,0,10,0,0,0,0,0,0,0,0,0,23,0,0,0,0,1,0,0,0,0,0,0,0,0,0,0,0,0,0,27,0,0,13,71,29,0,0,2,2,0,0,0,0,0,0,44,2,1,41,238,24,150,93,37,51,145,35,15,49,1466,84,1,98
06075023200,10,1814,56,10,4,0,1,107,395,0,0,43,0,3,0,29,0,0,1,0,0,0,0,1,0,83,0,0,0,0,0,0,3,1,0,0,0,0,0,0,0,1,1,0,87,0,3,1,360,38,0,1,0,3,0,1,0,0,0,0,300,9,14,103,374,92,1173,12,48,0,409,88,40,160,6217,62,12,240
06075023300,19,766,31,1,1,0,0,47,166,0,0,12,0,2,0,14,0,0,0,0,0,0,0,1,0,33,0,0,0,0,0,0,1,0,0,0,0,0,0,0,0,1,0,0,62,0,3,0,156,22,0,0,0,0,0,0,0,0,0,0,290,10,0,68,86,61,468,9,13,0,120,54,20,95,2638,40,0,111
06075023400,5,889,38,6,6,0,0,87,147,0,0,69,0,0,0,17,0,0,0,0,0,0,0,0,0,59,0,0,0,0,0,0,0,0,0,0,0,0,0,0,1,1,0,0,79,0,5,0,201,35,0,0,3,1,0,0,0,0,0,0,273,3,3,63,269,26,733,72,22,472,170,69,30,136,4041,39,12,80
06075025100,18,2330,72,25,10,0,2,73,771,0,3,9,0,1,1,30,0,0,0,0,0,0,0,0,0,32,0,0,0,0,1,0,0,0,0,0,0,0,0,0,0,0,0,1,85,0,4,0,392,50,0,0,3,0,0,0,0,0,0,0,511,79,57,99,45,51,488,36,13,0,269,103,86,172,2302,153,21,274
06075025200,9,3571,64,20,39,0,0,87,386,0,0,6,0,6,0,33,1,0,0,0,0,0,0,0,0,36,0,0,0,0,0,0,2,0,0,0,0,0,0,0,0,0,0,1,112,0,1,0,232,58,0,0,11,0,0,0,0,0,0,0,552,71,268,113,111,83,707,288,18,0,352,101,122,106,2169,116,55,416
06075025300,12,1505,86,19,15,0,3,290,468,0,1,7,0,5,0,43,0,0,0,0,0,0,0,3,0,60,0,0,0,0,0,0,1,0,0,0,0,0,0,0,1,0,0,2,147,0,1,0,281,43,0,0,0,2,0,0,0,0,0,0,1404,88,145,118,287,144,777,95,24,0,266,146,148,128,4875,55,48,312
06075025401,7,787,32,11,11,0,1,53,152,0,3,15,0,1,0,17,1,0,0,0,0,0,0,1,0,34,1,0,0,0,0,0,0,0,0,0,0,0,0,0,0,0,0,0,80,0,1,0,180,31,0,1,1,0,0,1,0,0,0,0,458,7,185,73,51,44,707,109,19,3,186,80,92,88,2843,60,13,205
06075025402,31,453,61,11,15,0,0,43,119,0,0,18,0,4,0,14,0,0,0,0,0,0,0,1,0,28,0,0,0,0,0,0,0,0,0,0,0,0,0,0,0,0,0,0,68,0,2,0,148,39,4,0,0,1,0,0,0,0,0,0,255,1,46,55,65,45,526,8,40,0,191,54,71,96,1047,101,23,147
06075025403,12,865,40,17,16,0,0,86,74,0,3,13,0,0,1,7,1,0,0,0,0,0,0,0,0,22,0,0,0,0,0,0,2,0,0,0,0,0,0,0,0,1,0,0,76,0,0,0,146,38,0,0,1,0,0,0,0,0,0,0,398,8,51,61,143,71,797,75,11,5,141,45,79,139,2268,72,8,107
06075025500,28,867,52,24,34,0,0,104,255,0,1,22,0,3,0,38,3,0,0,0,0,0,0,3,0,70,1,0,0,0,1,0,2,0,0,0,0,0,0,0,0,0,0,0,151,0,4,0,362,63,0,0,6,0,0,0,0,0,0,0,1914,22,180,154,103,90,948,230,23,0,279,222,204,212,4033,190,10,364
06075025600,39,632,25,5,9,0,0,63,55,0,2,12,0,4,0,17,0,0,0,0,0,0,0,1,0,29,0,0,0,0,0,0,1,0,0,0,0,0,0,0,0,0,0,0,67,0,2,0,171,27,0,0,0,1,0,0,0,0,0,0,534,5,48,165,159,29,438,13,9,0,192,116,90,133,3783,83,7,169
06075025701,24,275,18,5,8,0,1,43,161,0,1,14,0,1,0,13,0,0,0,0,0,0,0,0,0,14,0,0,0,0,0,0,1,0,0,0,0,0,0,0,0,0,0,2,41,0,0,0,129,18,0,1,0,0,0,1,0,0,0,0,298,1,31,106,62,24,795,66,10,0,151,182,44,148,6012,50,14,115
06075025702,112,220,24,6,15,0,0,208,186,0,1,7,0,1,0,14,0,0,0,0,0,0,0,0,0,46,0,0,0,0,2,0,3,0,0,0,0,0,0,0,0,0,0,0,78,0,0,0,158,26,0,0,0,1,0,0,0,0,0,0,1249,2,42,88,407,35,559,1,12,0,211,122,68,177,9575,69,3,114
06075025800,44,186,22,10,5,0,2,36,59,0,0,7,1,3,0,3,0,0,0,0,0,0,0,0,0,11,0,0,0,0,0,0,2,0,0,0,0,0,0,0,0,0,0,0,28,0,0,0,82,8,0,0,0,0,0,0,0,0,0,0,464,3,9,27,140,18,324,7,4,0,72,28,30,83,4070,34,1,125
06075025900,14,2135,19,3,8,0,2,23,139,0,1,13,0,0,0,14,0,0,0,0,0,0,0,0,0,28,0,0,0,0,0,0,0,0,0,0,0,0,0,0,2,0,0,0,58,0,2,0,145,26,0,0,1,0,0,0,0,0,0,0,195,4,4,50,40,47,420,33,7,0,104,57,46,184,2571,72,1,142
06075026001,17,428,48,6,11,0,0,195,160,0,9,13,0,5,0,18,0,0,0,0,1,0,0,0,0,35,0,0,0,0,0,0,1,0,0,0,0,0,0,0,0,0,0,0,110,1,0,0,214,52,0,0,0,0,0,0,0,0,0,0,1697,23,83,142,160,96,2031,85,14,0,179,150,197,85,5077,68,5,152
06075026002,11,307,19,6,3,0,0,82,32,0,0,13,0,4,0,38,0,0,0,0,0,0,0,1,0,27,0,0,0,0,0,0,0,0,0,0,0,0,0,0,0,0,0,0,57,1,4,0,151,31,0,0,0,0,0,0,0,0,0,0,449,4,50,322,187,24,807,41,11,0,100,53,50,58,2279,43,5,127
06075026003,1,351,34,1,6,0,0,25,31,0,1,6,0,2,0,11,0,0,0,0,0,0,0,1,0,25,0,0,0,0,0,0,0,0,0,0,1,0,0,0,0,0,0,0,38,0,0,0,177,18,0,1,0,0,0,0,0,0,0,0,278,1,7,133,53,58,1941,29,8,0,147,64,33,47,2422,40,0,153
06075026004,14,342,57,4,10,0,0,82,84,0,0,9,0,0,0,13,0,0,0,0,0,0,0,0,0,22,1,0,0,0,0,0,0,0,0,0,0,0,0,0,0,0,0,0,51,0,1,0,124,27,0,0,0,0,0,0,0,0,0,0,405,5,15,21,17,40,1176,4,11,0,166,66,47,48,2553,53,2,83
06075026100,26,300,59,21,19,0,0,239,329,0,0,22,1,0,1,16,0,0,0,0,0,0,0,0,0,28,0,0,0,0,0,0,1,0,0,0,0,1,0,0,0,0,1,0,122,0,1,0,260,49,0,0,0,0,0,0,0,0,0,0,1625,21,130,124,413,47,891,23,13,0,289,151,167,138,5545,157,11,229
06075026200,24,525,57,7,23,0,0,30,214,0,1,21,0,6,0,27,0,0,0,0,0,0,0,1,0,56,1,0,0,0,1,0,3,0,0,0,0,0,0,0,0,0,0,0,72,0,7,0,264,29,0,0,1,1,0,1,0,0,0,0,402,5,48,60,6,51,1037,84,19,0,192,117,83,141,3072,102,3,226
06075026301,6,250,24,1,16,0,0,96,78,0,0,15,0,1,0,12,0,0,0,0,0,0,0,0,0,27,0,0,0,0,1,0,0,0,0,0,0,0,0,0,0,0,0,0,44,0,1,0,81,15,0,0,0,0,0,0,0,0,0,0,525,4,81,44,250,35,636,10,17,0,203,69,50,88,2343,93,4,109
06075026302,5,320,30,1,8,0,0,28,22,0,2,15,0,3,1,5,0,0,0,0,0,0,0,2,0,21,0,0,0,0,0,0,3,0,0,0,0,0,0,0,0,0,0,0,44,0,4,0,92,20,0,0,3,0,0,0,0,0,0,0,95,0,21,31,103,23,310,221,5,0,142,27,38,55,867,82,2,98
06075026303,6,211,22,2,13,0,1,40,41,0,1,15,0,4,0,13,0,0,0,0,0,0,0,0,0,18,0,0,0,0,0,0,1,0,0,0,0,0,0,0,0,0,0,0,46,0,0,0,134,12,0,0,0,0,0,1,0,0,0,0,134,0,56,44,81,14,525,18,11,0,94,65,65,49,946,69,1,81
06075026401,3,371,8,3,5,0,0,12,10,0,0,12,0,0,0,8,0,0,0,0,0,0,0,0,0,16,0,0,0,0,0,0,0,0,0,0,0,0,0,0,0,0,0,0,27,0,0,0,57,8,0,0,5,0,0,0,0,0,0,0,40,0,1,26,13,30,525,43,5,0,75,39,14,34,1389,27,2,30
06075026402,3,480,18,1,5,0,1,17,26,0,0,6,0,3,0,6,0,0,0,0,0,0,1,0,1,25,0,0,0,0,0,0,1,0,0,0,0,0,0,0,0,0,0,0,32,0,0,1,143,25,0,0,0,0,0,0,0,0,0,0,238,2,0,36,31,23,465,49,1,0,157,66,24,90,1472,44,1,104
06075026403,1,143,15,6,6,0,0,75,73,0,0,16,0,2,0,7,0,0,0,0,0,0,0,0,0,22,0,0,0,0,0,0,1,0,0,0,0,0,0,0,0,1,0,0,32,0,1,0,123,13,0,0,1,0,0,0,0,0,0,0,411,8,6,57,127,20,412,81,9,0,131,94,43,84,3723,58,20,57
06075026404,0,129,6,1,1,0,0,8,1,0,0,8,0,1,1,2,0,0,0,0,0,0,0,0,0,5,0,0,0,0,0,0,0,0,0,0,0,0,0,0,0,0,0,0,16,0,0,0,53,9,0,0,0,0,0,0,0,0,0,0,11,0,1,5,76,20,127,13,7,167,27,24,11,27,504,23,0,13
06075030101,8,201,73,10,9,0,0,99,76,0,3,17,0,1,0,16,0,0,0,0,0,0,0,0,0,19,0,0,0,0,0,0,0,0,0,0,0,0,0,0,0,0,0,1,81,0,0,0,187,33,0,0,1,0,0,0,0,0,0,0,1306,13,235,75,167,55,877,8,10,0,216,67,123,92,2193,94,49,203
06075030102,8,943,42,12,6,0,0,71,57,0,4,25,0,2,1,11,0,0,0,0,0,0,0,0,0,13,0,0,0,0,0,0,0,0,0,0,0,0,0,0,0,0,0,0,53,0,0,0,112,56,0,0,2,0,0,0,0,0,0,0,392,4,151,35,78,40,325,67,6,0,177,66,90,96,742,83,29,246
06075030201,12,376,36,22,10,0,0,117,129,0,0,12,0,6,0,25,0,0,0,0,0,0,0,0,0,23,0,0,0,0,0,0,0,0,0,0,0,0,1,0,0,0,0,0,66,0,1,0,116,24,0,0,0,0,0,0,0,0,0,0,998,14,158,54,260,71,581,8,8,0,95,59,87,142,1888,32,7,125
06075030202,5,240,113,15,9,0,0,294,96,0,0,9,0,2,0,27,0,0,0,0,0,0,0,0,0,33,0,0,0,0,1,0,1,0,0,0,0,0,0,0,0,0,0,1,74,0,0,0,225,43,0,0,0,0,0,0,0,0,0,0,1716,104,352,98,419,81,789,23,20,0,195,85,110,158,3311,45,29,178
06075030301,16,1194,41,13,7,0,0,45,22,0,0,17,0,5,0,9,1,0,0,0,0,0,0,2,0,13,0,0,0,1,0,0,1,0,0,0,0,0,0,0,0,1,0,0,74,0,3,0,158,41,0,1,0,3,0,0,0,0,0,0,487,1,157,84,81,67,708,55,8,0,243,66,80,162,1369,119,14,212
06075030302,8,1059,17,13,6,0,2,23,11,0,2,9,0,0,0,13,0,0,0,0,0,0,0,0,0,14,0,0,0,0,0,0,0,0,0,0,0,0,0,0,0,0,0,0,40,0,2,0,108,17,0,0,0,0,0,0,0,0,0,0,178,1,80,32,40,12,290,82,8,0,133,58,77,207,763,132,4,134
06075030400,5,500,32,11,2,0,1,42,29,0,3,29,0,2,0,14,1,0,0,0,0,0,0,1,0,22,0,0,0,0,0,0,1,0,0,0,0,0,0,0,0,0,0,2,71,0,3,0,155,55,0,0,1,0,0,0,0,0,0,0,424,6,134,35,84,17,244,22,8,0,195,130,133,176,835,105,7,301
06075030500,4,944,36,9,0,0,0,31,38,0,0,27,0,3,0,9,0,0,0,0,0,0,0,0,0,14,0,0,0,0,0,0,0,0,0,0,0,0,0,0,0,0,0,0,36,0,1,0,90,29,0,0,7,0,0,0,0,0,0,0,232,4,27,37,60,15,66,92,8,0,56,55,82,93,355,35,2,111
06075030600,6,331,24,1,5,0,1,73,13,1,2,20,0,1,0,12,0,0,0,0,0,0,0,0,0,22,0,0,0,0,0,0,1,0,0,0,0,0,0,0,0,0,0,0,74,0,1,0,104,14,0,0,0,0,0,0,0,0,0,0,283,2,111,24,234,11,181,12,2,0,149,45,103,104,332,84,4,157
06075030700,16,1665,71,22,17,0,0,42,13,0,2,41,1,7,0,53,0,0,0,0,0,0,0,0,0,83,1,0,0,0,1,0,1,0,0,0,2,0,0,0,0,0,0,1,86,0,2,0,291,57,0,0,3,0,0,0,0,0,0,0,188,2,141,85,105,34,275,209,8,0,196,119,73,158,473,201,18,251
06075030800,8,231,101,13,16,0,0,308,81,0,4,38,0,4,0,15,0,0,0,0,0,0,0,4,0,34,1,0,0,0,0,0,0,0,0,0,0,0,0,0,0,0,0,0,108,0,1,0,191,57,0,0,3,0,0,0,0,0,0,0,938,20,322,57,516,46,350,79,6,0,310,106,202,209,1261,261,21,421
06075030900,27,578,76,23,5,0,0,184,87,0,0,66,1,3,1,46,0,0,0,0,0,0,0,0,0,63,1,0,0,0,0,0,0,0,0,0,0,0,0,0,1,0,0,0,164,0,6,0,332,56,0,0,2,0,0,0,0,0,0,0,961,28,279,69,483,47,177,169,19,0,307,155,253,362,1276,323,7,521
06075031000,6,723,33,14,6,0,2,75,33,0,1,43,0,4,0,20,0,0,0,0,0,0,0,1,0,40,1,0,0,0,0,0,0,0,0,0,0,0,0,0,0,1,0,0,63,0,3,0,158,32,0,0,0,1,0,0,0,0,0,0,456,1,98,56,169,30,211,9,5,0,103,161,77,127,909,101,13,153
06075031100,33,1288,81,8,30,0,1,191,308,0,4,61,0,10,0,17,0,0,0,0,0,0,0,1,0,40,1,0,0,0,0,0,0,1,0,0,0,0,0,0,0,0,0,0,151,0,2,0,307,59,0,0,1,0,0,0,0,0,0,0,1137,7,309,95,303,34,869,37,19,0,372,128,199,225,2423,181,10,477
06075031201,3,576,29,5,30,0,1,108,61,0,0,12,0,3,0,43,0,0,0,0,0,0,0,1,0,36,0,0,0,0,0,0,0,0,0,0,0,0,0,0,0,0,0,0,89,0,4,0,242,14,0,0,0,0,0,0,0,0,0,0,540,6,109,73,210,95,885,3,19,0,171,62,85,43,3208,75,3,197
06075031202,5,676,15,1,8,0,0,32,23,0,1,6,0,1,1,9,0,0,0,0,0,0,0,0,0,16,0,0,0,0,0,0,2,0,0,0,0,0,0,0,1,1,0,0,39,0,2,0,162,19,0,2,0,0,0,1,0,0,0,0,222,2,32,33,167,30,456,37,11,0,71,41,75,37,1242,57,2,149
06075031301,8,542,18,2,5,0,0,13,7,0,0,14,0,1,1,11,0,0,0,0,0,1,0,0,0,20,0,0,0,0,0,0,0,0,0,0,0,0,0,0,0,0,0,0,43,0,2,0,86,17,0,0,0,0,0,0,0,0,0,0,133,3,86,64,101,42,261,22,2,0,88,23,73,69,587,80,1,111
06075031302,21,769,30,8,7,0,2,36,265,0,4,8,0,1,0,16,0,0,0,0,0,0,0,0,0,41,0,0,0,0,0,0,3,0,0,0,0,0,0,0,0,0,0,0,59,0,2,0,233,20,0,0,1,1,0,0,0,0,0,0,480,4,93,140,112,69,614,139,22,83,107,87,105,144,3550,77,4,251
06075031400,8,1421,42,13,14,0,5,29,179,0,1,10,0,3,0,27,0,0,0,0,0,0,0,0,0,32,1,0,0,0,0,0,2,0,0,0,0,0,0,0,0,0,0,0,104,0,4,0,232,18,0,0,4,0,0,0,0,0,0,0,196,2,52,452,119,40,1833,132,31,0,222,50,74,116,3652,92,4,173
06075032601,4,355,102,9,9,1,0,383,122,0,2,8,0,4,0,20,0,0,0,0,0,0,0,0,0,50,0,0,0,0,0,0,0,0,0,0,0,0,0,0,0,0,0,0,72,0,1,0,182,25,0,0,0,0,0,0,0,0,0,0,1918,29,376,119,116,32,688,13,13,0,164,67,120,125,2683,68,14,132
06075032602,3,671,5,11,4,0,0,4,37,0,0,2,0,0,0,7,0,0,0,0,0,0,0,1,0,12,0,0,0,0,0,0,2,0,0,0,1,0,0,0,0,0,0,0,31,0,1,0,92,11,0,1,0,0,0,0,0,0,0,0,392,2,102,49,27,18,466,4,4,0,135,27,39,77,1113,55,9,84
06075032700,1,1071,41,4,8,0,0,29,66,0,0,12,0,1,0,13,0,0,0,0,0,0,0,0,0,27,0,0,0,0,0,0,0,0,0,0,0,0,0,0,0,0,0,0,66,0,1,0,175,21,0,0,1,1,0,0,0,0,0,0,1154,2,311,96,183,47,758,67,13,0,208,53,93,153,2074,88,7,143
06075032801,5,402,16,1,7,0,0,40,22,0,0,10,0,3,0,10,0,0,0,0,0,0,0,0,0,20,0,0,0,0,0,0,0,0,0,0,0,0,0,0,0,0,0,0,35,0,3,0,96,13,0,0,1,0,0,0,0,0,0,0,413,3,35,43,21,16,531,37,12,0,150,67,48,88,965,41,11,97
06075032802,5,577,20,3,4,0,0,47,43,0,0,3,0,2,0,10,0,0,0,0,0,0,0,0,0,15,0,0,0,0,0,0,0,0,0,0,1,0,0,0,0,0,0,0,44,0,4,0,102,15,0,1,0,0,0,0,0,0,0,0,212,5,115,66,56,18,352,10,6,0,103,47,41,79,1091,75,9,87
06075032901,3,929,23,2,4,0,0,20,40,0,0,6,0,1,0,16,1,0,0,0,0,0,0,0,0,18,0,0,0,0,0,0,0,0,0,0,0,0,0,0,0,0,0,0,45,0,1,0,110,21,0,0,1,0,0,1,0,0,0,0,465,4,62,28,50,31,491,9,25,0,117,39,52,122,904,74,4,122
06075032902,1,373,16,0,2,0,0,98,23,0,1,2,0,1,0,7,0,0,0,0,0,0,0,0,0,26,0,0,0,0,0,0,3,0,0,0,0,0,0,0,0,0,0,0,32,0,2,0,78,6,0,0,0,0,0,1,0,0,0,0,267,6,187,66,80,19,217,6,6,0,92,29,44,84,699,47,1,84
06075033000,14,1730,54,10,18,0,0,128,89,1,3,23,0,3,1,17,0,0,0,0,0,0,0,2,0,61,0,0,0,0,0,0,0,0,0,0,0,0,0,0,0,0,0,0,90,0,7,0,191,57,0,0,14,1,0,0,0,0,0,0,902,13,120,128,331,68,814,450,10,0,345,138,129,224,2093,198,7,226
06075033100,7,424,17,5,0,0,0,89,31,0,0,37,1,2,0,14,0,0,0,0,0,0,0,0,0,27,0,0,0,0,0,0,1,0,0,0,0,0,0,0,0,0,0,0,68,0,1,0,97,19,0,0,0,0,0,0,0,0,0,0,223,2,58,20,178,24,123,20,3,0,72,53,114,135,380,79,4,123
06075033201,5,59,3,4,0,0,0,71,23,0,0,21,0,0,0,1,0,0,0,0,0,0,0,0,0,20,0,0,1,0,0,0,0,0,0,0,0,0,0,0,0,0,0,1,29,0,0,0,18,16,0,0,1,1,0,0,0,0,0,0,215,4,35,7,301,4,24,67,7,0,44,21,62,67,214,20,4,22
06075033203,1,156,2,2,2,0,0,9,4,0,0,5,0,0,0,0,0,0,0,0,0,0,0,0,0,12,0,0,0,0,0,0,0,0,0,0,0,0,0,0,0,0,0,0,25,0,1,0,10,6,0,0,1,0,0,0,0,0,0,0,24,0,16,5,32,10,207,3,13,0,17,1,31,41,76,20,5,9
06075033204,1,79,4,3,0,0,0,13,2,0,0,3,0,0,0,2,0,0,0,0,0,0,0,0,1,13,0,0,0,0,0,0,0,0,0,0,0,0,0,0,0,0,0,0,26,0,0,0,13,3,0,0,0,0,0,0,0,0,0,0,33,0,11,2,43,7,70,4,15,0,6,8,29,72,40,25,6,8
06075035100,10,790,68,6,5,0,0,35,48,0,0,16,0,3,0,7,0,0,0,0,0,0,0,0,0,17,0,0,0,0,0,0,0,0,0,0,0,0,0,0,0,0,0,0,69,0,1,0,229,39,0,0,1,0,0,0,0,0,0,0,1167,4,253,152,93,59,713,18,10,0,248,69,120,184,2147,135,8,131
06075035201,6,929,42,6,8,0,0,53,73,0,2,8,0,4,0,7,0,0,0,0,0,0,0,0,0,12,0,0,0,0,0,0,0,0,0,0,0,0,0,0,0,0,0,0,49,0,3,0,146,27,0,0,2,0,0,2,0,0,0,0,866,10,105,118,137,51,470,92,10,49,198,57,81,96,1485,90,5,52
06075035202,12,335,46,2,6,0,0,24,109,0,0,15,0,0,0,22,0,0,0,0,0,0,0,0,0,29,0,0,0,0,0,0,0,1,0,0,0,0,0,0,0,0,0,1,50,0,3,0,196,13,0,0,3,0,0,1,0,0,0,0,1597,17,335,68,221,59,745,39,18,0,169,57,120,74,2081,69,5,78
06075035300,15,1140,29,10,7,0,0,49,51,0,1,15,0,7,0,15,0,0,0,0,0,0,0,0,0,34,0,0,0,0,1,0,0,0,0,0,0,0,2,0,0,0,0,0,49,0,0,0,157,24,0,0,3,0,0,0,0,0,0,0,516,4,67,73,47,35,741,242,14,0,177,105,88,131,2231,94,4,90
06075035400,30,1090,51,11,10,0,2,54,63,0,5,11,0,4,1,29,0,0,0,0,0,0,0,1,1,41,0,0,0,0,0,0,2,1,0,0,0,0,0,0,1,0,0,3,66,0,5,0,164,39,0,0,1,0,0,0,0,0,0,0,836,7,64,92,288,61,500,22,17,61,244,142,92,123,2210,179,2,84
06075040100,6,124,75,4,8,0,2,171,129,0,0,1,0,0,0,19,0,0,0,0,0,0,0,0,0,42,1,0,0,0,1,0,1,0,0,0,0,0,0,0,0,0,0,0,83,0,1,0,117,12,0,0,0,1,0,1,0,0,0,0,1278,41,196,58,174,62,562,3,10,0,153,63,81,58,1974,51,22,145
06075040200,17,203,72,14,9,0,0,259,421,0,1,23,0,2,0,21,0,0,0,0,0,0,0,0,1,44,0,0,0,0,0,0,1,0,0,0,0,0,2,0,0,0,0,1,72,0,3,0,237,14,0,0,3,0,0,1,0,0,0,0,1644,31,200,104,130,103,558,199,22,0,199,116,130,126,4438,104,30,254
06075042601,6,600,50,6,10,0,0,93,68,0,0,2,0,5,0,10,0,0,0,0,0,0,0,1,0,20,0,0,0,1,0,0,0,0,0,0,0,0,0,0,0,0,0,2,51,0,1,0,134,22,0,0,0,0,0,0,0,0,0,0,510,24,51,110,36,37,570,5,13,0,165,24,73,57,2422,35,10,76
06075042602,2,356,36,5,9,0,0,60,412,0,0,5,0,0,0,18,0,0,0,0,0,0,0,0,0,21,0,0,0,0,0,0,1,0,0,0,0,0,0,0,0,0,0,0,37,0,0,0,106,14,0,0,0,0,0,0,0,0,0,0,577,37,47,29,48,29,464,29,13,0,118,29,75,100,1514,22,23,107
06075042700,1,557,51,19,5,0,0,60,55,0,1,7,0,3,0,14,0,0,0,0,0,0,0,1,0,16,0,0,0,0,0,0,1,0,0,0,0,0,0,0,0,0,0,0,61,0,1,0,198,12,0,0,2,0,0,0,0,0,0,0,420,41,79,55,115,124,578,75,18,8,163,65,52,129,2566,66,17,107
06075042800,6,1123,11,13,8,0,0,10,55,0,0,4,0,1,0,8,0,0,0,0,0,0,0,0,0,7,0,0,0,0,0,0,0,0,0,0,0,0,0,0,0,0,0,0,36,0,0,0,70,25,0,0,0,0,0,0,0,0,0,0,131,1,27,7,5,11,198,6,2,0,132,44,36,95,338,82,24,116
06075045100,3,225,36,5,9,0,0,114,64,0,1,7,0,1,0,18,0,0,0,0,0,0,0,0,0,27,0,0,0,0,0,0,1,0,0,0,0,0,0,0,0,0,0,0,51,0,0,0,147,14,0,0,1,0,0,0,0,0,0,0,789,9,247,57,184,57,637,13,28,0,124,50,47,74,2049,59,2,214
06075045200,10,601,50,20,6,0,0,212,198,0,1,7,0,3,0,18,0,0,0,0,2,0,0,1,0,22,0,0,0,0,0,0,0,0,0,0,0,0,0,0,0,0,0,1,98,0,0,0,196,37,0,0,1,2,0,0,0,0,0,0,1096,16,224,107,207,73,808,67,18,0,173,70,92,193,4062,105,15,197
06075047600,4,752,45,8,15,0,0,243,177,0,3,7,0,1,0,15,0,0,0,0,0,0,0,1,0,18,0,0,0,0,0,0,0,0,0,0,0,0,0,0,1,1,0,0,61,0,1,0,149,25,0,0,5,1,0,0,0,0,0,0,798,11,91,55,133,53,835,145,12,0,165,55,90,149,2443,42,16,189
06075047701,7,305,48,7,7,0,1,172,61,0,0,20,0,2,0,10,0,0,0,0,0,0,0,1,0,26,0,0,0,0,1,0,0,0,0,0,1,0,0,0,0,0,0,0,63,0,1,0,128,16,0,0,0,0,0,1,0,0,0,0,435,12,60,55,155,59,1573,10,13,0,114,52,56,105,2809,60,7,114
06075047702,4,326,24,1,10,0,0,25,26,0,1,2,0,1,0,2,0,0,0,0,0,0,0,2,0,8,0,0,0,0,0,0,0,0,0,0,0,0,0,0,0,0,0,0,35,0,1,0,96,16,0,0,2,0,0,0,0,0,0,0,437,1,61,41,41,32,979,35,6,0,126,45,28,72,1303,53,9,89
06075047801,5,802,29,5,11,0,2,90,34,0,0,17,0,4,0,18,0,0,0,0,0,0,0,0,0,15,0,0,0,0,0,0,0,0,0,0,0,0,0,0,0,0,0,0,35,0,0,0,102,21,0,0,0,0,0,0,0,0,0,0,525,7,185,49,223,31,500,3,4,0,132,38,62,81,1676,57,6,117
06075047802,0,363,32,7,3,0,0,78,18,0,1,10,0,1,0,18,0,0,0,0,0,0,0,0,0,18,0,0,0,0,0,0,1,0,0,0,0,0,0,0,0,0,0,0,30,0,0,0,191,14,0,0,4,1,0,0,0,0,0,0,392,17,66,26,36,24,582,9,7,0,96,60,61,40,1662,40,3,108
06075047901,15,1474,49,7,9,0,1,48,372,0,0,24,0,3,0,18,0,0,0,0,0,0,0,0,0,21,0,0,0,0,0,0,0,2,0,0,0,0,0,0,0,0,0,0,67,0,3,0,278,30,0,0,5,0,0,0,0,0,0,0,1132,282,262,440,101,80,798,172,10,0,250,97,131,105,3115,118,14,182
06075047902,7,1238,36,0,2,0,0,19,47,0,1,11,0,0,1,28,0,0,0,0,0,0,0,1,0,34,0,0,0,0,0,0,0,0,0,0,0,0,0,0,0,0,0,0,44,0,0,0,248,19,0,0,2,0,0,0,0,0,0,0,283,393,26,64,135,19,426,20,11,0,95,129,77,72,1815,58,4,164
06075060100,11,73,7,0,0,0,0,22,74,0,0,0,0,0,0,2,0,0,0,0,0,0,1,1,0,1,0,0,0,0,0,0,0,0,0,0,0,0,0,0,0,0,0,0,15,0,0,1,37,1,0,0,2,1,0,0,0,0,0,0,122,13,12,9,73,5,42,110,0,0,6,7,31,78,199,20,5,29
06075060400,12,110,3,5,0,0,0,55,62,0,0,22,2,0,0,0,1,0,0,0,0,0,0,0,0,4,0,0,0,0,0,0,0,0,0,0,0,0,0,0,0,0,0,0,37,0,0,0,37,8,0,0,3,2,0,0,0,0,0,0,141,5,106,11,121,12,32,170,4,0,29,15,89,222,497,28,1,78
06075060502,0,69,4,0,0,0,0,9,15,0,1,5,0,1,0,2,0,0,0,0,0,0,0,0,1,11,0,0,0,0,0,0,0,0,0,0,0,0,0,0,0,0,0,0,17,0,0,0,22,7,0,0,0,0,0,0,0,0,0,0,21,1,0,8,58,7,74,2,21,2038,49,12,14,35,490,15,1,21
06075060700,30,369,444,45,10,0,0,793,7355,0,4,11,0,2,2,22,1,0,0,0,0,0,0,2,0,59,0,0,0,4,0,0,1,1,0,0,0,0,0,0,0,1,0,1,486,0,4,24,589,89,1,0,1,3,0,0,0,0,0,0,1214,616,256,304,927,630,1871,116,24,0,306,236,220,322,8370,323,134,209
06075061000,14,811,34,4,3,0,1,111,82,0,1,24,0,3,0,5,1,0,0,0,0,0,0,0,0,41,0,0,0,0,0,0,0,0,1,0,0,0,0,0,0,0,0,0,60,0,1,1,161,39,0,0,1,0,0,0,0,0,0,0,435,8,2,161,268,50,239,86,12,0,138,37,51,283,1843,113,1,144
06075061100,5,24,78,14,0,0,0,432,387,0,1,4,0,1,3,8,0,0,0,0,0,0,0,1,0,55,0,0,0,0,0,1,2,0,0,0,1,0,0,0,0,1,1,0,97,0,0,0,315,43,0,0,7,3,0,0,0,0,0,0,3083,45,115,125,164,70,184,311,43,2,186,120,186,204,6324,150,214,59
06075061200,4,739,42,8,7,0,0,164,595,0,0,29,0,4,1,29,0,0,0,0,0,0,0,1,0,67,0,0,0,0,0,0,2,0,0,0,0,0,0,0,0,0,0,2,92,0,6,0,357,30,0,0,1,0,0,0,0,0,0,0,630,219,93,130,585,102,842,89,32,0,349,256,96,147,10803,124,4,355
06075061400,19,704,90,16,4,0,0,81,352,0,1,41,0,0,0,22,0,0,0,0,0,0,0,0,0,25,0,0,0,0,0,0,0,0,0,0,0,0,0,0,0,0,0,0,135,0,0,0,271,32,0,0,2,0,0,2,0,0,0,0,619,27,25,93,109,61,554,62,34,1918,259,263,97,202,2182,104,44,238
06075061500,70,296,680,41,10,1,3,1574,9753,0,5,11,5,17,1,42,1,0,0,0,0,0,0,4,0,133,2,1,0,1,1,0,8,3,0,0,0,0,0,0,0,1,0,1,839,2,8,60,1502,162,0,0,4,15,0,0,0,0,0,0,2702,998,425,1231,2493,1378,3034,189,52,0,580,496,541,1011,14695,798,810,429
06075980200,3,98,0,1,1,0,1,7,47,0,1,0,1,0,0,0,0,0,0,0,0,0,0,0,0,2,0,0,0,0,0,0,0,0,0,0,0,0,0,0,0,0,0,0,4,0,0,0,5,0,0,0,3,0,0,0,0,0,0,0,53,53,13,3,12,2,17,217,0,0,7,9,17,12,275,2,0,7
06075980300,24,425,44,16,0,0,0,265,761,0,5,46,0,0,0,1,0,0,0,0,0,0,0,0,0,5,0,0,0,0,0,0,0,0,0,0,0,0,0,0,0,0,0,0,188,0,0,0,151,23,0,0,57,0,0,0,0,0,0,0,2175,294,216,56,363,72,296,3612,1,0,195,30,293,709,3075,281,4,164
06075980501,1,359,12,6,5,0,0,39,103,0,3,10,0,0,0,1,0,0,0,0,0,0,0,0,0,5,0,0,0,0,1,0,1,0,0,0,0,0,0,0,0,0,0,0,28,0,1,0,43,8,0,0,11,2,0,0,0,0,0,0,261,3,5,21,37,23,90,1362,2,107,42,19,47,54,991,40,0,84
06075980600,1,266,1,0,1,0,0,3,34,0,0,4,0,4,0,1,0,0,0,0,0,1,0,0,0,7,0,0,0,0,0,0,0,0,0,0,0,0,0,0,0,0,0,0,8,0,0,0,14,11,0,0,0,0,0,0,0,0,0,0,7,4,0,15,91,145,76,9,3,0,20,9,6,19,509,15,2,9
06075980900,25,3315,92,27,12,0,124,221,3896,0,5,44,2,3,0,7,4,0,0,0,0,0,0,2,0,89,0,0,0,1,0,0,10,1,0,0,0,0,0,0,0,1,0,9,232,0,5,18,701,108,0,0,0,1,0,0,0,0,0,0,1917,199,94,201,558,77,736,54,10,3,368,320,176,705,11014,221,6,221
